"Name","Source","Page","Rarity","Type","Attunement","Damage","Properties","Mastery","Weight","Value","Text"
"+1 All-Purpose Tool","TCE","119","uncommon","Wondrous Item, Spellcasting Focus","requires attunement by an artificer","","","","","","This simple screwdriver can transform into a variety of tools; as an action, you can touch the item and transform it into any type of artisan's tool of your choice (see the ""Equipment"" chapter in the Player's Handbook for a list of artisan's tools). Whatever form the tool takes, you are proficient with it.While holding this tool, you gain a +1 bonus to the spell attack rolls and the saving throw DCs of your artificer spells.As an action, you can focus on the tool to channel your creative forces. Choose a cantrip that you don't know from any class list. For 8 hours, you can cast that cantrip, and it counts as an artificer cantrip for you. Once this property is used, it can't be used again until the next dawn."
"+1 Ammunition","DMG'24","228","uncommon","Ammunition, Generic Variant","","","","","","","You have a +1 bonus to attack and damage rolls made with this piece of magic ammunition. Once it hits a target, the ammunition is no longer magical.This ammunition is typically found or sold in quantities of ten or twenty pieces. Ten pieces of this ammunition are equivalent in value to a potion of the same rarity (200 GP). Base items. This item variant can be applied to the following base items:Arrow (+1 Arrow)Bolt (+1 Bolt)Energy Cell (+1 Energy Cell)Firearm Bullet (+1 Firearm Bullet)Needle (+1 Needle)Sling Bullet (+1 Sling Bullet)"
"+1 Amulet of the Devout","TCE","119","uncommon","Wondrous Item","requires attunement by a cleric or paladin","","","","1 lb.","","This amulet bears the symbol of a deity inlaid with precious stones or metals. While you wear the holy symbol, you gain a +1 bonus to spell attack rolls and the saving throw DCs of your spells.While you wear this amulet, you can use your Channel Divinity feature without expending one of the feature's uses. Once this property is used, it can't be used again until the next dawn."
"+1 Arcane Grimoire","TCE","120","uncommon","Wondrous Item, Spellcasting Focus","requires attunement by a wizard","","","","3 lb.","","While you are holding this leather-bound book, you can use it as a spellcasting focus for your wizard spells, and you gain a +1 bonus to spell attack rolls and to the saving throw DCs of your wizard spells.You can use this book as a spellbook. In addition, when you use your Arcane Recovery feature, you can increase the number of spell slot levels you regain by 1."
"+1 Armor","DMG'24","230","rare","Generic Variant","","","","","","","You have a +1 bonus to AC while wearing this armor. Base items. This item variant can be applied to the following base items:Breastplate (+1 Breastplate)Chain Mail (+1 Chain Mail)Chain Shirt (+1 Chain Shirt)Half Plate Armor (+1 Half Plate Armor)Hide Armor (+1 Hide Armor)Leather Armor (+1 Leather Armor)Padded Armor (+1 Padded Armor)Plate Armor (+1 Plate Armor)Ring Mail (+1 Ring Mail)Scale Mail (+1 Scale Mail)Splint Armor (+1 Splint Armor)Studded Leather Armor (+1 Studded Leather Armor)"
"+1 Bloodwell Vial","TCE","122","uncommon","Wondrous Item, Spellcasting Focus","requires attunement by a sorcerer","","","","","","To attune to this vial, you must place a few drops of your blood into it. The vial can't be opened while your attunement to it lasts. If your attunement to the vial ends, the contained blood turns to ash. You can use the vial as a spellcasting focus for your spells while wearing or holding it, and you gain a +1 bonus to spell attack rolls and to the saving throw DCs of your sorcerer spells.In addition, when you roll any Hit Dice to recover hit points while you are carrying the vial, you can regain 5 sorcery points. This property of the vial can't be used again until the next dawn."
"+1 Moon Sickle","TCE","133","uncommon","Weapon (Sickle), Simple Weapon, Melee Weapon","requires attunement by a druid or ranger","1d4 Slashing","light","","2 lb.","","This silver-bladed sickle glimmers softly with moonlight. While holding this magic weapon, you gain a +1 bonus to attack and damage rolls made with it, and you gain a +1 bonus to spell attack rolls and the saving throw DCs of your druid and ranger spells. In addition, you can use the sickle as a spellcasting focus for your druid and ranger spells.When you cast a spell that restores hit points, you can roll a d4 and add the number rolled to the amount of hit points restored, provided you are holding the sickle. Light. A light weapon is small and easy to handle, making it ideal for use when fighting with two weapons."
"+1 Rhythm-Maker's Drum","TCE","134","uncommon","Wondrous Item, Instrument (Drum)","requires attunement by a bard","","","","3 lb.","","While holding this drum, you gain a +1 bonus to spell attack rolls and to the saving throw DCs of your bard spells.As an action, you can play the drum to regain one use of your Bardic Inspiration feature. This property of the drum can't be used again until the next dawn.If you have proficiency with a given musical instrument, you can add your proficiency bonus to any ability checks you make to play music with the instrument. A bard can use a musical instrument as a spellcasting focus. Each type of musical instrument requires a separate proficiency.See the Tool Proficiencies entry for more information.Proficiency with a musical instrument indicates you are familiar with the techniques used to play it. You also have knowledge of some songs commonly performed with that instrument. History. Your expertise aids you in recalling lore related to your instrument. Performance. Your ability to put on a good show is improved when you incorporate an instrument into your act. Compose a Tune. As part of a long rest, you can compose a new tune and lyrics for your instrument. You might use this ability to impress a noble or spread scandalous rumors with a catchy tune.Musical InstrumentActivityDCIdentify a tune10Improvise a tune20"
"+1 Rod of the Pact Keeper","DMG'24","301","uncommon","Rod","requires attunement by a warlock","","","","2 lb.","","While holding this rod, you gain a +1 bonus to spell attack rolls and to the saving throw DCs of your Warlock spells.In addition, you can regain one spell slot as a Magic action while holding the rod. You can't use this property again until you finish a Long Rest."
"+1 Shield (*)","DMG'24","303","uncommon","Generic Variant","","","","","","","* This generic variant has the same name and source as the item +1 Shield.While holding this Shield, you have a +1 bonus to Armor Class, in addition to the Shield's normal bonus to AC. Base items. This item variant can be applied to the following base items:Shield (+1 Shield)"
"+1 Wand of the War Mage","DMG'24","322","uncommon","Wand","requires attunement by a spellcaster","","","","1 lb.","","While holding this wand, you gain a +1 bonus to spell attack rolls. In addition, you ignore Half Cover when making a spell attack roll."
"+1 Weapon","DMG'24","324","uncommon","Generic Variant","","","","","","","You have a +1 bonus to attack and damage rolls made with this magic weapon. Base items. This item variant can be applied to the following base items:Antimatter Rifle (+1 Antimatter Rifle)Automatic Rifle (+1 Automatic Rifle)Battleaxe (+1 Battleaxe)Blowgun (+1 Blowgun)Club (+1 Club)Dagger (+1 Dagger)Dart (+1 Dart)Double-Bladed Scimitar (+1 Double-Bladed Scimitar)Flail (+1 Flail)Glaive (+1 Glaive)Greataxe (+1 Greataxe)Greatclub (+1 Greatclub)Greatsword (+1 Greatsword)Halberd (+1 Halberd)Hand Crossbow (+1 Hand Crossbow)Handaxe (+1 Handaxe)Heavy Crossbow (+1 Heavy Crossbow)Hooked Shortspear (+1 Hooked Shortspear)Hoopak (+1 Hoopak)Hunting Rifle (+1 Hunting Rifle)Javelin (+1 Javelin)Lance (+1 Lance)Laser Pistol (+1 Laser Pistol)Laser Rifle (+1 Laser Rifle)Light Crossbow (+1 Light Crossbow)Light Hammer (+1 Light Hammer)Light Repeating Crossbow (+1 Light Repeating Crossbow)Longbow (+1 Longbow)Longsword (+1 Longsword)Mace (+1 Mace)Maul (+1 Maul)Morningstar (+1 Morningstar)Musket (+1 Musket)Pike (+1 Pike)Pistol (+1 Pistol)Quarterstaff (+1 Quarterstaff)Rapier (+1 Rapier)Revolver (+1 Revolver)Scimitar (+1 Scimitar)Semiautomatic Pistol (+1 Semiautomatic Pistol)Shortbow (+1 Shortbow)Shortsword (+1 Shortsword)Shotgun (+1 Shotgun)Sickle (+1 Sickle)Sling (+1 Sling)Spear (+1 Spear)Trident (+1 Trident)War Pick (+1 War Pick)Warhammer (+1 Warhammer)Whip (+1 Whip)Yklwa (+1 Yklwa)"
"+1 Wraps of Unarmed Power","DMG'24","325","uncommon","Wondrous Item","","","","","","","While wearing these wraps, you have a +1 bonus to attack rolls and damage rolls made with your Unarmed Strikes. Those strikes deal your choice of Force damage or their normal damage type."
"+2 All-Purpose Tool","TCE","119","rare","Wondrous Item, Spellcasting Focus","requires attunement by an artificer","","","","","","This simple screwdriver can transform into a variety of tools; as an action, you can touch the item and transform it into any type of artisan's tool of your choice (see the ""Equipment"" chapter in the Player's Handbook for a list of artisan's tools). Whatever form the tool takes, you are proficient with it.While holding this tool, you gain a +2 bonus to the spell attack rolls and the saving throw DCs of your artificer spells.As an action, you can focus on the tool to channel your creative forces. Choose a cantrip that you don't know from any class list. For 8 hours, you can cast that cantrip, and it counts as an artificer cantrip for you. Once this property is used, it can't be used again until the next dawn."
"+2 Ammunition","DMG'24","228","rare","Ammunition, Generic Variant","","","","","","","You have a +2 bonus to attack and damage rolls made with this piece of magic ammunition. Once it hits a target, the ammunition is no longer magical.This ammunition is typically found or sold in quantities of ten or twenty pieces. Ten pieces of this ammunition are equivalent in value to a potion of the same rarity (2,000 GP). Base items. This item variant can be applied to the following base items:Arrow (+2 Arrow)Bolt (+2 Bolt)Energy Cell (+2 Energy Cell)Firearm Bullet (+2 Firearm Bullet)Needle (+2 Needle)Sling Bullet (+2 Sling Bullet)"
"+2 Amulet of the Devout","TCE","119","rare","Wondrous Item","requires attunement by a cleric or paladin","","","","1 lb.","","This amulet bears the symbol of a deity inlaid with precious stones or metals. While you wear the holy symbol, you gain a +2 bonus to spell attack rolls and the saving throw DCs of your spells.While you wear this amulet, you can use your Channel Divinity feature without expending one of the feature's uses. Once this property is used, it can't be used again until the next dawn."
"+2 Arcane Grimoire","TCE","120","rare","Wondrous Item, Spellcasting Focus","requires attunement by a wizard","","","","3 lb.","","While you are holding this leather-bound book, you can use it as a spellcasting focus for your wizard spells, and you gain a +2 bonus to spell attack rolls and to the saving throw DCs of your wizard spells.You can use this book as a spellbook. In addition, when you use your Arcane Recovery feature, you can increase the number of spell slot levels you regain by 1."
"+2 Armor","DMG'24","230","very rare","Generic Variant","","","","","","","You have a +2 bonus to AC while wearing this armor. Base items. This item variant can be applied to the following base items:Breastplate (+2 Breastplate)Chain Mail (+2 Chain Mail)Chain Shirt (+2 Chain Shirt)Half Plate Armor (+2 Half Plate Armor)Hide Armor (+2 Hide Armor)Leather Armor (+2 Leather Armor)Padded Armor (+2 Padded Armor)Plate Armor (+2 Plate Armor)Ring Mail (+2 Ring Mail)Scale Mail (+2 Scale Mail)Splint Armor (+2 Splint Armor)Studded Leather Armor (+2 Studded Leather Armor)"
"+2 Bloodwell Vial","TCE","122","rare","Wondrous Item, Spellcasting Focus","requires attunement by a sorcerer","","","","","","To attune to this vial, you must place a few drops of your blood into it. The vial can't be opened while your attunement to it lasts. If your attunement to the vial ends, the contained blood turns to ash. You can use the vial as a spellcasting focus for your spells while wearing or holding it, and you gain a +2 bonus to spell attack rolls and to the saving throw DCs of your sorcerer spells.In addition, when you roll any Hit Dice to recover hit points while you are carrying the vial, you can regain 5 sorcery points. This property of the vial can't be used again until the next dawn."
"+2 Moon Sickle","TCE","133","rare","Weapon (Sickle), Simple Weapon, Melee Weapon","requires attunement by a druid or ranger","1d4 Slashing","light","","2 lb.","","This silver-bladed sickle glimmers softly with moonlight. While holding this magic weapon, you gain a +2 bonus to attack and damage rolls made with it, and you gain a +2 bonus to spell attack rolls and the saving throw DCs of your druid and ranger spells. In addition, you can use the sickle as a spellcasting focus for your druid and ranger spells.When you cast a spell that restores hit points, you can roll a d4 and add the number rolled to the amount of hit points restored, provided you are holding the sickle. Light. A light weapon is small and easy to handle, making it ideal for use when fighting with two weapons."
"+2 Rhythm-Maker's Drum","TCE","134","rare","Wondrous Item, Instrument (Drum)","requires attunement by a bard","","","","3 lb.","","While holding this drum, you gain a +2 bonus to spell attack rolls and to the saving throw DCs of your bard spells.As an action, you can play the drum to regain one use of your Bardic Inspiration feature. This property of the drum can't be used again until the next dawn.If you have proficiency with a given musical instrument, you can add your proficiency bonus to any ability checks you make to play music with the instrument. A bard can use a musical instrument as a spellcasting focus. Each type of musical instrument requires a separate proficiency.See the Tool Proficiencies entry for more information.Proficiency with a musical instrument indicates you are familiar with the techniques used to play it. You also have knowledge of some songs commonly performed with that instrument. History. Your expertise aids you in recalling lore related to your instrument. Performance. Your ability to put on a good show is improved when you incorporate an instrument into your act. Compose a Tune. As part of a long rest, you can compose a new tune and lyrics for your instrument. You might use this ability to impress a noble or spread scandalous rumors with a catchy tune.Musical InstrumentActivityDCIdentify a tune10Improvise a tune20"
"+2 Rod of the Pact Keeper","DMG'24","301","rare","Rod","requires attunement by a warlock","","","","2 lb.","","While holding this rod, you gain a +2 bonus to spell attack rolls and to the saving throw DCs of your Warlock spells.In addition, you can regain one spell slot as a Magic action while holding the rod. You can't use this property again until you finish a Long Rest."
"+2 Shield (*)","DMG'24","303","rare","Generic Variant","","","","","","","* This generic variant has the same name and source as the item +2 Shield.While holding this Shield, you have a +2 bonus to Armor Class, in addition to the Shield's normal bonus to AC. Base items. This item variant can be applied to the following base items:Shield (+2 Shield)"
"+2 Wand of the War Mage","DMG'24","322","rare","Wand","requires attunement by a spellcaster","","","","1 lb.","","While holding this wand, you gain a +2 bonus to spell attack rolls. In addition, you ignore Half Cover when making a spell attack roll."
"+2 Weapon","DMG'24","324","rare","Generic Variant","","","","","","","You have a +2 bonus to attack and damage rolls made with this magic weapon. Base items. This item variant can be applied to the following base items:Antimatter Rifle (+2 Antimatter Rifle)Automatic Rifle (+2 Automatic Rifle)Battleaxe (+2 Battleaxe)Blowgun (+2 Blowgun)Club (+2 Club)Dagger (+2 Dagger)Dart (+2 Dart)Double-Bladed Scimitar (+2 Double-Bladed Scimitar)Flail (+2 Flail)Glaive (+2 Glaive)Greataxe (+2 Greataxe)Greatclub (+2 Greatclub)Greatsword (+2 Greatsword)Halberd (+2 Halberd)Hand Crossbow (+2 Hand Crossbow)Handaxe (+2 Handaxe)Heavy Crossbow (+2 Heavy Crossbow)Hooked Shortspear (+2 Hooked Shortspear)Hoopak (+2 Hoopak)Hunting Rifle (+2 Hunting Rifle)Javelin (+2 Javelin)Lance (+2 Lance)Laser Pistol (+2 Laser Pistol)Laser Rifle (+2 Laser Rifle)Light Crossbow (+2 Light Crossbow)Light Hammer (+2 Light Hammer)Light Repeating Crossbow (+2 Light Repeating Crossbow)Longbow (+2 Longbow)Longsword (+2 Longsword)Mace (+2 Mace)Maul (+2 Maul)Morningstar (+2 Morningstar)Musket (+2 Musket)Pike (+2 Pike)Pistol (+2 Pistol)Quarterstaff (+2 Quarterstaff)Rapier (+2 Rapier)Revolver (+2 Revolver)Scimitar (+2 Scimitar)Semiautomatic Pistol (+2 Semiautomatic Pistol)Shortbow (+2 Shortbow)Shortsword (+2 Shortsword)Shotgun (+2 Shotgun)Sickle (+2 Sickle)Sling (+2 Sling)Spear (+2 Spear)Trident (+2 Trident)War Pick (+2 War Pick)Warhammer (+2 Warhammer)Whip (+2 Whip)Yklwa (+2 Yklwa)"
"+2 Wraps of Unarmed Power","DMG'24","325","rare","Wondrous Item","","","","","","","While wearing these wraps, you have a +2 bonus to attack rolls and damage rolls made with your Unarmed Strikes. Those strikes deal your choice of Force damage or their normal damage type."
"+3 All-Purpose Tool","TCE","119","very rare","Wondrous Item, Spellcasting Focus","requires attunement by an artificer","","","","","","This simple screwdriver can transform into a variety of tools; as an action, you can touch the item and transform it into any type of artisan's tool of your choice (see the ""Equipment"" chapter in the Player's Handbook for a list of artisan's tools). Whatever form the tool takes, you are proficient with it.While holding this tool, you gain a +3 bonus to the spell attack rolls and the saving throw DCs of your artificer spells.As an action, you can focus on the tool to channel your creative forces. Choose a cantrip that you don't know from any class list. For 8 hours, you can cast that cantrip, and it counts as an artificer cantrip for you. Once this property is used, it can't be used again until the next dawn."
"+3 Ammunition","DMG'24","228","very rare","Ammunition, Generic Variant","","","","","","","You have a +3 bonus to attack and damage rolls made with this piece of magic ammunition. Once it hits a target, the ammunition is no longer magical.This ammunition is typically found or sold in quantities of ten or twenty pieces. Ten pieces of this ammunition are equivalent in value to a potion of the same rarity (20,000 GP). Base items. This item variant can be applied to the following base items:Arrow (+3 Arrow)Bolt (+3 Bolt)Energy Cell (+3 Energy Cell)Firearm Bullet (+3 Firearm Bullet)Needle (+3 Needle)Sling Bullet (+3 Sling Bullet)"
"+3 Amulet of the Devout","TCE","119","very rare","Wondrous Item","requires attunement by a cleric or paladin","","","","1 lb.","","This amulet bears the symbol of a deity inlaid with precious stones or metals. While you wear the holy symbol, you gain a +3 bonus to spell attack rolls and the saving throw DCs of your spells.While you wear this amulet, you can use your Channel Divinity feature without expending one of the feature's uses. Once this property is used, it can't be used again until the next dawn."
"+3 Arcane Grimoire","TCE","120","very rare","Wondrous Item, Spellcasting Focus","requires attunement by a wizard","","","","3 lb.","","While you are holding this leather-bound book, you can use it as a spellcasting focus for your wizard spells, and you gain a +3 bonus to spell attack rolls and to the saving throw DCs of your wizard spells.You can use this book as a spellbook. In addition, when you use your Arcane Recovery feature, you can increase the number of spell slot levels you regain by 1."
"+3 Armor","DMG'24","230","legendary","Generic Variant","","","","","","","You have a +3 bonus to AC while wearing this armor. Base items. This item variant can be applied to the following base items:Breastplate (+3 Breastplate)Chain Mail (+3 Chain Mail)Chain Shirt (+3 Chain Shirt)Half Plate Armor (+3 Half Plate Armor)Hide Armor (+3 Hide Armor)Leather Armor (+3 Leather Armor)Padded Armor (+3 Padded Armor)Plate Armor (+3 Plate Armor)Ring Mail (+3 Ring Mail)Scale Mail (+3 Scale Mail)Splint Armor (+3 Splint Armor)Studded Leather Armor (+3 Studded Leather Armor)"
"+3 Bloodwell Vial","TCE","122","very rare","Wondrous Item, Spellcasting Focus","requires attunement by a sorcerer","","","","","","To attune to this vial, you must place a few drops of your blood into it. The vial can't be opened while your attunement to it lasts. If your attunement to the vial ends, the contained blood turns to ash. You can use the vial as a spellcasting focus for your spells while wearing or holding it, and you gain a +3 bonus to spell attack rolls and to the saving throw DCs of your sorcerer spells.In addition, when you roll any Hit Dice to recover hit points while you are carrying the vial, you can regain 5 sorcery points. This property of the vial can't be used again until the next dawn."
"+3 Moon Sickle","TCE","133","very rare","Weapon (Sickle), Simple Weapon, Melee Weapon","requires attunement by a druid or ranger","1d4 Slashing","light","","2 lb.","","This silver-bladed sickle glimmers softly with moonlight. While holding this magic weapon, you gain a +3 bonus to attack and damage rolls made with it, and you gain a +3 bonus to spell attack rolls and the saving throw DCs of your druid and ranger spells. In addition, you can use the sickle as a spellcasting focus for your druid and ranger spells.When you cast a spell that restores hit points, you can roll a d4 and add the number rolled to the amount of hit points restored, provided you are holding the sickle. Light. A light weapon is small and easy to handle, making it ideal for use when fighting with two weapons."
"+3 Rhythm-Maker's Drum","TCE","134","very rare","Wondrous Item, Instrument (Drum)","requires attunement by a bard","","","","3 lb.","","While holding this drum, you gain a +3 bonus to spell attack rolls and to the saving throw DCs of your bard spells.As an action, you can play the drum to regain one use of your Bardic Inspiration feature. This property of the drum can't be used again until the next dawn.If you have proficiency with a given musical instrument, you can add your proficiency bonus to any ability checks you make to play music with the instrument. A bard can use a musical instrument as a spellcasting focus. Each type of musical instrument requires a separate proficiency.See the Tool Proficiencies entry for more information.Proficiency with a musical instrument indicates you are familiar with the techniques used to play it. You also have knowledge of some songs commonly performed with that instrument. History. Your expertise aids you in recalling lore related to your instrument. Performance. Your ability to put on a good show is improved when you incorporate an instrument into your act. Compose a Tune. As part of a long rest, you can compose a new tune and lyrics for your instrument. You might use this ability to impress a noble or spread scandalous rumors with a catchy tune.Musical InstrumentActivityDCIdentify a tune10Improvise a tune20"
"+3 Rod of the Pact Keeper","DMG'24","301","very rare","Rod","requires attunement by a warlock","","","","2 lb.","","While holding this rod, you gain a +3 bonus to spell attack rolls and to the saving throw DCs of your Warlock spells.In addition, you can regain one spell slot as a Magic action while holding the rod. You can't use this property again until you finish a Long Rest."
"+3 Shield (*)","DMG'24","303","very rare","Generic Variant","","","","","","","* This generic variant has the same name and source as the item +3 Shield.While holding this Shield, you have a +3 bonus to Armor Class, in addition to the Shield's normal bonus to AC. Base items. This item variant can be applied to the following base items:Shield (+3 Shield)"
"+3 Wand of the War Mage","DMG'24","322","very rare","Wand","requires attunement by a spellcaster","","","","1 lb.","","While holding this wand, you gain a +3 bonus to spell attack rolls. In addition, you ignore Half Cover when making a spell attack roll."
"+3 Weapon","DMG'24","324","very rare","Generic Variant","","","","","","","You have a +3 bonus to attack and damage rolls made with this magic weapon. Base items. This item variant can be applied to the following base items:Antimatter Rifle (+3 Antimatter Rifle)Automatic Rifle (+3 Automatic Rifle)Battleaxe (+3 Battleaxe)Blowgun (+3 Blowgun)Club (+3 Club)Dagger (+3 Dagger)Dart (+3 Dart)Double-Bladed Scimitar (+3 Double-Bladed Scimitar)Flail (+3 Flail)Glaive (+3 Glaive)Greataxe (+3 Greataxe)Greatclub (+3 Greatclub)Greatsword (+3 Greatsword)Halberd (+3 Halberd)Hand Crossbow (+3 Hand Crossbow)Handaxe (+3 Handaxe)Heavy Crossbow (+3 Heavy Crossbow)Hooked Shortspear (+3 Hooked Shortspear)Hoopak (+3 Hoopak)Hunting Rifle (+3 Hunting Rifle)Javelin (+3 Javelin)Lance (+3 Lance)Laser Pistol (+3 Laser Pistol)Laser Rifle (+3 Laser Rifle)Light Crossbow (+3 Light Crossbow)Light Hammer (+3 Light Hammer)Light Repeating Crossbow (+3 Light Repeating Crossbow)Longbow (+3 Longbow)Longsword (+3 Longsword)Mace (+3 Mace)Maul (+3 Maul)Morningstar (+3 Morningstar)Musket (+3 Musket)Pike (+3 Pike)Pistol (+3 Pistol)Quarterstaff (+3 Quarterstaff)Rapier (+3 Rapier)Revolver (+3 Revolver)Scimitar (+3 Scimitar)Semiautomatic Pistol (+3 Semiautomatic Pistol)Shortbow (+3 Shortbow)Shortsword (+3 Shortsword)Shotgun (+3 Shotgun)Sickle (+3 Sickle)Sling (+3 Sling)Spear (+3 Spear)Trident (+3 Trident)War Pick (+3 War Pick)Warhammer (+3 Warhammer)Whip (+3 Whip)Yklwa (+3 Yklwa)"
"+3 Wraps of Unarmed Power","DMG'24","325","very rare","Wondrous Item","","","","","","","While wearing these wraps, you have a +3 bonus to attack rolls and damage rolls made with your Unarmed Strikes. Those strikes deal your choice of Force damage or their normal damage type."
"Absorbing Tattoo","TCE","119","very rare","Wondrous Item (Tattoo)","requires attunement","","","","","","Produced by a special needle, this magic tattoo features designs that emphasize one color. Tattoo Attunement. To attune to this item, you hold the needle to your skin where you want the tattoo to appear, pressing the needle there throughout the attunement process. When the attunement is complete, the needle turns into the ink that becomes the tattoo, which appears on the skin.If your attunement to the tattoo ends, the tattoo vanishes, and the needle reappears in your space. Damage Resistance. While the tattoo is on your skin, you have resistance to a type of damage associated with that color, as shown on the table below. The DM chooses the color or determines it randomly.Absorbing Tattood10ColorTattoo1GreenAcid Absorbing Tattoo2BlueCold Absorbing Tattoo3RedFire Absorbing Tattoo4WhiteForce Absorbing Tattoo5YellowLightning Absorbing Tattoo6BlackNecrotic Absorbing Tattoo7VioletPoison Absorbing Tattoo8SilverPsychic Absorbing Tattoo9GoldRadiant Absorbing Tattoo10OrangeThunder Absorbing Tattoo Damage Absorption. When you take damage of the chosen type, you can use your reaction to gain immunity against that instance of the damage, and you regain a number of hit points equal to half the damage you would have taken. Once this reaction is used, it can't be used again until the next dawn.Multiple variations of this item exist, as listed below:Acid Absorbing TattooCold Absorbing TattooFire Absorbing TattooForce Absorbing TattooLightning Absorbing TattooNecrotic Absorbing TattooPoison Absorbing TattooPsychic Absorbing TattooRadiant Absorbing TattooThunder Absorbing Tattoo"
"Acid Absorbing Tattoo","TCE","119","very rare","Wondrous Item (Tattoo)","requires attunement","","","","","","Produced by a special needle, this magic tattoo features designs that emphasize one color (green). Tattoo Attunement. To attune to this item, you hold the needle to your skin where you want the tattoo to appear, pressing the needle there throughout the attunement process. When the attunement is complete, the needle turns into the ink that becomes the tattoo, which appears on the skin.If your attunement to the tattoo ends, the tattoo vanishes, and the needle reappears in your space. Damage Resistance. While the tattoo is on your skin, you have resistance to acid damage. Damage Absorption. When you take acid damage, you can use your reaction to gain immunity against that instance of the damage, and you regain a number of hit points equal to half the damage you would have taken. Once this reaction is used, it can't be used again until the next dawn."
"Adamantine Armor","DMG'24","227","uncommon","Generic Variant","","","","","","","This suit of armor is reinforced with adamantine, one of the hardest substances in existence. While you're wearing it, any Critical Hit against you becomes a normal hit. Base items. This item variant can be applied to the following base items:Breastplate (Adamantine Breastplate)Chain Mail (Adamantine Chain Mail)Chain Shirt (Adamantine Chain Shirt)Half Plate Armor (Adamantine Half Plate Armor)Plate Armor (Adamantine Plate Armor)Ring Mail (Adamantine Ring Mail)Scale Mail (Adamantine Scale Mail)Splint Armor (Adamantine Splint Armor)"
"Adamantine Weapon","DMG'24","227","uncommon","Generic Variant","","","","","","","This weapon or piece of ammunition is made of adamantine, one of the hardest substances in existence. Whenever this weapon or piece of ammunition hits an object, the hit is a Critical Hit. Base items. This item variant can be applied to the following base items:Arrow (Adamantine Arrow)Battleaxe (Adamantine Battleaxe)Bolt (Adamantine Bolt)Club (Adamantine Club)Dagger (Adamantine Dagger)Energy Cell (Adamantine Energy Cell)Firearm Bullet (Adamantine Firearm Bullet)Flail (Adamantine Flail)Glaive (Adamantine Glaive)Greataxe (Adamantine Greataxe)Greatclub (Adamantine Greatclub)Greatsword (Adamantine Greatsword)Halberd (Adamantine Halberd)Handaxe (Adamantine Handaxe)Javelin (Adamantine Javelin)Lance (Adamantine Lance)Light Hammer (Adamantine Light Hammer)Longsword (Adamantine Longsword)Mace (Adamantine Mace)Maul (Adamantine Maul)Morningstar (Adamantine Morningstar)Needle (Adamantine Needle)Pike (Adamantine Pike)Quarterstaff (Adamantine Quarterstaff)Rapier (Adamantine Rapier)Scimitar (Adamantine Scimitar)Shortsword (Adamantine Shortsword)Sickle (Adamantine Sickle)Sling Bullet (Adamantine Sling Bullet)Spear (Adamantine Spear)Trident (Adamantine Trident)War Pick (Adamantine War Pick)Warhammer (Adamantine Warhammer)Whip (Adamantine Whip)"
"Alchemical Compendium","TCE","119","rare","Wondrous Item, Spellcasting Focus","requires attunement by a wizard","","","","3 lb.","","Acrid odors cling to this stained, heavy volume. The book's metal fittings are copper, iron, lead, silver, and gold, some frozen mid-transition from one metal to another. When found, the book contains the following spells: enlarge/reduce, feather fall, flesh to stone, gaseous form, magic weapon, and polymorph. It functions as a spellbook for you.While you are holding the book, you can use it as a spellcasting focus for your wizard spells.The book has 3 charges, and it regains 1d3 expended charges daily at dawn. You can use the charges in the following ways while holding it:If you spend 1 minute studying the book, you can expend 1 charge to replace one of your prepared wizard spells with a different spell in the book. The new spell must be of the transmutation school.As an action, you can touch a nonmagical object that isn't being worn or carried and spend a number of charges to transform the target into another object. For 1 charge, the object can be no larger than 1 foot on a side. You can spend additional charges to increase the maximum dimensions by 2 feet per charge. The new object must have a gold value equal to or less than the original."
"Alchemy Jug","DMG'24","227","uncommon","Wondrous Item","","","","","12 lb.","","This ceramic jug appears to be able to hold a gallon of liquid and weighs 12 pounds whether full or empty. The jug sloshes when it is shaken, even if the jug is empty.You can take a Magic action and name one liquid from the Alchemy Jug Liquids table to cause the jug to produce the chosen liquid. Afterward, you can uncork the jug as a Utilize action and pour that liquid out, up to 2 gallons per minute. The maximum amount of liquid the jug can produce depends on the liquid you named.Once the jug starts producing a liquid, it can't produce a different one, or more of one that has reached its maximum, until the next dawn.Alchemy Jug LiquidsLiquidMax. AmountAcid8 ouncesBasic Poison4 ouncesBeer4 gallonsHoney1 gallonMayonnaise2 gallonsOil1 quartVinegar2 gallonsWater, fresh8 gallonsWater, salt12 gallonsWine1 gallon"
"Ammunition of Slaying","DMG'24","228","very rare","Ammunition, Generic Variant","","","","","","","This magic ammunition is meant to slay creatures of a particular type, which the DM chooses or determines randomly by rolling on the table below. If a creature of that type takes damage from the ammunition, the creature makes a DC 17 Constitution saving throw, taking an extra 6d10 Force damage on a failed save or half as much extra damage on a successful one.After dealing its extra damage to a creature, the ammunition becomes nonmagical.1d100Creature Type01-10Aberrations11-15Beasts16-20Celestials21-25Constructs26-35Dragons36-45Elementals46-50Humanoids51-60Fey61-70Fiends71-75Giants76-80Monstrosities81-85Oozes86-90Plants91-00Undead Base items. This item variant can be applied to the following base items:Arrow (Arrow of Slaying)Bolt (Bolt of Slaying)Energy Cell (Energy Cell of Slaying)Firearm Bullet (Firearm Bullet of Slaying)Needle (Needle of Slaying)Sling Bullet (Sling Bullet of Slaying)"
"Amulet of Health","DMG'24","228","rare","Wondrous Item","requires attunement","","","","1 lb.","","Your Constitution score is 19 while you wear this amulet. It has no effect on you if your Constitution is already 19 or higher without it."
"Amulet of Proof against Detection and Location","DMG'24","228","uncommon","Wondrous Item","requires attunement","","","","1 lb.","","While wearing this amulet, you can't be targeted by Divination spells or perceived through magical scrying sensors unless you allow it."
"Amulet of the Planes","DMG'24","150","very rare","Wondrous Item","requires attunement","","","","1 lb.","","While wearing this amulet, you can take a Magic action to name a location that you are familiar with on another plane of existence. Then make a DC 15 Intelligence (Arcana) check. On a successful check, you cast Plane Shift. On a failed check, you and each creature and object within 15 feet of you travel to a random destination determined by rolling 1d100 and consulting the following table.1d100Destination01-60Random location on the plane you named61-70Random location on an Inner Plane determined by rolling 1d6: on a 1, the Plane of Air; on a 2, the Plane of Earth; on a 3, the Plane of Fire; on a 4, the Plane of Water; on a 5, the Feywild; on a 6, the Shadowfell71-80Random location on an Outer Plane determined by rolling 1d8: on a 1, Arborea; on a 2, Arcadia; on a 3, the Beastlands; on a 4, Bytopia; on a 5, Elysium; on a 6, Mechanus; on a 7, Mount Celestia; on an 8, Ysgard81-90Random location on an Outer Plane determined by rolling 1d8: on a 1, the Abyss; on a 2, Acheron; on a 3, Carceri; on a 4, Gehenna; on a 5, Hades; on a 6, Limbo; on a 7, the Nine Hells; on an 8, Pandemonium91-00Random location on the Astral Plane"
"Animated Shield","DMG'24","229","very rare","Shield (Shield)","requires attunement","AC +2","","","6 lb.","","While holding this Shield, you can take a Bonus Action to cause it to animate. The Shield leaps into the air and hovers in your space to protect you as if you were wielding it, leaving your hands free. The Shield remains animate for 1 minute, until you take a Bonus Action to end this effect, or until you die or have the Incapacitated condition, at which point the Shield falls to the ground or into your hand if you have one free."
"Apparatus of Kwalish","DMG'24","229","legendary","Wondrous Item","","","","","500 lb.","","This item first appears to be a sealed iron barrel weighing 500 pounds. The barrel has a hidden catch, which can be found with a successful DC 20 Intelligence (Investigation) check. Releasing the catch unlocks a hatch at one end of the barrel, allowing two Medium or smaller creatures to crawl inside. Ten levers are set in a row at the far end, each in a neutral position, able to move up or down. When certain levers are used, the apparatus transforms to resemble a giant lobster.The Apparatus of Kwalish is a Large object with the following statistics: AC 20; HP 200; Speed 30 ft., Swim 30 ft. (or 0 ft. for both if the legs aren't extended); Immunity to Poison and Psychic damage.To be used as a vehicle, the apparatus requires one pilot. While the apparatus's hatch is closed, the compartment is airtight and watertight. The compartment holds enough air for 10 hours of breathing, divided by the number of breathing creatures inside.The apparatus floats on water. It can also go underwater to a depth of 900 feet. Below that, the vehicle takes 2d6 Bludgeoning damage each minute from pressure.A creature in the compartment can take a Utilize action to move as many as two of the apparatus's levers up or down. After each use, a lever goes back to its neutral position. Each lever, from left to right, functions as shown in the Apparatus of Kwalish Levers table.Apparatus of Kwalish LeversLeverUpDown1Legs extend, allowing the apparatus to walk and swim.Legs retract, reducing the apparatus's Speed and Swim Speed to 0 and making it unable to benefit from bonuses to speed.2Forward window shutter opens.Forward window shutter closes.3Side window shutters open (two per side).Side window shutters close (two per side).4Two claws extend from the front side of the apparatus.The claws retract.5Each extended claw makes the following melee attack: +8 to hit, reach 5 ft. Hit: 7 (2d6) Bludgeoning damage.Each extended claw makes the following melee attack: +8 to hit, reach 5 ft. Hit: The target has the Grappled condition (escape DC 15).6The apparatus walks or swims forward provided its legs are extended.The apparatus walks or swims backward provided its legs are extended.7The apparatus turns 90 degrees counterclockwise provided its legs are extended.The apparatus turns 90 degrees clockwise provided its legs are extended.8Eyelike fixtures emit Bright Light in a 30-foot radius and Dim Light for an additional 30 feet.The light turns off.9The apparatus sinks up to 20 feet if it's in liquid.The apparatus rises up to 20 feet if it's in liquid.10The rear hatch unseals and opens.The rear hatch closes and seals."
"Arcane Battery","NF","undefined","uncommon","Wondrous Item","","","","","","","This smooth, oval stone is etched with faintly glowing, magical symbols. While holding the battery, you can take a Magic action to touch the battery to one magic item. If that magic item normally regains expended charges daily, it immediately regains 1d4 + 1 expended charges, and the battery loses its magic."
"Arcane Propulsion Arm","ERLW","276","very rare","Wondrous Item","requires attunement by a creature missing a hand or an arm","1d8 Force","thrown (20/60 ft.)","","","","This prosthetic appendage was developed by artificers of House Cannith. To attune to this item, you must attach it to your arm at the wrist, elbow, or shoulder, at which point the prosthetic magically forms a copy of the appendage it's replacing.While attached, the prosthetic provides these benefits:The prosthetic is a fully capable part of your body.You can take an action to remove the prosthetic, and it removes itself if your attunement to it ends. It can't be removed against your will.The prosthetic is a magic melee weapon with which you're proficient. It deals 1d8 force damage on a hit and has the thrown property, with a normal range of 20 feet and a long range of 60 feet. When thrown, the prosthetic detaches and flies at the target of the attack, then immediately returns to you and reattaches. Thrown. If a weapon has the thrown property, you can throw the weapon to make a ranged attack. If the weapon is a melee weapon, you use the same ability modifier for that attack roll and damage roll that you would use for a melee attack with the weapon. For example, if you throw a handaxe, you use your Strength, but if you throw a dagger, you can use either your Strength or your Dexterity, since the dagger has the finesse property."
"Armblade","ERLW","276","common","Generic Variant","requires attunement by a warforged","","","","","","An armblade is a magic weapon that attaches to your arm, becoming inseparable from you as long as you're attuned to it. To attune to this item, you must hold it against your forearm for the entire attunement period.As a bonus action, you can retract the armblade into your forearm or extend it from there. While it is extended, you can use the weapon as if you were holding it, and you can't use that hand for other purposes. Base items. This item variant can be applied to the following base items:Battleaxe (Battleaxe Armblade)Club (Club Armblade)Dagger (Dagger Armblade)Flail (Flail Armblade)Handaxe (Handaxe Armblade)Hooked Shortspear (Hooked Shortspear Armblade)Javelin (Javelin Armblade)Lance (Lance Armblade)Light Hammer (Light Hammer Armblade)Longsword (Longsword Armblade)Mace (Mace Armblade)Morningstar (Morningstar Armblade)Quarterstaff (Quarterstaff Armblade)Rapier (Rapier Armblade)Scimitar (Scimitar Armblade)Shortsword (Shortsword Armblade)Sickle (Sickle Armblade)Spear (Spear Armblade)Trident (Trident Armblade)War Pick (War Pick Armblade)Warhammer (Warhammer Armblade)Whip (Whip Armblade)Yklwa (Yklwa Armblade)"
"Armor of Acid Resistance","DMG'24","231","rare","Generic Variant","requires attunement","","","","","","You have Resistance to Acid damage while you wear this armor. Base items. This item variant can be applied to the following base items:Breastplate (Breastplate of Acid Resistance)Chain Mail (Chain Mail of Acid Resistance)Chain Shirt (Chain Shirt of Acid Resistance)Half Plate Armor (Half Plate Armor of Acid Resistance)Hide Armor (Hide Armor of Acid Resistance)Leather Armor (Leather Armor of Acid Resistance)Padded Armor (Padded Armor of Acid Resistance)Plate Armor (Plate Armor of Acid Resistance)Ring Mail (Ring Mail of Acid Resistance)Scale Mail (Scale Mail of Acid Resistance)Splint Armor (Splint Armor of Acid Resistance)Studded Leather Armor (Studded Leather Armor of Acid Resistance)"
"Armor of Cold Resistance","DMG'24","231","rare","Generic Variant","requires attunement","","","","","","You have Resistance to Cold damage while you wear this armor. Base items. This item variant can be applied to the following base items:Breastplate (Breastplate of Cold Resistance)Chain Mail (Chain Mail of Cold Resistance)Chain Shirt (Chain Shirt of Cold Resistance)Half Plate Armor (Half Plate Armor of Cold Resistance)Hide Armor (Hide Armor of Cold Resistance)Leather Armor (Leather Armor of Cold Resistance)Padded Armor (Padded Armor of Cold Resistance)Plate Armor (Plate Armor of Cold Resistance)Ring Mail (Ring Mail of Cold Resistance)Scale Mail (Scale Mail of Cold Resistance)Splint Armor (Splint Armor of Cold Resistance)Studded Leather Armor (Studded Leather Armor of Cold Resistance)"
"Armor of Fire Resistance","DMG'24","231","rare","Generic Variant","requires attunement","","","","","","You have Resistance to Fire damage while you wear this armor. Base items. This item variant can be applied to the following base items:Breastplate (Breastplate of Fire Resistance)Chain Mail (Chain Mail of Fire Resistance)Chain Shirt (Chain Shirt of Fire Resistance)Half Plate Armor (Half Plate Armor of Fire Resistance)Hide Armor (Hide Armor of Fire Resistance)Leather Armor (Leather Armor of Fire Resistance)Padded Armor (Padded Armor of Fire Resistance)Plate Armor (Plate Armor of Fire Resistance)Ring Mail (Ring Mail of Fire Resistance)Scale Mail (Scale Mail of Fire Resistance)Splint Armor (Splint Armor of Fire Resistance)Studded Leather Armor (Studded Leather Armor of Fire Resistance)"
"Armor of Force Resistance","DMG'24","231","rare","Generic Variant","requires attunement","","","","","","You have Resistance to Force damage while you wear this armor. Base items. This item variant can be applied to the following base items:Breastplate (Breastplate of Force Resistance)Chain Mail (Chain Mail of Force Resistance)Chain Shirt (Chain Shirt of Force Resistance)Half Plate Armor (Half Plate Armor of Force Resistance)Hide Armor (Hide Armor of Force Resistance)Leather Armor (Leather Armor of Force Resistance)Padded Armor (Padded Armor of Force Resistance)Plate Armor (Plate Armor of Force Resistance)Ring Mail (Ring Mail of Force Resistance)Scale Mail (Scale Mail of Force Resistance)Splint Armor (Splint Armor of Force Resistance)Studded Leather Armor (Studded Leather Armor of Force Resistance)"
"Armor of Gleaming","DMG'24","230","common","Generic Variant","","","","","","","This armor never gets dirty. Base items. This item variant can be applied to the following base items:Breastplate (Breastplate of Gleaming)Chain Mail (Chain Mail of Gleaming)Chain Shirt (Chain Shirt of Gleaming)Half Plate Armor (Half Plate Armor of Gleaming)Hide Armor (Hide Armor of Gleaming)Leather Armor (Leather Armor of Gleaming)Padded Armor (Padded Armor of Gleaming)Plate Armor (Plate Armor of Gleaming)Ring Mail (Ring Mail of Gleaming)Scale Mail (Scale Mail of Gleaming)Splint Armor (Splint Armor of Gleaming)Studded Leather Armor (Studded Leather Armor of Gleaming)"
"Armor of Invulnerability","DMG'24","152","legendary","Heavy Armor (Plate Armor)","requires attunement","AC 18","","","65 lb.","","You have Resistance to Bludgeoning, Piercing, and Slashing damage while you wear this armor. Metal Shell. You can take a Magic action to give yourself Immunity to Bludgeoning, Piercing, and Slashing damage for 10 minutes or until you are no longer wearing the armor. Once this property is used, it can't be used again until the next dawn.The wearer has Disadvantage on Dexterity (Stealth) checks.If the wearer has a Strength score lower than 15, their speed is reduced by 10 feet."
"Armor of Lightning Resistance","DMG'24","231","rare","Generic Variant","requires attunement","","","","","","You have Resistance to Lightning damage while you wear this armor. Base items. This item variant can be applied to the following base items:Breastplate (Breastplate of Lightning Resistance)Chain Mail (Chain Mail of Lightning Resistance)Chain Shirt (Chain Shirt of Lightning Resistance)Half Plate Armor (Half Plate Armor of Lightning Resistance)Hide Armor (Hide Armor of Lightning Resistance)Leather Armor (Leather Armor of Lightning Resistance)Padded Armor (Padded Armor of Lightning Resistance)Plate Armor (Plate Armor of Lightning Resistance)Ring Mail (Ring Mail of Lightning Resistance)Scale Mail (Scale Mail of Lightning Resistance)Splint Armor (Splint Armor of Lightning Resistance)Studded Leather Armor (Studded Leather Armor of Lightning Resistance)"
"Armor of Necrotic Resistance","DMG'24","231","rare","Generic Variant","requires attunement","","","","","","You have Resistance to Necrotic damage while you wear this armor. Base items. This item variant can be applied to the following base items:Breastplate (Breastplate of Necrotic Resistance)Chain Mail (Chain Mail of Necrotic Resistance)Chain Shirt (Chain Shirt of Necrotic Resistance)Half Plate Armor (Half Plate Armor of Necrotic Resistance)Hide Armor (Hide Armor of Necrotic Resistance)Leather Armor (Leather Armor of Necrotic Resistance)Padded Armor (Padded Armor of Necrotic Resistance)Plate Armor (Plate Armor of Necrotic Resistance)Ring Mail (Ring Mail of Necrotic Resistance)Scale Mail (Scale Mail of Necrotic Resistance)Splint Armor (Splint Armor of Necrotic Resistance)Studded Leather Armor (Studded Leather Armor of Necrotic Resistance)"
"Armor of Poison Resistance","DMG'24","231","rare","Generic Variant","requires attunement","","","","","","You have Resistance to Poison damage while you wear this armor. Base items. This item variant can be applied to the following base items:Breastplate (Breastplate of Poison Resistance)Chain Mail (Chain Mail of Poison Resistance)Chain Shirt (Chain Shirt of Poison Resistance)Half Plate Armor (Half Plate Armor of Poison Resistance)Hide Armor (Hide Armor of Poison Resistance)Leather Armor (Leather Armor of Poison Resistance)Padded Armor (Padded Armor of Poison Resistance)Plate Armor (Plate Armor of Poison Resistance)Ring Mail (Ring Mail of Poison Resistance)Scale Mail (Scale Mail of Poison Resistance)Splint Armor (Splint Armor of Poison Resistance)Studded Leather Armor (Studded Leather Armor of Poison Resistance)"
"Armor of Psychic Resistance","DMG'24","231","rare","Generic Variant","requires attunement","","","","","","You have Resistance to Psychic damage while you wear this armor. Base items. This item variant can be applied to the following base items:Breastplate (Breastplate of Psychic Resistance)Chain Mail (Chain Mail of Psychic Resistance)Chain Shirt (Chain Shirt of Psychic Resistance)Half Plate Armor (Half Plate Armor of Psychic Resistance)Hide Armor (Hide Armor of Psychic Resistance)Leather Armor (Leather Armor of Psychic Resistance)Padded Armor (Padded Armor of Psychic Resistance)Plate Armor (Plate Armor of Psychic Resistance)Ring Mail (Ring Mail of Psychic Resistance)Scale Mail (Scale Mail of Psychic Resistance)Splint Armor (Splint Armor of Psychic Resistance)Studded Leather Armor (Studded Leather Armor of Psychic Resistance)"
"Armor of Radiant Resistance","DMG'24","231","rare","Generic Variant","requires attunement","","","","","","You have Resistance to Radiant damage while you wear this armor. Base items. This item variant can be applied to the following base items:Breastplate (Breastplate of Radiant Resistance)Chain Mail (Chain Mail of Radiant Resistance)Chain Shirt (Chain Shirt of Radiant Resistance)Half Plate Armor (Half Plate Armor of Radiant Resistance)Hide Armor (Hide Armor of Radiant Resistance)Leather Armor (Leather Armor of Radiant Resistance)Padded Armor (Padded Armor of Radiant Resistance)Plate Armor (Plate Armor of Radiant Resistance)Ring Mail (Ring Mail of Radiant Resistance)Scale Mail (Scale Mail of Radiant Resistance)Splint Armor (Splint Armor of Radiant Resistance)Studded Leather Armor (Studded Leather Armor of Radiant Resistance)"
"Armor of Resistance","DMG'24","231","rare","Generic Variant","requires attunement","","","","","","You have Resistance to one type of damage while you wear this armor. The DM chooses the type or determines it randomly by rolling on the following table.d10Damage Type1Acid2Cold3Fire4Force5Lightning6Necrotic7Poison8Psychic9Radiant10Thunder"
"Armor of Thunder Resistance","DMG'24","231","rare","Generic Variant","requires attunement","","","","","","You have Resistance to Thunder damage while you wear this armor. Base items. This item variant can be applied to the following base items:Breastplate (Breastplate of Thunder Resistance)Chain Mail (Chain Mail of Thunder Resistance)Chain Shirt (Chain Shirt of Thunder Resistance)Half Plate Armor (Half Plate Armor of Thunder Resistance)Hide Armor (Hide Armor of Thunder Resistance)Leather Armor (Leather Armor of Thunder Resistance)Padded Armor (Padded Armor of Thunder Resistance)Plate Armor (Plate Armor of Thunder Resistance)Ring Mail (Ring Mail of Thunder Resistance)Scale Mail (Scale Mail of Thunder Resistance)Splint Armor (Splint Armor of Thunder Resistance)Studded Leather Armor (Studded Leather Armor of Thunder Resistance)"
"Armor of Vulnerability","DMG'24","231","rare","Generic Variant","requires attunement","","","","","","Multiple variations of this item exist, as listed below:Armor of Vulnerability (Bludgeoning)Armor of Vulnerability (Piercing)Armor of Vulnerability (Slashing)"
"Armor of Vulnerability (Bludgeoning)","DMG'24","231","rare","Generic Variant","requires attunement","","","","","","While wearing this armor, you have Resistance to Bludgeoning damage. Curse. This armor is cursed, a fact that is revealed only when the Identify spell is cast on the armor or you attune to it. Attuning to the armor curses you until you are targeted by a Remove Curse spell or similar magic; removing the armor fails to end the curse. While cursed, you have Vulnerability to Piercing and Slashing damage. Base items. This item variant can be applied to the following base items:Breastplate (Breastplate of Vulnerability (Bludgeoning))Chain Mail (Chain Mail of Vulnerability (Bludgeoning))Chain Shirt (Chain Shirt of Vulnerability (Bludgeoning))Half Plate Armor (Half Plate Armor of Vulnerability (Bludgeoning))Hide Armor (Hide Armor of Vulnerability (Bludgeoning))Leather Armor (Leather Armor of Vulnerability (Bludgeoning))Padded Armor (Padded Armor of Vulnerability (Bludgeoning))Plate Armor (Plate Armor of Vulnerability (Bludgeoning))Ring Mail (Ring Mail of Vulnerability (Bludgeoning))Scale Mail (Scale Mail of Vulnerability (Bludgeoning))Splint Armor (Splint Armor of Vulnerability (Bludgeoning))Studded Leather Armor (Studded Leather Armor of Vulnerability (Bludgeoning))"
"Armor of Vulnerability (Piercing)","DMG'24","231","rare","Generic Variant","requires attunement","","","","","","While wearing this armor, you have Resistance to Piercing damage. Curse. This armor is cursed, a fact that is revealed only when the Identify spell is cast on the armor or you attune to it. Attuning to the armor curses you until you are targeted by a Remove Curse spell or similar magic; removing the armor fails to end the curse. While cursed, you have Vulnerability to Bludgeoning and Slashing damage. Base items. This item variant can be applied to the following base items:Breastplate (Breastplate of Vulnerability (Piercing))Chain Mail (Chain Mail of Vulnerability (Piercing))Chain Shirt (Chain Shirt of Vulnerability (Piercing))Half Plate Armor (Half Plate Armor of Vulnerability (Piercing))Hide Armor (Hide Armor of Vulnerability (Piercing))Leather Armor (Leather Armor of Vulnerability (Piercing))Padded Armor (Padded Armor of Vulnerability (Piercing))Plate Armor (Plate Armor of Vulnerability (Piercing))Ring Mail (Ring Mail of Vulnerability (Piercing))Scale Mail (Scale Mail of Vulnerability (Piercing))Splint Armor (Splint Armor of Vulnerability (Piercing))Studded Leather Armor (Studded Leather Armor of Vulnerability (Piercing))"
"Armor of Vulnerability (Slashing)","DMG'24","231","rare","Generic Variant","requires attunement","","","","","","While wearing this armor, you have Resistance to Slashing damage. Curse. This armor is cursed, a fact that is revealed only when the Identify spell is cast on the armor or you attune to it. Attuning to the armor curses you until you are targeted by a Remove Curse spell or similar magic; removing the armor fails to end the curse. While cursed, you have Vulnerability to Bludgeoning and Piercing damage. Base items. This item variant can be applied to the following base items:Breastplate (Breastplate of Vulnerability (Slashing))Chain Mail (Chain Mail of Vulnerability (Slashing))Chain Shirt (Chain Shirt of Vulnerability (Slashing))Half Plate Armor (Half Plate Armor of Vulnerability (Slashing))Hide Armor (Hide Armor of Vulnerability (Slashing))Leather Armor (Leather Armor of Vulnerability (Slashing))Padded Armor (Padded Armor of Vulnerability (Slashing))Plate Armor (Plate Armor of Vulnerability (Slashing))Ring Mail (Ring Mail of Vulnerability (Slashing))Scale Mail (Scale Mail of Vulnerability (Slashing))Splint Armor (Splint Armor of Vulnerability (Slashing))Studded Leather Armor (Studded Leather Armor of Vulnerability (Slashing))"
"Arrow-Catching Shield","DMG'24","231","rare","Shield (Shield)","requires attunement","AC +2","","","6 lb.","","You gain a +2 bonus to Armor Class against ranged attack rolls while you wield this Shield. This bonus is in addition to the Shield's normal bonus to AC.Whenever an attacker makes a ranged attack roll against a target within 5 feet of you, you can take a Reaction to become the target of the attack instead."
"Astral Shard","TCE","120","rare","Wondrous Item, Spellcasting Focus","requires attunement by a sorcerer","","","","1 lb.","","This crystal is a solidified shard of the Astral Plane, swirling with silver mist. As an action, you can attach the shard to a Tiny object (such as a weapon or a piece of jewelry) or detach it. It falls off if your attunement to it ends. You can use the shard as a spellcasting focus while you hold or wear it.When you use a Metamagic option on a spell while you are holding or wearing the shard, immediately after casting the spell you can teleport to an unoccupied space you can see within 30 feet of you."
"Astromancy Archive","TCE","120","rare","Wondrous Item, Spellcasting Focus","requires attunement by a wizard","","","","3 lb.","","This brass disc of articulated, concentric rings unfolds into an armillary sphere. As a bonus action, you can unfold it into the sphere or back into a disc. When found, it contains the following spells, which are wizard spells for you while you are attuned to it: augury, divination, find the path, foresight, locate creature, and locate object. It functions as a spellbook for you, with spells encoded on the rings.While you are holding the archive, you can use it as a spellcasting focus for your wizard spells.The archive has 3 charges, and it regains 1d3 expended charges daily at dawn. You can use the charges in the following ways while holding it:If you spend 1 minute studying the archive, you can expend 1 charge to replace one of your prepared wizard spells with a different spell in the archive. The new spell must be of the divination school.When a creature you can see within 30 feet of you makes an attack roll, an ability check, or a saving throw, you can use your reaction to expend 1 charge and force the creature to roll a d4 and apply the number rolled as a bonus or penalty (your choice) to the original roll. You can do this after you see the roll but before its effects are applied."
"Atlas of Endless Horizons","TCE","120","rare","Wondrous Item, Spellcasting Focus","requires attunement by a wizard","","","","3 lb.","","This thick book is bound in dark leather, crisscrossed with inlaid silver lines suggesting a map or chart. When found, the book contains the following spells, which are wizard spells for you while you are attuned to the book: arcane gate, dimension door, gate, misty step, plane shift, teleportation circle, and word of recall. It functions as a spellbook for you.While you are holding the book, you can use it as a spellcasting focus for your wizard spells.The book has 3 charges, and it regains 1d3 expended charges daily at dawn. You can use the charges in the following ways while holding it:If you spend 1 minute studying the book, you can expend 1 charge to replace one of your prepared wizard spells with a different spell in the book. The new spell must be of the conjuration school.When you are hit by an attack, you can use your reaction to expend 1 charge to teleport up to 10 feet to an unoccupied space you can see. If your new position is out of range of the attack, it misses you."
"Axe of the Dwarvish Lords","DMG'24","231","artifact","Weapon (Battleaxe), Martial Weapon, Melee Weapon","requires attunement","1d8 Slashing","Thrown (20/60 ft.), Versatile (1d10)","Mastery: Topple","4 lb.","","A young dwarf prince set out to forge a weapon that would be regarded as a symbol of unity among his people. Venturing deep under the mountains, deeper than any dwarf had ever delved, the prince came to the blazing heart of a great volcano. With the aid of Moradin, a god of creation, he first crafted four mighty tools: the Starmetal Pick, the Earthheart Forge, the Anvil of Songs, and the Shaping Hammer. With these tools, he forged the Axe of the Dwarvish Lords.Armed with the Artifact, the prince brought peace to the dwarf clans, ending grudges and answering slights. The clans became allies, and they threw back their enemies and enjoyed an era of prosperity. This young dwarf is remembered as the First King. When he became old, he passed the weapon, which had become his badge of office, to his heir. The rightful inheritors passed the axe on for many generations.Later, in an era marked by treachery and wickedness, the axe was lost in a bloody civil war fomented by greed for its power and the status it bestowed. Centuries later, the dwarves still search for the axe, and many adventurers have made careers of chasing after rumors and plundering old vaults to find it. Magic Weapon. The Axe of the Dwarvish Lords is a magic weapon that grants a +3 bonus to attack rolls and damage rolls made with it.When you attack a creature with the axe and roll a 20 on the d20 for the attack roll, the axe deals an extra 20 Slashing damage.The axe has Thrown with a normal range of 20 feet and a long range of 60 feet. When you hit with a ranged attack using this weapon, it deals an extra 1d8 Force damage, or an extra 2d8 Force damage if the target is a creature of the Giant type. Immediately after hitting or missing, the weapon flies back to your hand. Blessings of Moradin. While attuned to the axe, you gain the following benefits:Darkvision. You gain Darkvision with a range of 60 feet. If you already have Darkvision, its range increases by 60 feet.Fortitude of Stone. Your Constitution increases by 2, to a maximum of 20.Gifts of the Creator. You have proficiency with Brewer's Supplies, Mason's Tools, and Smith's Tools.One with the Forge. You have Immunity to Poison damage and Resistance to Fire damage.Sunder. When you hit an object with the axe, the object takes the maximum amount of damage possible. Conjure Earth Elemental. While holding the axe, you can take a Magic action to summon an Earth Elemental. It appears in an unoccupied space you choose within 30 feet of yourself, understands your languages, obeys your commands, and takes its turn immediately after you on your Initiative count. The elemental disappears after 24 hours, when it dies, or when you dismiss it as a Bonus Action. You can't use this property again until the next dawn. Random Properties. The axe has the following random properties:2 minor beneficial properties1 major beneficial property2 minor detrimental properties Travel the Depths. You can take a Magic action to touch the axe to a fixed piece of dwarven stonework and cast Teleport from the axe. If your intended destination is underground, there is no chance of a mishap or arriving somewhere unexpected. You can't use this property again until 3 days have passed. Destroying the Axe. The only way to destroy the axe is to melt it down in the Earthheart Forge, where it was created. It must remain in the burning forge for 50 years before it finally succumbs to the fire and is consumed. Thrown. If a weapon has the Thrown property, you can throw the weapon to make a ranged attack, and you can draw that weapon as part of the attack. If the weapon is a Melee weapon, use the same ability modifier for the attack and damage rolls that you use for a melee attack with that weapon. Versatile. A Versatile weapon can be used with one or two hands. A damage value in parentheses appears with the property. The weapon deals that damage when used with two hands to make a melee attack. Mastery: Topple. If you hit a creature with this weapon, you can force the creature to make a Constitution saving throw (DC 8 plus the ability modifier used to make the attack roll and your Proficiency Bonus). On a failed save, the creature has the Prone condition."
"Baba Yaga's Dancing Broom","DMG'24","232","uncommon","Wondrous Item","requires attunement","","","","","","The archfey Baba Yaga crafted many of these magic brooms. No two appear exactly alike. While holding the broom, you can take a Magic action to transform it into an Animated Broom under your control. The broom then moves into an unoccupied space as close to you as possible. The broom acts immediately after you on your Initiative count and remains animate until you take a Bonus Action and use a command word to render it inanimate.On your turn, you can mentally command the animated broom if it is within 30 feet of you and you don't have the Incapacitated condition (no action required). You decide what action the broom takes and where it moves during its next turn, or you can issue it a general command, such as to attack your enemies or guard a location.If the broom is reduced to 0 Hit Points, it shatters and is destroyed. If the broom reverts to its inanimate form before losing all its Hit Points it regains all of them."
"Baba Yaga's Mortar and Pestle","TCE","121","artifact","Wondrous Item","requires attunement","","","","","","The creations of the immortal hag Baba Yaga defy the laws of mortal magic. Among the notorious implements that cement her legend on countless worlds are the artifacts that propel her through the planes: Baba Yaga's Mortar and Pestle. These signature tools of Baba Yaga are a single artifact for purposes of attunement. Should the two objects become separated, the pestle appears next to the mortar at the next dawn. Random Properties. This artifact has the following random properties, which you can determine by rolling on the tables in the ""Artifacts"" section of the Dungeon Master's Guide:2 minor beneficial properties1 major beneficial property1 minor detrimental property Properties of the Mortar. The mortar is a Tiny wooden bowl. However, the mortar increases in size to accommodate anything you place inside, expanding-if there's enough space-up to Large size, meaning it can hold even a Large creature. Properties of the Pestle. The pestle is a 6-inch-long, worn wooden tool. Once during your turn while you are holding the pestle, you can extend it into a quarterstaff or shrink it back into a pestle (no action required). As a quarterstaff, the pestle is a magic weapon that grants a +3 bonus to attack and damage rolls made with it.The pestle has 12 charges. When you hit with a melee attack using the pestle, you can expend up to 3 of its charges to deal an extra 1d8 force damage for each charge expended. The pestle regains all expended charges daily at dawn. Perfect Tools. While holding the mortar and pestle, you can use your action to say the name of any nonmagical plant, mineral, or fluid and an amount of the material worth 10 gp or less. The mortar instantly fills with the desired amount of that material. Once you use this action, you can't do so again until you finish a short or long rest.You can also use the artifact as alchemist's supplies, brewer's supplies, cook's utensils, an herbalism kit, and a poisoner's kit. You have advantage on any check you make using the artifact as one of these tools. Primal Parts. As an action while the pestle and the mortar is within 5 feet of you, you can command the pestle to grind. For the next minute, or until you use your action to verbally command it to stop, the pestle moves on its own, grinding the contents of the mortar into a mush or fine powder that's equally useful for cooking or alchemy. At the start of each of your turns, whatever is in the mortar takes 4d10 force damage. If this reduces the target's hit points to 0, the target is reduced to powder, pulp, or paste, as appropriate. Only magic items are unaffected. If you wish, when the pestle stops, you can have the mortar separate its contents-like powdered bone, crushed herbs, pulped organs-into separate piles. Traverse the Night. If you are holding the pestle while you are inside the mortar, you can use your action to verbally command the mortar to travel to a specific place or creature.You don't need to know where your destination is, but it must be a specific destination-not just the nearest river or a red dragon's lair. If the stated destination is within 1,000 miles of you, the mortar lifts into the air and vanishes. You and any creatures in the mortar travel through a dreamlike sky, with hazy reflections of the world passing by below. Creatures might see images of you streaking through the sky between your point of origin and the destination. You arrive at the location 1 hour later or, if it is night, 1 minute later. Bones Know Their Home. When you command the mortar to travel, you can instead throw out the dust or paste of something ground by the mortar and name a location on a different plane of existence or a different world on the Material Plane. If that material came from a creature native to the named plane or world, the mortar travels through an empty night sky to an unoccupied space at that destination, arriving in 1 minute. Destroying the Mortar and Pestle. The mortar and pestle are destroyed if they are crushed underfoot by the Dancing Hut of Baba Yaga or by Baba Yaga herself."
"Baba Yaga's Pestle","TCE","121","artifact","Weapon (Quarterstaff), Simple Weapon, Melee Weapon","requires attunement","1d6 Bludgeoning","versatile (1d8)","","4 lb.","","The pestle is a 6-inch-long, worn wooden tool. Once during your turn while you are holding the pestle, you can extend it into a quarterstaff or shrink it back into a pestle (no action required). As a quarterstaff, the pestle is a magic weapon that grants a +3 bonus to attack and damage rolls made with it.The pestle has 12 charges. When you hit with a melee attack using the pestle, you can expend up to 3 of its charges to deal an extra 1d8 force damage for each charge expended. The pestle regains all expended charges daily at dawn. Versatile. This weapon can be used with one or two hands. A damage value in parentheses appears with the property—the damage when the weapon is used with two hands to make a melee attack."
"Bag of Beans","DMG'24","233","rare","Wondrous Item","","","","","","","This heavy cloth bag contains 3d4 dry beans when found. The bag weighs half a pound regardless of how many beans it contains and becomes a nonmagical item when it no longer contains any beans.If you dump one or more beans out of the bag, they explode in a 10-foot-radius Sphere centered on them. All the dumped beans are destroyed in the explosion, and each creature in the Sphere, including you, makes a DC 15 Dexterity saving throw, taking 5d4 Force damage on a failed save or half as much damage on a successful one.If you remove a bean from the bag, plant it in dirt or sand, and then water it, the bean disappears as it produces an effect 1 minute later from the ground where it was planted. The DM can choose an effect from the following table or determine it randomly.1d100Effect015d4 toadstools sprout. If a creature eats a toadstool, roll any die. On an odd roll, the eater must succeed on a DC 15 Constitution saving throw or take 5d6 Poison damage and have the Poisoned condition for 1 hour. On an even roll, the eater gains 5d6 Temporary Hit Points for 1 hour.02-10A geyser erupts and spouts water, beer, mayonnaise, tea, vinegar, wine, or oil (DM's choice) 30 feet into the air for 1d4 minutes.11-20A Treant sprouts. Roll any die. On an odd roll, the treant is Chaotic Evil. On an even roll, the treant is Chaotic Good.21-30An animate but immobile stone statue in your likeness rises and makes verbal threats against you. If you leave it and others come near, it describes you as the most heinous of villains and directs the newcomers to find and attack you. If you are on the same plane of existence as the statue, it knows where you are. The statue becomes inanimate after 24 hours.31-40A campfire with green flames springs forth and burns for 24 hours or until it is extinguished.41-50Three Shrieker Fungi sprout.51-601d4 + 4 bright-pink toads crawl forth. Whenever a toad is touched, it transforms into a Large or smaller monster of the DM's choice that acts in accordance with its alignment and nature. The monster remains for 1 minute, then disappears in a puff of bright-pink smoke.61-70A hungry Bulette burrows up and attacks.71-80A fruit tree grows. It has 1d10 + 20 fruit, 1d8 of which act as randomly determined potions. The tree vanishes after 1 hour. Picked fruit remains, retaining any magic for 30 days.81-90A nest of 1d4 + 3 rainbow-colored eggs springs up. Any creature that eats an egg makes a DC 20 Constitution saving throw. On a successful save, a creature permanently increases its lowest ability score by 1, randomly choosing among equally low scores. On a failed save, the creature takes 10d6 Force damage from an internal explosion.91-95A pyramid with a 60-foot-square base bursts upward. Inside is a burial chamber containing a Mummy, a Mummy Lord, or some other Undead of the DM's choice. Its sarcophagus contains treasure of the DM's choice.96-00A giant beanstalk sprouts, growing to a height of the DM's choice. The top leads where the DM chooses, such as to a great view, a cloud giant's castle, or another plane of existence."
"Bag of Devouring","DMG'24","234","very rare","Wondrous Item","","","","","","","This bag resembles a Bag of Holding but is a feeding orifice for a gigantic extradimensional creature. Turning the bag inside out closes the orifice.The extradimensional creature attached to the bag can sense whatever is placed inside the bag. Animal or vegetable matter placed wholly in the bag is devoured and lost forever. When part of a living creature is placed in the bag, as happens when someone reaches inside it, there is a 50 percent chance that the creature is pulled inside the bag. A creature inside the bag can take an action to try to escape, doing so with a successful DC 15 Strength (Athletics) check. Another creature can take an action to reach into the bag to pull a creature out, doing so with a successful DC 20 Strength (Athletics) check, provided the puller isn't pulled inside the bag first. Any creature that starts its turn inside the bag is devoured, its body destroyed.Inanimate objects can be stored in the bag, which can hold a cubic foot of such material. However, once each day, the bag swallows any objects inside it and spits them out into another plane of existence. The DM determines the time and plane.If the bag is pierced or torn, it is destroyed, and anything contained within it is transported to a random location on the Astral Plane."
"Bag of Holding","DMG'24","234","uncommon","Wondrous Item","","","","","5 lb.","","This bag has an interior space considerably larger than its outside dimensions—roughly 2 feet square and 4 feet deep on the inside. The bag can hold up to 500 pounds, not exceeding a volume of 64 cubic feet. The bag weighs 5 pounds, regardless of its contents. Retrieving an item from the bag requires a Utilize action.If the bag is overloaded, pierced, or torn, it is destroyed, and its contents are scattered in the Astral Plane. If the bag is turned inside out, its contents spill forth unharmed, but the bag must be put right before it can be used again. The bag holds enough air for 10 minutes of breathing, divided by the number of breathing creatures inside.Placing a Bag of Holding inside an extradimensional space created by a Heward's Handy Haversack, Portable Hole, or similar item instantly destroys both items and opens a gate to the Astral Plane. The gate originates where the one item was placed inside the other. Any creature within a 10-foot-radius Sphere centered on the gate is sucked through it to a random location on the Astral Plane. The gate then closes. The gate is one-way and can't be reopened."
"Bag of Tricks","DMG'24","234","uncommon","Wondrous Item","","","","","","","Multiple variations of this item exist, as listed below:Bag of Tricks, GrayBag of Tricks, RustBag of Tricks, Tan"
"Bag of Tricks, Gray","DMG'24","234","uncommon","Wondrous Item","","","","","","","This bag made from gray cloth appears empty. Reaching inside the bag, however, reveals the presence of a small, fuzzy object.You can take a Magic action to pull the fuzzy object from the bag and throw it up to 20 feet. When the object lands, it transforms into a creature you determine by rolling on the table below. See the Monster Manual for the creature's stat block. The creature vanishes at the next dawn or when it is reduced to 0 Hit Points.The creature is Friendly to you and your allies, and it acts immediately after you on your Initiative count. You can take a Bonus Action to command how the creature moves and what action it takes on its next turn, such as attacking an enemy. In the absence of such orders, the creature acts in a fashion appropriate to its nature.Once three fuzzy objects have been pulled from the bag, the bag can't be used again until the next dawn.1d8Creature1Weasel2Giant Rat3Badger4Boar5Panther6Giant Badger7Dire Wolf8Giant Elk"
"Bag of Tricks, Rust","DMG'24","234","uncommon","Wondrous Item","","","","","","","This bag made from rust cloth appears empty. Reaching inside the bag, however, reveals the presence of a small, fuzzy object.You can take a Magic action to pull the fuzzy object from the bag and throw it up to 20 feet. When the object lands, it transforms into a creature you determine by rolling on the table below. See the Monster Manual for the creature's stat block. The creature vanishes at the next dawn or when it is reduced to 0 Hit Points.The creature is Friendly to you and your allies, and it acts immediately after you on your Initiative count. You can take a Bonus Action to command how the creature moves and what action it takes on its next turn, such as attacking an enemy. In the absence of such orders, the creature acts in a fashion appropriate to its nature.Once three fuzzy objects have been pulled from the bag, the bag can't be used again until the next dawn.1d8Creature1Rat2Owl3Mastiff4Goat5Giant Goat6Giant Boar7Lion8Brown Bear"
"Bag of Tricks, Tan","DMG'24","234","uncommon","Wondrous Item","","","","","","","This bag made from tan cloth appears empty. Reaching inside the bag, however, reveals the presence of a small, fuzzy object.You can take a Magic action to pull the fuzzy object from the bag and throw it up to 20 feet. When the object lands, it transforms into a creature you determine by rolling on the table below. See the Monster Manual for the creature's stat block. The creature vanishes at the next dawn or when it is reduced to 0 Hit Points.The creature is Friendly to you and your allies, and it acts immediately after you on your Initiative count. You can take a Bonus Action to command how the creature moves and what action it takes on its next turn, such as attacking an enemy. In the absence of such orders, the creature acts in a fashion appropriate to its nature.Once three fuzzy objects have been pulled from the bag, the bag can't be used again until the next dawn.1d8Creature1Jackal2Ape3Baboon4Axe Beak5Black Bear6Giant Weasel7Giant Hyena8Tiger"
"Barrier Tattoo (Large)","TCE","122","very rare","Wondrous Item (Tattoo)","requires attunement","","","","","","Produced by a special needle, this magic tattoo depicts protective imagery and uses ink that resembles liquid metal. Tattoo Attunement. To attune to this item, you hold the needle to your skin where you want the tattoo to appear, pressing the needle there throughout the attunement process. When the attunement is complete, the needle turns into the ink that becomes the tattoo, which appears on the skin.If your attunement to the tattoo ends, the tattoo vanishes, and the needle reappears in your space. Protection. While you aren't wearing armor, the tattoo grants you an Armor Class of 18. You can use a shield and still gain this benefit."
"Barrier Tattoo (Medium)","TCE","122","rare","Wondrous Item (Tattoo)","requires attunement","","","","","","Produced by a special needle, this magic tattoo depicts protective imagery and uses ink that resembles liquid metal. Tattoo Attunement. To attune to this item, you hold the needle to your skin where you want the tattoo to appear, pressing the needle there throughout the attunement process. When the attunement is complete, the needle turns into the ink that becomes the tattoo, which appears on the skin.If your attunement to the tattoo ends, the tattoo vanishes, and the needle reappears in your space. Protection. While you aren't wearing armor, the tattoo grants you an Armor Class of 15 + your Dexterity modifier (maximum of +2). You can use a shield and still gain this benefit."
"Barrier Tattoo (Small)","TCE","122","uncommon","Wondrous Item (Tattoo)","requires attunement","","","","","","Produced by a special needle, this magic tattoo depicts protective imagery and uses ink that resembles liquid metal. Tattoo Attunement. To attune to this item, you hold the needle to your skin where you want the tattoo to appear, pressing the needle there throughout the attunement process. When the attunement is complete, the needle turns into the ink that becomes the tattoo, which appears on the skin.If your attunement to the tattoo ends, the tattoo vanishes, and the needle reappears in your space. Protection. While you aren't wearing armor, the tattoo grants you an Armor Class of 12 + your dexterity bonus. You can use a shield and still gain this benefit."
"Battle Standard of Infernal Power","BGDIA","223","very rare","Wondrous Item","requires attunement","","","","","","This hell-forged battle standard is made of infernal iron and fitted with a small, unopenable cage containing a quasit. The trapped quasit is incapacitated, and its cage has AC 19, 10 hit points, and immunity to all types of damage except force damage. If killed or somehow released, the quasit disappears in a cloud of smoke, and a new one appears in the cage, provided the cage is intact.While you hold the banner, your weapon attacks and those of all allied creatures within 300 feet of you count as magical for the purposes of overcoming damage immunities and resistances."
"Bead of Force","DMG'24","234","rare","Wondrous Item","","","","","½ lb.","","This small black sphere measures 3/4 of an inch in diameter and weighs an ounce. Typically, 1d4 + 4 Beads of Force are found together.You can take a Magic action to throw the bead up to 60 feet. The bead explodes in a 10-foot-radius Sphere on impact and is destroyed. Each creature in the Sphere must succeed on a DC 15 Dexterity saving throw or take 5d4 Force damage. A sphere of transparent force then encloses the area for 1 minute. Any creature that failed the save and is completely within the area is trapped inside this sphere. Creatures that succeeded on the save or are partially within the area are pushed away from the center of the sphere until they are no longer inside it. Only breathable air can pass through the sphere's wall. No attack or other effect can pass through.An enclosed creature can take a Utilize action to push against the sphere's wall, moving the sphere up to half the creature's Speed. The sphere can be picked up, and its magic causes it to weigh only 1 pound, regardless of the weight of creatures inside."
"Bead of Nourishment","DMG'24","235","common","Wondrous Item","","","","","","","This flavorless, gelatinous bead dissolves on your tongue and provides as much nourishment as 1 day of Rations."
"Bead of Refreshment","DMG'24","235","common","Wondrous Item","","","","","","","This flavorless, gelatinous bead dissolves in liquid, transforming up to a pint of the liquid into fresh, cold drinking water. The bead has no effect on magical liquids or harmful substances such as poison."
"Belashyrra's Beholder Crown","ERLW","276","legendary","Wondrous Item","requires attunement","","","","","","This symbiotic crown is carved from dark purple and mauve stone, with ten points like stalks set with gemstones resembling the eyestalks of a beholder. To attune to this item, you must wear it on your head for the entire attunement period, during which the crown's hidden tendrils burrow into your scalp to bond with your skull.While wearing the crown, you can see normally in darkness, both magical and nonmagical, to a distance of 120 feet. Spells. The crown has 10 charges. While wearing it, you can use an action to expend some of its charges to cast one of the following spells from it (spell save DC 16): charm person (1 charge), disintegrate (6 charges), fear (3 charges), finger of death (7 charges), flesh to stone (6 charges), hold person (2 charges), ray of enfeeblement (2 charges), sleep (1 charge), slow (3 charges), telekinesis (5 charges).The crown regains 1d6 + 3 expended charges daily at dawn. Symbiotic Nature. The crown can't be removed from you while you're attuned to it, and you can't voluntarily end your attunement to it. If you're targeted by a spell that ends a curse, your attunement to the crown ends, and it detaches from you.The daelkyr Belashyrra made these crowns. While on the same plane of existence as the crown, Belashyrra can see through its eyestalks."
"Bell Branch","TCE","122","rare","Wondrous Item, Spellcasting Focus","requires attunement by a druid or warlock","","","","","","This silver implement is shaped like a tree branch and is strung with small golden bells. The branch is a spellcasting focus for your spells while you hold it.The branch has 3 charges, and it regains 1d3 expended charges daily at dawn. You can use the charges in the following ways while holding it:As a bonus action, you can expend 1 charge to detect the presence of aberrations, celestials, constructs, elementals, fey, fiends, or undead within 60 feet of you. If such creatures are present and don't have total cover from you, the bells ring softly, their tone indicating the creature types present.As an action, you can expend 1 charge to cast protection from evil and good."
"Belt of Cloud Giant Strength","DMG'24","236","legendary","Wondrous Item","requires attunement","","","","","","While wearing this belt, your Strength score changes to 27. The item has no effect on you if your Strength without the belt is equal to or greater than the belt's score."
"Belt of Dwarvenkind","DMG'24","235","rare","Wondrous Item","requires attunement","","","","","","While wearing this belt, you gain the following benefits:Dwarvish. You know Dwarvish.Friend of Dwarvenkind. You have Advantage on Charisma (Persuasion) checks made to interact with dwarves and duergar.Toughness. Your Constitution increases by 2, to a maximum of 20.In addition, while attuned to the belt, you have a 50 percent chance each day at dawn of growing a full beard if you can grow one, or a thicker beard if you already have one.If you aren't a dwarf or duergar, you gain the following additional benefits while wearing the belt:Darkvision. You have Darkvision with a range of 60 feet.Resilience. You have Resistance to Poison damage. You also have Advantage on saving throws you make to avoid or end the Poisoned condition."
"Belt of Fire Giant Strength","DMG'24","236","very rare","Wondrous Item","requires attunement","","","","","","While wearing this belt, your Strength score changes to 25. The item has no effect on you if your Strength without the belt is equal to or greater than the belt's score."
"Belt of Frost Giant Strength","DMG'24","236","very rare","Wondrous Item","requires attunement","","","","","","While wearing this belt, your Strength score changes to 23. The item has no effect on you if your Strength without the belt is equal to or greater than the belt's score."
"Belt of Giant Strength","DMG'24","236","varies","Wondrous Item","requires attunement","","","","","","BeltStr.RarityBelt of Hill Giant Strength21RareBelt of Frost Giant Strength or Belt of Stone Giant Strength23Very RareBelt of Fire Giant Strength25Very RareBelt of Cloud Giant Strength27LegendaryBelt of Storm Giant Strength29Legendary"
"Belt of Hill Giant Strength","DMG'24","236","rare","Wondrous Item","requires attunement","","","","","","While wearing this belt, your Strength score changes to 21. The item has no effect on you if your Strength without the belt is equal to or greater than the belt's score."
"Belt of Stone Giant Strength","DMG'24","236","very rare","Wondrous Item","requires attunement","","","","","","While wearing this belt, your Strength score changes to 23. The item has no effect on you if your Strength without the belt is equal to or greater than the belt's score."
"Belt of Storm Giant Strength","DMG'24","236","legendary","Wondrous Item","requires attunement","","","","","","While wearing this belt, your Strength score changes to 29. The item has no effect on you if your Strength without the belt is equal to or greater than the belt's score."
"Berserker Axe","DMG'24","236","rare","Generic Variant","requires attunement","","","","","","You gain a +1 bonus to attack rolls and damage rolls made with this magic weapon. In addition, while you are attuned to this weapon, your Hit Point maximum increases by 1 for each level you have attained. Curse. This weapon is cursed, and becoming attuned to it extends the curse to you. As long as you remain cursed, you are unwilling to part with the weapon, keeping it within reach at all times. You also have Disadvantage on attack rolls with weapons other than this one.Whenever another creature damages you while the weapon is in your possession, you must succeed on a DC 15 Wisdom saving throw or go berserk. This berserk state ends when you start your turn and there are no creatures within 60 feet of you that you can see or hear.While berserk, you regard the creature nearest to you that you can see or hear as your enemy. If there are multiple possible creatures, choose one at random. On each of your turns, you must move as close to the creature as possible and take the Attack action, targeting the creature. If you're unable to get close enough to the creature to attack it with the weapon, your turn ends after you've used up all your available movement. If the creature dies or can no longer be seen or heard by you, the next nearest creature that you can see or hear becomes your new target. Base items. This item variant can be applied to the following base items:Battleaxe (Berserker Battleaxe)Greataxe (Berserker Greataxe)Halberd (Berserker Halberd)"
"Black Dragon Scale Mail","DMG'24","254","very rare","Medium Armor (Scale Mail)","requires attunement","AC 14 + Dex (max 2)","","","45 lb.","","Dragon Scale Mail is made of the scales of one kind of dragon. Sometimes dragons collect their cast-off scales and gift them. Other times, hunters carefully preserve the hide of a dead dragon. In either case, Dragon Scale Mail is highly valued.While wearing this armor, you gain a +1 bonus to Armor Class, you have Advantage on saving throws against the breath weapons of Dragons, and you have Resistance to Acid damage.Additionally, you can focus your senses as a Magic action to discern the distance and direction to the closest black dragon within 30 miles of yourself. This action can't be used again until the next dawn.The wearer has Disadvantage on Dexterity (Stealth) checks."
"Blackrazor","DMG'24","236","artifact","Weapon (Greatsword), Martial Weapon, Melee Weapon","requires attunement","2d6 Slashing","Heavy, Two‑Handed","Mastery: Graze","6 lb.","","Hidden in the dungeon of White Plume Mountain, Blackrazor shines like a piece of night sky filled with stars. Its black scabbard is decorated with pieces of cut obsidian.You gain a +3 bonus to attack rolls and damage rolls made with this magic weapon. If you hit an Undead with this weapon, you take 1d10 Necrotic damage, and the target regains 1d10 Hit Points. If this Necrotic damage reduces you to 0 Hit Points, Blackrazor devours your soul (see ""Devour Soul"" below).While you hold this weapon, you have Immunity to the Charmed and Frightened conditions, and you have Blindsight with a range of 30 feet. Devour Soul. Whenever you use Blackrazor to reduce a creature to 0 Hit Points, the sword slays the creature and devours its soul unless it is a Construct or an Undead. A creature whose soul has been devoured by Blackrazor can be restored to life only by a Wish spell.When Blackrazor devours a soul that isn't yours, you gain Temporary Hit Points equal to the slain creature's Hit Point maximum. Haste. Blackrazor can cast Haste on you, after which it can't cast this spell again until the next dawn. Blackrazor decides when to cast the spell, which takes effect at the start of your turn. The spell lasts for 1 minute (no Concentration required) or until Blackrazor decides to end it, which it can do at the end of any of your turns. Sentience. Blackrazor is a sentient Chaotic Neutral weapon with an Intelligence of 17, a Wisdom of 10, and a Charisma of 19. It has hearing and Darkvision out to 120 feet.The weapon speaks Common and can communicate with its wielder telepathically. Its voice is deep and echoing. While you are attuned to it, Blackrazor also understands every language you know. Personality. Blackrazor speaks with an imperious tone, as though accustomed to being obeyed.The sword's purpose is to consume souls. It doesn't care whose souls it eats, including the wielder's. The sword believes that all matter and energy sprang from a void of negative energy and will one day return to it. Blackrazor is meant to hurry that process along.Despite its nihilism, Blackrazor feels a strange kinship to Wave and Whelm, two other weapons locked away under White Plume Mountain. It wants the three weapons to be reunited and wielded together in combat, even though it violently disagrees with Whelm and finds Wave tedious.Blackrazor's hunger for souls must be regularly fed. If the sword goes 3 days or more without consuming a soul, a conflict between it and its wielder occurs at the next sunset. Destroying Blackrazor. Blackrazor can be destroyed by crushing it in the great gears of Mechanus. Primus, the creator of the modrons, also knows a series of musical tones that Blackrazor can't stand to hear, causing the sword to shatter. Heavy. You have Disadvantage on attack rolls with a Heavy weapon if it's a Melee weapon and your Strength score isn't at least 13 or if it's a Ranged weapon and your Dexterity score isn't at least 13. Two-Handed. A Two-Handed weapon requires two hands when you attack with it. Mastery: Graze. If your attack roll with this weapon misses a creature, you can deal damage to that creature equal to the ability modifier you used to make the attack roll. This damage is the same type dealt by the weapon, and the damage can be increased only by increasing the ability modifier."
"Blade of Avernus","BGDIA","150","artifact","Weapon (Longsword), Martial Weapon, Melee Weapon","requires attunement","1d8 Slashing","versatile (1d10)","","3 lb.","","You gain a +3 bonus to attack and damage rolls made with this magic weapon. In addition, the weapon ignores resistance to slashing damage.When you attack a creature that has at least one head with this weapon and roll a 20 on the attack roll, you cut off one of the creature's heads. The creature dies if it can't survive without the lost head. A creature is immune to this effect if it is immune to slashing damage, doesn't have or need a head, has legendary actions, or the DM decides that the creature is too big for its head to be cut off with this weapon. Such a creature instead takes an extra 6d8 slashing damage from the hit. Random Properties. The sword has the following randomly determined properties, as described in chapter 7 of the Dungeon Master's Guide:2 minor beneficial properties1 major beneficial property1 major detrimental property, which is suppressed while the sword is attuned to an archdevil Ruler of Avernus. As an action, you can point this sword at one devil you can see within 60 feet of you. That devil must succeed on a DC 22 Charisma saving throw or be charmed by you for 1 hour. While charmed in this way, the devil follows your orders to the best of its ability. If you command the devil to do something it perceives as suicidal, the effect ends and you can no longer use this power of the sword against that devil. Infernal Recall. As an action, you can use the sword to cast word of recall. Creatures transported by this spell appear in an unoccupied space within 30 feet of the current ruler of Avernus, or a sanctuary you designate if you rule Avernus. Destroying the Sword. The sword can be destroyed by casting it into the River Styx or melting it down in the forge that created it. Versatile. This weapon can be used with one or two hands. A damage value in parentheses appears with the property—the damage when the weapon is used with two hands to make a melee attack."
"Blood Fury Tattoo","TCE","122","legendary","Wondrous Item (Tattoo)","requires attunement","","","","","","Produced by a special needle, this magic tattoo evokes fury in its form and colors. Tattoo Attunement. To attune to this item, you hold the needle to your skin where you want the tattoo to appear, pressing the needle there throughout the attunement process. When the attunement is complete, the needle turns into the ink that becomes the tattoo, which appears on the skin.If your attunement to the tattoo ends, the tattoo vanishes, and the needle reappears in your space. Bloodthirsty Strikes. The tattoo has 10 charges, and it regains all expended charges daily at dawn. While this tattoo is on your skin, you gain the following benefits:When you hit a creature with a weapon attack, you can expend a charge to deal an extra 4d6 necrotic damage to the target, and you regain a number of hit points equal to the necrotic damage dealt.When a creature you can see damages you, you can expend a charge and use your reaction to make a melee attack against that creature, with advantage on your attack roll."
"Blue Dragon Scale Mail","DMG'24","254","very rare","Medium Armor (Scale Mail)","requires attunement","AC 14 + Dex (max 2)","","","45 lb.","","Dragon Scale Mail is made of the scales of one kind of dragon. Sometimes dragons collect their cast-off scales and gift them. Other times, hunters carefully preserve the hide of a dead dragon. In either case, Dragon Scale Mail is highly valued.While wearing this armor, you gain a +1 bonus to Armor Class, you have Advantage on saving throws against the breath weapons of Dragons, and you have Resistance to Lightning damage.Additionally, you can focus your senses as a Magic action to discern the distance and direction to the closest blue dragon within 30 miles of yourself. This action can't be used again until the next dawn.The wearer has Disadvantage on Dexterity (Stealth) checks."
"Book of Exalted Deeds","DMG'24","237","artifact","Wondrous Item","requires attunement","","","","5 lb.","","The definitive treatise on all that is good in the multiverse, the Book of Exalted Deeds figures prominently in many religions. Rather than being a scripture devoted to a particular faith, the book's authors filled the pages with their own visions of true virtue, providing guidance for defeating evil.The Book of Exalted Deeds rarely lingers in one place. As soon as the book is read, it vanishes to some other corner of the multiverse where its moral guidance can bring hope to an endangered world. Although attempts have been made to copy the work, efforts to do so fail to capture its magical nature or translate the benefits it offers to those pure of heart and firm of purpose.A heavy clasp, wrought to look like angel wings, keeps the book's contents secure. Only a creature that is attuned to the book can release the clasp that holds it shut. Once the book is opened, the attuned creature must spend 80 hours reading and studying the book to digest its contents and gain its benefits.Other creatures that peruse the book's open pages can read the text but glean no deeper meaning and reap no benefits. A Fiend, an Undead, or a servant of a god from the Lower Planes that tries to read from the book takes 24d6 Radiant damage. This damage ignores Resistance and Immunity, and it can't be reduced or avoided by any means. A creature reduced to 0 Hit Points by this damage disappears in a flash and is destroyed, leaving its possessions behind. The book then vanishes, and the creature's Attunement to it ends.Benefits granted by the Book of Exalted Deeds last only as long as you strive to do good. If you fail to perform at least one act of kindness or generosity within the span of 10 days, or if you willingly perform an evil act, you lose all the benefits granted by the book. Celestial Calm. While attuned to the book, you have Immunity to the Charmed and Frightened conditions and Resistance to Psychic damage. These benefits become permanent after you spend the requisite amount of time reading and studying the book. Divine Wisdom. After you spend the requisite amount of time reading and studying the book, your Wisdom increases by 2, to a maximum of 24. You can't gain this benefit from the book more than once. Enlightened Magic. After you spend the requisite amount of time reading and studying the book, any spell slot you expend to cast a spell counts as a spell slot of one level higher. Halo. After you spend the requisite amount of time reading and studying the book, you gain a protective halo. This halo sheds Bright Light in a 10-foot radius and Dim Light for an additional 10 feet. You can dismiss or manifest the halo as a Bonus Action. While present, the halo gives you Advantage on Charisma (Persuasion) checks. In addition, Fiends and Undead within the halo's Bright Light make attack rolls against you with Disadvantage. Random Properties. The Book of Exalted Deeds has the following random properties:2 minor beneficial properties2 major beneficial properties Destroying the Book. The Book of Exalted Deeds can't be destroyed. However, drowning the book in the River Styx removes all writing and imagery from its pages and renders the book powerless for 1d100 years."
"Book of Vile Darkness","DMG'24","238","artifact","Wondrous Item","requires attunement","","","","5 lb.","","The contents of this foul manuscript are the meat and drink of the wicked. It contains knowledge so horrid that to even glimpse the scrawled pages invites doom.Most believe the lich-god Vecna authored the Book of Vile Darkness. He recorded in its pages every horrid idea, every corrupt thought, and every example of foul magic he came across or devised.Other practitioners of evil have added their own input to the book's catalog of vile knowledge. Their additions are clear, for the writers of later works stitched whatever they were writing into the tome or, in some cases, made notations and additions to existing text. There are places where pages are missing, torn, or covered so completely with ink, blood, and scratches that the original text can't be divined.Nature can't abide the book's presence. Ordinary plants wither in its presence, common animals are unwilling to approach it, and the book gradually destroys whatever it touches. Even stone cracks and turns to powder if the book rests on it long enough.Whenever a creature that isn't a Fiend or an Undead attunes to the Book of Vile Darkness, that creature makes a DC 17 Charisma saving throw. On a failed save, the creature is magically transformed into a Larva under the DM's control. Only a Wish spell can reverse this vile transformation.A creature attuned to the book must spend 80 hours reading and studying it to digest its contents and use its Adjusted Ability Scores, Tireless Form, Spells, Vile Lore, and Vile Speech properties.The Book of Vile Darkness remains with you only as long as you strive to work evil in the world. If you fail to perform at least one evil act within the span of 10 days, or if you willingly perform a good act, the book disappears, your Attunement to it ends immediately, and you lose all benefits granted by it. If you die while attuned to the book, an entity of great evil claims your soul. You can't be restored to life by any means while your soul remains imprisoned. Adjusted Ability Scores. One ability score of your choice increases by 2, to a maximum of 24. Another ability score of your choice decreases by 2, to a minimum of 3. The book can't adjust your ability scores again. Tireless Form. While the book is on your person, you have Immunity to the Exhaustion condition. Random Properties. The Book of Vile Darkness has the following random properties:3 minor beneficial properties1 major beneficial property3 minor detrimental properties2 major detrimental properties Spells. While holding the book and holding it, you can cast the following spells (save DC 18) from it:Animate DeadCircle of DeathDominate MonsterFinger of DeathOnce you use the book to cast a spell, you can't cast that spell again from it until the next dawn. Vile Lore. You can reference the Book of Vile Darkness whenever you make an Intelligence check to recall information about some aspect of evil, such as lore about demons. When you do so, you have Advantage on that check.At the DM's discretion, the book might reveal secrets no mortal should know, such as the true names of powerful Fiends, foul rites that allow one to transform into a death knight or lich, or long-lost spells crafted by beings so evil their names ought never to be spoken aloud. Vile Speech. While the book is on your person, you can take a Magic action to recite words from its pages in a foul, dead language. Each time you do so, you take 1d12 Psychic damage, and each creature within 15 feet of you takes 3d6 Psychic damage unless the creature is a Fiend or an Undead. Destroying the Book. The Book of Vile Darkness allows pages to be torn from it, but any evil lore contained on those pages finds its way back into the book eventually, usually when a new author adds pages to the tome.If a solar tears the book in two, the book is destroyed for 1d100 years, after which it re-forms in some far corner of the multiverse.A creature attuned to the book for 100 years can unearth a phrase hidden in the original text that, when translated to Celestial and spoken aloud, destroys both the speaker and the book in a flash of radiance. However, as long as evil exists in the multiverse, the book re-forms 1d10 × 100 years later."
"Boots of Elvenkind","DMG'24","239","uncommon","Wondrous Item","","","","","","","While you wear these boots, your steps make no sound, regardless of the surface you are moving across. You also have Advantage on Dexterity (Stealth) checks."
"Boots of False Tracks","DMG'24","239","common","Wondrous Item","","","","","","","While wearing these boots, you can have them leave tracks like those of any kind of Humanoid of your size."
"Boots of Levitation","DMG'24","239","rare","Wondrous Item","requires attunement","","","","","","While you wear these boots, you can cast Levitate on yourself."
"Boots of Speed","DMG'24","240","rare","Wondrous Item","requires attunement","","","","","","While you wear these boots, you can take a Bonus Action to click the boots' heels together. If you do, the boots double your Speed, and any creature that makes an Opportunity Attack against you has Disadvantage on the attack roll. If you click your heels together again, you end the effect.When you've used the boots' property for a total of 10 minutes, the magic ceases to function for you until you finish a Long Rest."
"Boots of Striding and Springing","DMG'24","240","uncommon","Wondrous Item","requires attunement","","","","","","While you wear these boots, your Speed becomes 30 feet unless your Speed is higher, and your Speed isn't reduced by you carrying weight in excess of your carrying capacity or wearing Heavy Armor.Once on each of your turns, you can jump up to 30 feet by spending only 10 feet of movement."
"Boots of the Winding Path","EFA","112","uncommon","Wondrous Item","requires attunement","","","","","","While wearing these boots, you can take a Bonus Action to teleport up to 15 feet to an unoccupied space you can see. You must have occupied that space at some point during the current turn."
"Boots of the Winterlands","DMG'24","240","uncommon","Wondrous Item","requires attunement","","","","","","These furred boots are snug and feel warm. While wearing them, you gain the following benefits. Cold Resistance. You have Resistance to Cold damage and can tolerate temperatures of 0 degrees Fahrenheit or lower without any additional protection. Winter Strider. You ignore Difficult Terrain created by ice or snow."
"Bowl of Commanding Water Elementals","DMG'24","240","rare","Wondrous Item","","","","","","","While this bowl is filled with water and you are within 5 feet of it, you can take a Magic action to summon a Water Elemental. The elemental appears in an unoccupied space as close to the bowl as possible, understands your languages, obeys your commands, and takes its turn immediately after you on your Initiative count. The elemental disappears after 1 hour, when it dies, or when you dismiss it as a Bonus Action. The bowl can't be used this way again until the next dawn.The bowl is about 1 foot in diameter and half as deep. It holds about 3 gallons."
"Bracers of Archery","DMG'24","240","uncommon","Wondrous Item","requires attunement","","","","","","While wearing these bracers, you have proficiency with the Longbow and Shortbow, and you gain a +2 bonus to damage rolls made with such weapons."
"Bracers of Defense","DMG'24","241","rare","Wondrous Item","requires attunement","","","","","","While wearing these bracers, you gain a +2 bonus to Armor Class if you are wearing no armor and using no Shield."
"Brass Dragon Scale Mail","DMG'24","254","very rare","Medium Armor (Scale Mail)","requires attunement","AC 14 + Dex (max 2)","","","45 lb.","","Dragon Scale Mail is made of the scales of one kind of dragon. Sometimes dragons collect their cast-off scales and gift them. Other times, hunters carefully preserve the hide of a dead dragon. In either case, Dragon Scale Mail is highly valued.While wearing this armor, you gain a +1 bonus to Armor Class, you have Advantage on saving throws against the breath weapons of Dragons, and you have Resistance to Fire damage.Additionally, you can focus your senses as a Magic action to discern the distance and direction to the closest brass dragon within 30 miles of yourself. This action can't be used again until the next dawn.The wearer has Disadvantage on Dexterity (Stealth) checks."
"Brazier of Commanding Fire Elementals","DMG'24","241","rare","Wondrous Item","","","","","","","While you are within 5 feet of this brazier, you can take a Magic action to summon a Fire Elemental. The elemental appears in an unoccupied space as close to the brazier as possible, understands your languages, obeys your commands, and takes its turn immediately after you on your Initiative count. The elemental disappears after 1 hour, when it dies, or when you dismiss it as a Bonus Action. The brazier can't be used this way again until the next dawn."
"Bronze Dragon Scale Mail","DMG'24","254","very rare","Medium Armor (Scale Mail)","requires attunement","AC 14 + Dex (max 2)","","","45 lb.","","Dragon Scale Mail is made of the scales of one kind of dragon. Sometimes dragons collect their cast-off scales and gift them. Other times, hunters carefully preserve the hide of a dead dragon. In either case, Dragon Scale Mail is highly valued.While wearing this armor, you gain a +1 bonus to Armor Class, you have Advantage on saving throws against the breath weapons of Dragons, and you have Resistance to Lightning damage.Additionally, you can focus your senses as a Magic action to discern the distance and direction to the closest bronze dragon within 30 miles of yourself. This action can't be used again until the next dawn.The wearer has Disadvantage on Dexterity (Stealth) checks."
"Brooch of Shielding","DMG'24","241","uncommon","Wondrous Item","requires attunement","","","","","","While wearing this brooch, you have Resistance to Force damage, and you have Immunity to damage from the Magic Missile spell."
"Brooch of the Elements","NF","undefined","rare","Wondrous Item","requires attunement","","","","","","The central jewel of this butterfly-shaped brooch swirls with multicolored iridescence.The brooch has 3 charges and regains all expended charges daily at dawn. As a Reaction when a creature you can see within 60 feet of you hits a target with an attack roll and deals damage, you can expend 1 charge and change one damage type the attack deals to one of the following damage types: Acid, Cold, Fire, Lightning, Poison, or Thunder."
"Broom of Flying","DMG'24","241","uncommon","Wondrous Item","requires attunement","","","","","","This wooden broom functions like a mundane broom until you stand astride it and take a Magic action to make it hover beneath you, at which time it can be ridden in the air. It has a Fly Speed of 50 feet. It can carry up to 400 pounds, but its Fly Speed becomes 30 feet while carrying over 200 pounds. The broom stops hovering when you land or when you're no longer riding it.As a Magic action, you can send the broom to travel alone to a destination within 1 mile of you if you name the location and are familiar with it. The broom comes back to you when you take a Magic action and use a command word if the broom is still within 1 mile of you."
"Candle Mace","BGDIA","39","unknown (magic)","Weapon (Mace), Simple Weapon, Melee Weapon","","1d6 Bludgeoning","","","4 lb.","","You have a +1 bonus to attack and damage rolls made with this magic weapon. The head of this mace sheds bright light in a 5-foot-radius and dim light for an additional 5 feet. When you wield this mace, you can extinguish or ignite its light as an action."
"Candle of Invocation","DMG'24","241","very rare","Wondrous Item","requires attunement","","","","","","This candle's magic is activated when the candle is lit, which requires a Magic action. After burning for 4 hours, the candle is destroyed. You can snuff it out early for use at a later time. Deduct the time it burned in increments of 1 minute from its total burn time.While lit, the candle sheds Dim Light in a 30-foot radius. While you are within that light, you have Advantage on D20 Tests. In addition, a Cleric or Druid in the light can cast level 1 spells they have prepared without expending spell slots.Alternatively, when you light the candle for the first time, you can cast Gate with it. Doing so destroys the candle. The portal created by the spell links to a particular Outer Plane chosen by the DM or determined by rolling on the following table.1d100Outer Plane01-05Abyss06-10Acheron11-17Arborea18-25Arcadia26-33Beastlands34-41Bytopia42-46Carceri47-54Elysium55-59Gehenna60-64Hades65-69Limbo70-77Mechanus78-85Mount Celestia86-90Nine Hells91-95Pandemonium96-00Ysgard"
"Candle of the Deep","DMG'24","242","common","Wondrous Item","","","","","","","The flame of this candle isn't extinguished when immersed in water. It gives off light and heat like a normal candle."
"Cap of Water Breathing","DMG'24","242","uncommon","Wondrous Item","","","","","","","While wearing this cap underwater, you can take a Magic action to create a bubble of air around your head. This bubble allows you to breathe normally underwater. This bubble stays with you until the cap is removed or you are no longer underwater."
"Cape of the Mountebank","DMG'24","242","rare","Wondrous Item","","","","","","","This cape smells faintly of brimstone. While wearing it, you can use it to cast Dimension Door as a Magic action. This property can't be used again until the next dawn.When you teleport with that spell, you leave behind a cloud of smoke. The space you left is Lightly Obscured by that smoke until the end of your next turn."
"Carpet of Flying","DMG'24","242","very rare","Wondrous Item","","","","","","","You can make this carpet hover and fly by taking a Magic action and using the carpet's command word. It moves according to your directions if you are within 30 feet of it.Four sizes of Carpet of Flying exist. The DM chooses the size of a given carpet or determines it randomly by rolling on the following table. A carpet can carry up to twice the weight shown on the table, but its Fly Speed is halved if it carries more than its normal capacity.Applicable Carpet Sizes1d100SizeCapacityFly Speed01-20Carpet of Flying, 3 ft. × 5 ft.200 lb.80 feet21-55Carpet of Flying, 4 ft. × 6 ft.400 lb.60 feet56-80Carpet of Flying, 5 ft. × 7 ft.600 lb.40 feet81-00Carpet of Flying, 6 ft. × 9 ft.800 lb.30 feet"
"Carpet of Flying, 3 ft. × 5 ft.","DMG'24","242","very rare","Wondrous Item","","","","","","","You can make this carpet hover and fly by taking a Magic action and using the carpet's command word. It moves according to your directions if you are within 30 feet of it.A 3 ft. × 5 ft. carpet can carry up to 200 lb. at a fly speed of 80 feet. A carpet can carry up to twice the weight shown on the table, but its Fly Speed is halved if it carries more than its normal capacity."
"Carpet of Flying, 4 ft. × 6 ft.","DMG'24","242","very rare","Wondrous Item","","","","","","","You can make this carpet hover and fly by taking a Magic action and using the carpet's command word. It moves according to your directions if you are within 30 feet of it.A 4 ft. × 6 ft. carpet can carry up to 400 lb. at a fly speed of 60 feet. A carpet can carry up to twice the weight shown on the table, but its Fly Speed is halved if it carries more than its normal capacity."
"Carpet of Flying, 5 ft. × 7 ft.","DMG'24","242","very rare","Wondrous Item","","","","","","","You can make this carpet hover and fly by taking a Magic action and using the carpet's command word. It moves according to your directions if you are within 30 feet of it.A 5 ft. × 7 ft. carpet can carry up to 600 lb. at a fly speed of 40 feet. A carpet can carry up to twice the weight shown on the table, but its Fly Speed is halved if it carries more than its normal capacity."
"Carpet of Flying, 6 ft. × 9 ft.","DMG'24","242","very rare","Wondrous Item","","","","","","","You can make this carpet hover and fly by taking a Magic action and using the carpet's command word. It moves according to your directions if you are within 30 feet of it.A 6 ft. × 9 ft. carpet can carry up to 800 lb. at a fly speed of 30 feet. A carpet can carry up to twice the weight shown on the table, but its Fly Speed is halved if it carries more than its normal capacity."
"Cartographer's Map Case","AI","20","common","Wondrous Item","","","","","","","Map of Shortcuts. At rank 3, your map case becomes a common magic item. In addition to storing normal maps, your cartographer's map case can be used to generate a special map identifying a shortcut. You can use your action to make a DC 15 Wisdom (Perception) check, with a success revealing a map buried in your cartographer's map case noting a relevant shortcut. Your travel time is reduced by half while you follow that route. If you succeed at the check by 5 or more, the map includes notes on the terrain, granting you advantage on the next ability check you make to travel through the mapped area in the next hour. Once you use this feature, you cannot use it again until you finish a long rest. Map of the Moment. Starting at rank 3, you can use an action to make a DC 15 Wisdom (Perception) check and search your cartographer's map case to find a map either related to your current mission or inspiring a new one. On a success, you find a map with a prominent landmark. The map has information on the natural terrain within one mile of the landmark. Once you use this feature, you cannot use it again until dawn seven days later.Possible Map Mission Landmarksd8Landmark1The Ancient Sarcophagus of Gerald Smith2A tree labeled ""This tree""3""The Last Resting Place of My Rich Brother that is Also a Bear Cave""4A range of peaks known as the Slightly Wobbly Spires5An ever-flowing, nonmagical spigot of pure, clear water in the middle of nowhere6A cave filled with screaming bioluminescent worms7The most haunted forest for ten miles in any direction8A huge pile of rocks with no other rocks within sight"
"Cast-Off Armor","DMG'24","243","common","Generic Variant","","","","","","","You can doff this armor as a Magic action. Base items. This item variant can be applied to the following base items:Breastplate (Cast-Off Breastplate)Chain Mail (Cast-Off Chain Mail)Chain Shirt (Cast-Off Chain Shirt)Half Plate Armor (Cast-Off Half Plate Armor)Hide Armor (Cast-Off Hide Armor)Leather Armor (Cast-Off Leather Armor)Padded Armor (Cast-Off Padded Armor)Plate Armor (Cast-Off Plate Armor)Ring Mail (Cast-Off Ring Mail)Scale Mail (Cast-Off Scale Mail)Splint Armor (Cast-Off Splint Armor)Studded Leather Armor (Cast-Off Studded Leather Armor)"
"Cauldron of Rebirth","DMG'24","243","very rare","Wondrous Item","requires attunement by a druid or warlock","","","","","","This Tiny pot bears relief scenes of heroes on its cast-iron sides.You can use the cauldron as a Spellcasting Focus for your spells, and it functions as a suitable component for the Scrying spell. Brew Potion. When you finish a Long Rest, you can use the cauldron to create a Potion of Healing (greater), which takes 1 minute. The potion lasts for 24 hours, then loses its magic if not consumed. Raise Dead. As a Magic action, you can cause the cauldron to grow large enough for a Medium creature to crouch within. You can revert the cauldron to its normal size as a Magic action, harmlessly shunting anything that can't fit inside to the nearest unoccupied space.If you place the corpse of a Humanoid into the cauldron and cover the corpse with 200 pounds of salt (which costs 10 GP) for at least 8 hours, the salt is consumed and the creature returns to life as if by Raise Dead at the next dawn. Once used, this property can't be used again for 7 days."
"Censer of Controlling Air Elementals","DMG'24","243","rare","Wondrous Item","","","","","","","While gently swinging this censer, you can take a Magic action to summon an Air Elemental. The elemental appears in an unoccupied space as close to the censer as possible, understands your languages, obeys your commands, and takes its turn immediately after you on your Initiative count. The elemental disappears after 1 hour, when it dies, or when you dismiss it as a Bonus Action. The censer can't be used this way again until the next dawn."
"Charlatan's Die","DMG'24","243","common","Wondrous Item","requires attunement","","","","","","Whenever you roll this six-sided die, you can control which number it rolls."
"Chime of Opening","DMG'24","244","rare","Wondrous Item","","","","","1 lb.","","This hollow metal tube measures about 1 foot long and weighs 1 pound. As a Magic action, you can strike the chime to cast Knock. The spell's customary knocking sound is replaced by the clear, ringing tone of the chime, which is audible out to 300 feet. The chime can be used 10 times. After the tenth time, it cracks and becomes useless."
"Chronolometer","AI","220","very rare","Wondrous Item","requires attunement","","","","","","While attuned to this device, you have a +1 bonus to Intelligence saving throws. The first time you attune to the chronolometer, you choose one language you don't know. You subsequently know that language while attuned to the device. Time Bandit. At the start of your turn, roll a d6 (no action required). On a 1–3, you slow down time, gaining an additional action on your turn and doubling your speed until the end of the turn. On a 4–6, you go forward in time to warn yourself of what is to come. The next time you fail a saving throw, attack roll, or ability check, you can reroll the check and take either result. Once you use this feature of the chronolometer, it cannot be used again until the next dawn. Fate Swap. As a reaction when a creature you can see within 30 feet of you takes damage, that creature gains an additional action if it is the creature's turn, or can take an action immediately even though it isn't the creature's turn. Once you use this feature of the chronolometer, it cannot be used again until the next dawn. Part of a Whole. While this component is not installed in the Orrery of the Wanderer, its magic might function sporadically or with unpredictable side effects, as determined by the DM."
"Circlet of Blasting","DMG'24","244","uncommon","Wondrous Item","","","","","","","While wearing this circlet, you can cast Scorching Ray with it (+5 to hit). The circlet can't cast this spell again until the next dawn."
"Cleansing Stone","ERLW","276","common","Wondrous Item","","","","","","","A cleansing stone is a sphere 1 foot in diameter, engraved with mystic sigils. When touching the stone, you can use an action to activate it and remove dirt and grime from your garments and your person.Such stones are often embedded in pedestals in public squares in Aundair or in high-end Ghallanda inns."
"Cloak of Arachnida","DMG'24","244","very rare","Wondrous Item","requires attunement","","","","","","This fine garment is made of black silk interwoven with faint, silvery threads. While wearing it, you gain the following benefits. Poison Resistance. You have Resistance to Poison damage. Spider Climb. You have a Climb Speed equal to your Speed and can move up, down, and across vertical surfaces and along ceilings, while leaving your hands free. Spider Walk. You can't be caught in webs of any sort and can move through webs as if they were Difficult Terrain. Web. You can cast Web (save DC 13). The web created by the spell fills twice its normal area. Once used, this property can't be used again until the next dawn."
"Cloak of Billowing","DMG'24","244","common","Wondrous Item","","","","","","","While wearing this cloak, you can take a Bonus Action to make it billow dramatically for 1 minute."
"Cloak of Displacement","DMG'24","244","rare","Wondrous Item","requires attunement","","","","","","While you wear this cloak, it magically projects an illusion that makes you appear to be standing in a place near your actual location, causing any creature to have Disadvantage on attack rolls against you. If you take damage, the property ceases to function until the start of your next turn. This property is suppressed while your Speed is 0."
"Cloak of Elvenkind","DMG'24","244","uncommon","Wondrous Item","requires attunement","","","","","","While you wear this cloak, Wisdom (Perception) checks made to perceive you have Disadvantage, and you have Advantage on Dexterity (Stealth) checks."
"Cloak of Invisibility","DMG'24","244","legendary","Wondrous Item","requires attunement","","","","","","This cloak has 3 charges and regains 1d3 expended charges daily at dawn. While wearing the cloak, you can take a Magic action to pull its hood over your head and expend 1 charge to give yourself the Invisible condition for 1 hour. The effect ends early if you pull the hood down (no action required) or cease wearing the hood."
"Cloak of Many Fashions","DMG'24","245","common","Wondrous Item","","","","","","","While wearing this cloak, you can take a Bonus Action to change the style, color, and apparent quality of the garment. The cloak's weight doesn't change. Regardless of its appearance, the cloak can't be anything but a cloak. Although it can duplicate the appearance of other magic cloaks, it doesn't gain their magical properties."
"Cloak of Protection","DMG'24","245","uncommon","Wondrous Item","requires attunement","","","","","","You gain a +1 bonus to Armor Class and saving throws while you wear this cloak."
"Cloak of the Bat","DMG'24","245","rare","Wondrous Item","requires attunement","","","","","","While wearing this cloak, you have Advantage on Dexterity (Stealth) checks. In an area of Dim Light or Darkness, you can grip the edges of the cloak and use it to gain a Fly Speed of 40 feet. If you ever fail to grip the cloak's edges while flying in this way, or if you are no longer in Dim Light or Darkness, you lose this Fly Speed.While wearing the cloak in an area of Dim Light or Darkness, you can cast Polymorph on yourself, shape-shifting into a Bat. While in that form, you retain your Intelligence, Wisdom, and Charisma scores. The cloak can't be used this way again until the next dawn."
"Cloak of the Manta Ray","DMG'24","245","uncommon","Wondrous Item","requires attunement","","","","","","While wearing this cloak, you can breathe underwater, and you have a Swim Speed of 60 feet."
"Clockwork Amulet","DMG'24","245","common","Wondrous Item","","","","","","","This copper amulet contains tiny interlocking gears and is powered by magic from Mechanus, a plane of clockwork predictability. Faint ticking and whirring noises emanate from within.When you make an attack roll while wearing the amulet, you can forgo rolling the d20 to get a 10 on the die. Once used, this property can't be used again until the next dawn."
"Clothes of Mending","DMG'24","245","common","Wondrous Item","","","","","","","This elegant outfit magically mends itself to counteract daily wear and tear. Pieces of the outfit that are destroyed can't be repaired in this way."
"Coiling Grasp Tattoo","TCE","123","uncommon","Wondrous Item (Tattoo)","requires attunement","","","","","","Produced by a special needle, this magic tattoo has long intertwining designs. Tattoo Attunement. To attune to this item, you hold the needle to your skin where you want the tattoo to appear, pressing the needle there throughout the attunement process. When the attunement is complete, the needle turns into the ink that becomes the tattoo, which appears on the skin.If your attunement to the tattoo ends, the tattoo vanishes, and the needle reappears in your space. Grasping Tendrils. While the tattoo is on your skin, you can, as an action, cause the tattoo to extrude into inky tendrils, which reach for a creature you can see within 15 feet of you. The creature must succeed on a DC 14 Strength saving throw or take 3d6 force damage and be grappled by you. As an action, the creature can escape the grapple by succeeding on a DC 14 Strength (Athletics) or Dexterity (Acrobatics) check. The grapple also ends if you halt it (no action required), if the creature is ever more than 15 feet away from you, or if you use this tattoo on a different creature."
"Coin of Decisionry","AI","22","varies","Wondrous Item","","","","","","","Starting at rank 2, your coin of decisionry becomes a common magic item. When you flip the coin, it always lands with the Acquisitions Incorporated sigil face down, and a message appears on the ""tails"" face. Roll a d4 on the following table to determine the message.d4Decision1Lucrative2Brand Appeal3Indeterminate4RuinousThe coin has absolutely no divination abilities, and its results when you use it are random. But nobody else knows that. When a creature within 10 feet of you flips the coin (after having had its powerful prognostication powers dutifully explained), you can exert your will to control its operation as a bonus action, choosing the result that appears after it lands as a means of gently coercing the user toward a specific course of action. The creature flipping the coin can detect your manipulation with a successful DC 13 Wisdom (Insight) check. Better Odds. When you reach rank 3, your coin of decisionry gains a measure of actual divination power and becomes an uncommon magic item. In addition to its normal function, you can use an action to flip the coin of decisionry twice while pondering a specific plan or objective, noting both random results. If you succeed on a DC 15 Intelligence (Arcana) check, you learn which of the two results is more applicable to the course of action. This property of the coin can't be used again until the next dawn."
"Cold Absorbing Tattoo","TCE","119","very rare","Wondrous Item (Tattoo)","requires attunement","","","","","","Produced by a special needle, this magic tattoo features designs that emphasize one color (blue). Tattoo Attunement. To attune to this item, you hold the needle to your skin where you want the tattoo to appear, pressing the needle there throughout the attunement process. When the attunement is complete, the needle turns into the ink that becomes the tattoo, which appears on the skin.If your attunement to the tattoo ends, the tattoo vanishes, and the needle reappears in your space. Damage Resistance. While the tattoo is on your skin, you have resistance to cold damage. Damage Absorption. When you take cold damage, you can use your reaction to gain immunity against that instance of the damage, and you regain a number of hit points equal to half the damage you would have taken. Once this reaction is used, it can't be used again until the next dawn."
"Command Amulet","MM'25","277","unknown (magic)","Other","","","","","1 lb.","","Each Shield Guardian is magically bound to an amulet. While the guardian and its amulet are on the same plane of existence, the amulet's wearer can telepathically call the guardian to travel to it, and the guardian knows the distance and direction to the amulet. If the guardian is within 60 feet of the amulet's wearer, half of any damage the wearer takes (round up) is transferred to the guardian.A shield guardian's command amulet might be passed down through a magic-using society or family for generations."
"Common Glamerweave","ERLW","277","common","Wondrous Item","","","","","","","Glamerweave is clothing imbued with harmless illusory magic. While wearing the common version of these clothes, you can use a bonus action to create a moving illusory pattern within the cloth."
"Copper Dragon Scale Mail","DMG'24","254","very rare","Medium Armor (Scale Mail)","requires attunement","AC 14 + Dex (max 2)","","","45 lb.","","Dragon Scale Mail is made of the scales of one kind of dragon. Sometimes dragons collect their cast-off scales and gift them. Other times, hunters carefully preserve the hide of a dead dragon. In either case, Dragon Scale Mail is highly valued.While wearing this armor, you gain a +1 bonus to Armor Class, you have Advantage on saving throws against the breath weapons of Dragons, and you have Resistance to Acid damage.Additionally, you can focus your senses as a Magic action to discern the distance and direction to the closest copper dragon within 30 miles of yourself. This action can't be used again until the next dawn.The wearer has Disadvantage on Dexterity (Stealth) checks."
"Crook of Rao","TCE","123","artifact","Wondrous Item","requires attunement","","","","","","Ages ago, the serene god Rao created a tool to shield his fledgling faithful against the evils of the Lower Planes. Yet, as eons passed, mortals developed their own methods of dealing with existential threats, and the crook was largely forgotten. In recent ages, though, the Crook of Rao was rediscovered and leveraged against the rising power of the Witch Queen Iggwilv (one of the names of the wizard Tasha). Although she was defeated, Iggwilv managed to damage the crook during the battle, infecting it with an insidious curse-and the potential for future victory. In the aftermath, the crook was again lost. Occasionally it reappears, but the famed artifact is not what it was. Whether or not the artifact's bearers realize its full threat, few risk using the Crook of Rao -potentially for the final time. Random Properties. The artifact has the following random properties, which you can determine by rolling on the tables in the ""Artifacts"" section of the Dungeon Master's Guide:2 minor beneficial properties1 major beneficial property1 minor detrimental property Spells. The crook has 6 charges. While holding it, you can use an action to expend 1 or more of its charges to cast one of the following spells (save DC 18) from it: aura of life (2 charges), aura of purity (2 charges), banishment (1 charge), beacon of hope (1 charge), mass cure wounds (3 charges). The crook regains 1d6 expended charges daily at dawn. Absolute Banishment. While you are attuned to the crook and holding it, you can spend 10 minutes to banish all but the mightiest fiends within 1 mile of you. Any fiend with a challenge rating of 19 or higher is unaffected. Each banished fiend is sent back to its home plane and can't return to the plane the Crook of Rao banished it from for 100 years. Failing Matrix. Whenever the Crook of Rao's Absolute Banishment property is used, or when its last charge is expended, roll on the Extraplanar Reversal table. Any creatures conjured as a result of this effect appear in random unoccupied spaces within 60 feet of you and are not under your control. Iggwilv's Curse. When the Crook was last used against Iggwilv, the Witch Queen lashed out at the artifact, infecting its magical matrix. Over the years, this curse has spread within the crook, threatening to violently pervert its ancient magic. If this occurs, the Crook of Rao, as it is currently known, is destroyed, its magical matrix inverting and exploding into a 50-foot-diameter portal. This portal functions as a permanent gate spell cast by Iggwilv. The gate then, once per round on initiative count 20, audibly speaks a fiend's name in Iggwilv's voice, doing so until the gate calls on every fiend ever banished by the Crook of Rao. If the fiend still exists, it is drawn through the gate. This process takes eighteen years to complete, at the end of which the gate becomes a permanent portal to Pazunia, the first layer of the Abyss.Extraplanar Reversald100Effect1-25A portal to a random plane opens. The portal closes after 5 minutes.26-452d4 imps and 2d4 quasits appear.46-601d8 succubi/incubi appear.61-701d10 barbed devils and 1d10 vrocks appear.71-801 arcanaloth, 1 night hag, and 1 rakshasa appear.81-851 ice devil and 1 marilith appear.86-901 balor and 1 pit fiend appear. At the DM's discretion, a portal opens into the presence of an archdevil or demon lord instead, then closes after 5 minutes.91-00Iggwilv's Curse (see the Iggwilv's Curse property). Destroying or Repairing the Crook. The Crook of Rao can either be destroyed or repaired by journeying to Mount Celestia and obtaining a tear from the eternally serene god Rao. One way to make the emotionless god cry would be to reunite Rao with the spirit of his first worshiper who sought revelations beyond the multiverse long ago. The Crook dissolves if immersed in the god's tear for a year and a day. If washed in the tear daily for 30 days, the Crook loses its Failing Matrix property."
"Crystal Ball","DMG'24","245","very rare","Wondrous Item","requires attunement","","","","3 lb.","","The typical crystal ball, a very rare item, is about 6 inches in diameter. While touching it, you can cast the Scrying spell (save DC 17) with it."
"Crystal Ball of Mind Reading","DMG'24","159","legendary","Wondrous Item","requires attunement","","","","3 lb.","","While touching this crystal orb, you can cast Scrying (save DC 17) with it. In addition, you can cast Detect Thoughts (save DC 17) targeting creatures you can see within 30 feet of the spell's sensor. You don't need to concentrate on this Detect Thoughts spell to maintain it during its duration, but it ends if the Scrying spell ends."
"Crystal Ball of Telepathy","DMG'24","159","legendary","Wondrous Item","requires attunement","","","","3 lb.","","While touching this crystal orb, you can cast Scrying (save DC 17) with it. In addition, you can communicate telepathically with creatures you can see within 30 feet of the spell's sensor. You can also cast Suggestion (save DC 17) through the sensor on one of those creatures. You don't need to concentrate on this Suggestion to maintain it during its duration, but it ends if Scrying ends. You can't cast Suggestion in this way again until the next dawn."
"Crystal Ball of True Seeing","DMG'24","159","legendary","Wondrous Item","requires attunement","","","","3 lb.","","While touching this crystal orb, you can cast Scrying (save DC 17) with it. In addition, you have Truesight with a range of 120 feet centered on the spell's sensor."
"Crystalline Chronicle","TCE","124","very rare","Wondrous Item, Spellcasting Focus","requires attunement by a wizard","","","","3 lb.","","An etched crystal sphere the size of a grapefruit hums faintly and pulses with irregular flares of inner light. While you are touching the crystal, you can retrieve and store information and spells within the crystal at the same rate as reading and writing. When found, the crystal contains the following spells: detect thoughts, intellect fortress, Rary's telepathic bond, sending, telekinesis, Tasha's mind whip, and Tenser's floating disk. It functions as a spellbook for you, with its spells and other writing psychically encoded within it.While you are holding the crystal, you can use it as a spellcasting focus for your wizard spells, and you know the mage hand, mind sliver (appears in this book), and message cantrips if you don't already know them.The crystal has 3 charges, and it regains 1d3 expended charges daily at dawn. You can use the charges in the following ways while holding it:If you spend 1 minute studying the information within the crystal, you can expend 1 charge to replace one of your prepared wizard spells with a different spell in the book.When you cast a wizard spell, you can expend 1 charge to cast the spell without verbal, somatic, or material components of up to 100 gp value."
"Cube of Force","DMG'24","246","rare","Wondrous Item","requires attunement","","","","","","This cube is about an inch across. Each face has a distinct marking on it. You can press one of those faces, expend the number of charges required for it, and thereby cast the spell associated with it (save DC 17), as shown in the Cube of Force Faces table.The cube starts with 10 charges, and it regains 1d6 expended charges daily at dawn.Cube of Force FacesSpellCharge CostMage Armor1Shield1Leomund's Tiny Hut3Mordenkainen's Private Sanctum4Otiluke's Resilient Sphere4Wall of Force5"
"Cube of Summoning","DMG'24","247","rare","Wondrous Item","","","","","","","This Tiny cube looks like a jack-in-the-box. When you wind its crank as a Magic action, a merry tune emits from the box, the lid pops open, a creature appears in the nearest unoccupied space, and the lid closes. The lid can't otherwise be opened.Roll on the Cube of Summoning table to determine which spell the cube casts to summon the creature. The spell is cast at level 5 (save DC 17, +9 attack bonus) and doesn't require Concentration, but you otherwise function as the spell's caster.Once the cube summons a creature, the cube can't do so again until the next dawn.Cube of Summoning1d6Spell1Summon Aberration2Summon Beast3Summon Construct4Summon Dragon5Summon Elemental6Summon Fey"
"Cubic Gate","DMG'24","247","legendary","Wondrous Item","","","","","","","This cube is 3 inches across and radiates palpable magical energy. The six sides of the cube are each keyed to a different plane of existence, one of which is the Material Plane. The other sides are linked to planes determined by the DM.The cube has 3 charges and regains 1d3 expended charges daily at dawn. As a Magic action, you can expend 1 of the cube's charges to cast one of the following spells using the cube. Gate. Pressing one side of the cube, you cast Gate, opening a portal to the plane of existence keyed to that side. Plane Shift. Pressing one side of the cube twice, you cast Plane Shift, transporting the targets to the plane of existence keyed to that side."
"Daern's Instant Fortress","DMG'24","247","rare","Wondrous Item","requires attunement","","","","","","As a Magic action, you can place this 1-inch adamantine statuette on the ground and, using a command word, cause it to grow rapidly into a square adamantine tower. Repeating the command word causes the tower to revert to statuette form, which works only if the tower is empty. Each creature in the area where the tower appears is pushed to an unoccupied space outside but next to the tower. Objects in the area that aren't being worn or carried are also pushed clear of the tower.The tower is 20 feet on a side and 30 feet high, with arrow slits on all sides and a battlement atop it. Its interior is divided into two floors, with a ladder, staircase, or ramp (your choice) connecting them. This ladder, staircase, or ramp ends at a trapdoor leading to the roof. When created, the tower has a single door at ground level on the side facing you. The door opens only at your command, which you can issue as a Bonus Action. It is immune to the Knock spell and similar magic.Magic prevents the tower from being tipped over. The roof, the door, and the walls each have AC 20; HP 100; Immunity to Bludgeoning, Piercing, and Slashing damage except that which is dealt by siege equipment; and Resistance to all other damage. Shrinking the tower back down to statuette form doesn't repair damage to the tower. Only a Wish spell can repair the tower (this use of the spell counts as replicating a spell of level 8 or lower). Each casting of Wish causes the tower to regain all its Hit Points."
"Dagger of Venom","DMG'24","248","rare","Weapon (Dagger), Simple Weapon, Melee Weapon","","1d4 Piercing","Finesse, Light, Thrown (20/60 ft.)","Mastery: Nick","1 lb.","","You gain a +1 bonus to attack rolls and damage rolls made with this magic weapon.You can take a Bonus Action to magically coat the blade with poison. The poison remains for 1 minute or until an attack using this weapon hits a creature. That creature must succeed on a DC 15 Constitution saving throw or take 2d10 Poison damage and have the Poisoned condition for 1 minute. The weapon can't be used this way again until the next dawn. Finesse. When making an attack with a Finesse weapon, use your choice of your Strength or Dexterity modifier for the attack and damage rolls. You must use the same modifier for both rolls. Light. When you take the Attack action on your turn and attack with a Light weapon, you can make one extra attack as a Bonus Action later on the same turn. That extra attack must be made with a different Light weapon, and you don't add your ability modifier to the extra attack's damage unless that modifier is negative. For example, you can attack with a Shortsword in one hand and a Dagger in the other using the Attack action and a Bonus Action, but you don't add your Strength or Dexterity modifier to the damage roll of the Bonus Action unless that modifier is negative. Thrown. If a weapon has the Thrown property, you can throw the weapon to make a ranged attack, and you can draw that weapon as part of the attack. If the weapon is a Melee weapon, use the same ability modifier for the attack and damage rolls that you use for a melee attack with that weapon. Mastery: Nick. When you make the extra attack of the Light property, you can make it as part of the Attack action instead of as a Bonus Action. You can make this extra attack only once per turn."
"Dancing Sword","DMG'24","248","very rare","Generic Variant","requires attunement","","","","","","You can take a Bonus Action to toss this magic weapon into the air. When you do so, the weapon begins to hover, flies up to 30 feet, and attacks one creature of your choice within 5 feet of itself. The weapon uses your attack roll and adds your ability modifier to damage rolls.While the weapon hovers, you can take a Bonus Action to cause it to fly up to 30 feet to another spot within 30 feet of you. As part of the same Bonus Action, you can cause the weapon to attack one creature within 5 feet of the weapon.After the hovering weapon attacks for the fourth time, it flies back to you and tries to return to your hand. If you have no hand free, the weapon falls to the ground in your space. If the weapon has no unobstructed path to you, it moves as close to you as it can and then falls to the ground. It also ceases to hover if you grasp it or are more than 30 feet away from it. Base items. This item variant can be applied to the following base items:Double-Bladed Scimitar (Dancing Double-Bladed Scimitar)Greatsword (Dancing Greatsword)Longsword (Dancing Longsword)Rapier (Dancing Rapier)Scimitar (Dancing Scimitar)Shortsword (Dancing Shortsword)"
"Dark Shard Amulet","DMG'24","248","common","Wondrous Item, Spellcasting Focus","requires attunement by a warlock","","","","1 lb.","","This amulet is fashioned from a shard of resilient material originating from an otherworldly realm. While you are wearing it, you gain the following benefits. Spellcasting Focus. You can use the amulet as a Spellcasting Focus for your Warlock spells. Unknown Spell. As a Magic action, you can try to cast a cantrip that you don't know. The cantrip must be on the Warlock spell list and have a casting time of an action, and you make a DC 10 Intelligence (Arcana) check. On a successful check, you cast the spell. On a failed check, the spell fails, and the action used to cast it is wasted. In either case, you can't use this property again until you finish a Long Rest."
"Dazzling Weapon","EFA","112","rare","Generic Variant","requires attunement","","","","","","This magic weapon grants a +1 bonus to attack and damage rolls made with it. While holding it, you can take a Bonus Action to cause it to shed Bright Light in a 30-foot radius and Dim Light for an additional 30 feet. You can extinguish the light as a Bonus Action.The weapon has 4 charges. You can take a Reaction immediately after being hit by an attack roll to expend 1 of the weapon's charges and force the attacker to make a DC 15 Constitution saving throw. On a failed save, the attacker has the Blinded condition until the end of its next turn. The weapon regains 1d4 expended charges daily at dawn. Base items. This item variant can be applied to the following base items:Antimatter Rifle (Dazzling Antimatter Rifle)Automatic Rifle (Dazzling Automatic Rifle)Battleaxe (Dazzling Battleaxe)Blowgun (Dazzling Blowgun)Club (Dazzling Club)Dagger (Dazzling Dagger)Dart (Dazzling Dart)Double-Bladed Scimitar (Dazzling Double-Bladed Scimitar)Flail (Dazzling Flail)Glaive (Dazzling Glaive)Greataxe (Dazzling Greataxe)Greatclub (Dazzling Greatclub)Greatsword (Dazzling Greatsword)Halberd (Dazzling Halberd)Hand Crossbow (Dazzling Hand Crossbow)Handaxe (Dazzling Handaxe)Heavy Crossbow (Dazzling Heavy Crossbow)Hooked Shortspear (Dazzling Hooked Shortspear)Hoopak (Dazzling Hoopak)Hunting Rifle (Dazzling Hunting Rifle)Javelin (Dazzling Javelin)Lance (Dazzling Lance)Laser Pistol (Dazzling Laser Pistol)Laser Rifle (Dazzling Laser Rifle)Light Crossbow (Dazzling Light Crossbow)Light Hammer (Dazzling Light Hammer)Light Repeating Crossbow (Dazzling Light Repeating Crossbow)Longbow (Dazzling Longbow)Longsword (Dazzling Longsword)Mace (Dazzling Mace)Maul (Dazzling Maul)Morningstar (Dazzling Morningstar)Musket (Dazzling Musket)Pike (Dazzling Pike)Pistol (Dazzling Pistol)Quarterstaff (Dazzling Quarterstaff)Rapier (Dazzling Rapier)Revolver (Dazzling Revolver)Scimitar (Dazzling Scimitar)Semiautomatic Pistol (Dazzling Semiautomatic Pistol)Shortbow (Dazzling Shortbow)Shortsword (Dazzling Shortsword)Shotgun (Dazzling Shotgun)Sickle (Dazzling Sickle)Sling (Dazzling Sling)Spear (Dazzling Spear)Staff (Dazzling Staff)Trident (Dazzling Trident)War Pick (Dazzling War Pick)Warhammer (Dazzling Warhammer)Whip (Dazzling Whip)Wooden Staff (Dazzling Wooden Staff)Yklwa (Dazzling Yklwa)"
"Decanter of Endless Water","DMG'24","249","uncommon","Wondrous Item","","","","","2 lb.","","This stoppered flask sloshes when shaken, as if it contains water. The decanter weighs 2 pounds.You can take a Magic action to remove the stopper and issue one of three command words, whereupon an amount of fresh water or salt water (your choice) pours out of the flask. The water stops pouring out at the start of your next turn. Choose from the following command words:Splash. The decanter produces 1 gallon of water.Fountain. The decanter produces 5 gallons of water.Geyser. The decanter produces 30 gallons of water that gushes forth in a Line 30 feet long and 1 foot wide. If you're holding the decanter, you can aim the geyser in one direction (no action required). One creature of your choice in the Line must succeed on a DC 13 Strength saving throw or take 1d4 Bludgeoning damage and have the Prone condition. Instead of a creature, you can target one object in the Line that isn't being worn or carried and that weighs no more than 200 pounds. The object is knocked over by the geyser."
"Deck of Illusions","DMG'24","249","uncommon","Wondrous Item","","","","","","","This box contains a set of cards. A full deck has 34 cards: 32 depicting specific creatures and two with a mirrored surface. A deck found as treasure is usually missing 1d20 - 1 cards.The magic of the deck functions only if its cards are drawn at random. You can take a Magic action to draw a card at random from the deck and throw it to the ground at a point within 30 feet of yourself. An illusion of a creature, determined by rolling on the Deck of Illusions table, forms over the thrown card and remains until dispelled. The illusory creature created by the card looks and behaves like a real creature of its kind, except that it can do no harm. While you are within 120 feet of the illusory creature and can see it, you can take a Magic action to move it anywhere within 30 feet of its card.Any physical interaction with the illusory creature reveals it to be false, because objects pass through it. A creature that takes a Study action to visually inspect the illusory creature identifies it as an illusion with a successful DC 15 Intelligence (Investigation) check. The illusion lasts until its card is moved or the illusion is dispelled (using a Dispel Magic spell or a similar effect). When the illusion ends, the image on its card disappears, and that card can't be used again.Deck of Illusions1d100Illusion01-03Adult Red Dragon04-06Archmage07-09Assassin10-12Bandit Captain13-15Beholder16-18Berserker19-21Bugbear Warrior22-24Cloud Giant25-27Druid28-30Erinyes31-33Ettin34-36Fire Giant37-39Frost Giant40-42Gnoll Warrior43-45Goblin Warrior46-48Guardian Naga49-51Hill Giant52-54Hobgoblin Warrior55-57Incubus58-60Iron Golem61-63Knight64-66Kobold Warrior67-69Lich70-72Medusa73-75Night Hag76-78Ogre79-81Oni82-84Priest85-87Succubus88-90Troll91-93Warrior Veteran94-96Wyvern97-00The card drawer"
"Deck of Many Things","DMG'24","250","legendary","Wondrous Item","","","","","","","Usually found in a box or pouch, this deck contains a number of cards made of ivory or vellum. Most (75 percent) of these decks have thirteen cards, but some have twenty-two. Use the appropriate column of the Deck of Many Things table when randomly determining cards drawn from the deck.Before you draw a card, you must declare how many cards you intend to draw and then draw them randomly. Any cards drawn in excess of this number have no effect. Otherwise, as soon as you draw a card from the deck, its magic takes effect. You must draw each card no more than 1 hour after the previous draw. If you fail to draw the chosen number, the remaining number of cards fly from the deck on their own and take effect all at once.Once a card is drawn, it disappears. Unless the card is the Fool or Jester, the card reappears in the deck, making it possible to draw the same card twice. (Once the Fool or Jester has left the deck, reroll on the table if that card comes up again.)Deck of Many Things1d100 (13-Card Deck)1d100 (22-Card Deck)Card—01-05Balance—06-10Comet—11-14Donjon01-0815-18Euryale—19-23Fates09-1624-27Flames—28-31Fool—32-36Gem17-2437-41Jester25-3242-46Key33-4047-51Knight41-4852-56Moon—57-60Puzzle49-5661-64Rogue57-6465-68Ruin—69-73Sage65-7274-77Skull73-8078-82Star81-8883-87Sun—88-91Talons89-9692-96Throne97-0097-00VoidEach card's effect is described below. Balance. You can increase one of your ability scores by 2, to a maximum of 22, provided you also decrease another one of your ability scores by 2. You can't decrease an ability that has a score of 5 or lower. Alternatively, you can choose not to adjust your ability scores, in which case this card has no effect. Comet. The next time you enter combat against one or more Hostile creatures, you can select one of them as your foe when you roll Initiative. If you reduce your foe to 0 Hit Points during that combat, you have Advantage on Death Saving Throws for 1 year. If someone else reduces your chosen foe to 0 Hit Points or you don't choose a foe, this card has no effect. Donjon. You disappear and become entombed in a state of suspended animation in an extradimensional sphere. Everything you're wearing and carrying disappears with you except for Artifacts, which stay behind in the space you occupied when you disappeared. You remain imprisoned until you are found and removed from the sphere. You can't be located by any Divination magic, but a Wish spell can reveal the location of your prison. You draw no more cards. Euryale. The card's medusa-like visage curses you. You take a -2 penalty to saving throws while cursed in this way. Only a god or the magic of the Fates card can end this curse. Fates. Reality's fabric unravels and spins anew, allowing you to avoid or erase one event as if it never happened. You can use the card's magic as soon as you draw the card or at any other time before you die. Flames. A powerful devil becomes your enemy. The devil seeks your ruin and torments you, savoring your suffering before attempting to slay you. This enmity lasts until either you or the devil dies. A Question of Enmity[–] Two of the cards in the Deck of Many Things can earn a character the enmity of another being. With the Flames card, the enmity is overt. The character should experience the devil's malevolent efforts on multiple occasions. Seeking out the fiend shouldn't be a simple task, and the adventurer should clash with the devil's allies and followers a few times before being able to confront the devil.In the case of the Rogue card, the enmity is secret and should come from someone thought to be a friend or an ally. As Dungeon Master, you should wait for a dramatically appropriate moment to reveal this enmity, leaving the adventurer guessing who is likely to become a betrayer. Fool. You have Disadvantage on D20 Tests for the next 72 hours. Draw another card; this draw doesn't count as one of your declared draws. Gem. Twenty-five pieces of jewelry worth 2,000 GP each or fifty gems worth 1,000 GP each appear at your feet. Jester. You have Advantage on D20 Tests for the next 72 hours, or you can draw two additional cards beyond your declared draws. Key. A Rare or rarer magic weapon with which you are proficient appears on your person. The DM chooses the weapon. Knight. You gain the service of a Knight, who magically appears in an unoccupied space you choose within 30 feet of yourself. The knight has the same alignment as you and serves you loyally until death, believing the two of you have been drawn together by fate. Work with your DM to create a name and backstory for this NPC. The DM can use a different stat block to represent the knight, as desired. Moon. You gain the ability to cast Wish 1d3 times. Puzzle. Permanently reduce your Intelligence or Wisdom by 1d4 + 1 (to a minimum score of 1). You can draw one additional card beyond your declared draws. Rogue. An NPC of the DM's choice becomes Hostile toward you. You don't know the identity of this NPC until they or someone else reveals it. Nothing less than a Wish spell or divine intervention can end the NPC's hostility toward you. Ruin. All forms of wealth that you carry or own, other than magic items, are lost to you. Portable property vanishes. Businesses, buildings, and land you own are lost in a way that alters reality the least. If you have a Bastion (see the Dungeon Master's Guide), it is destroyed by some calamity beyond your control. Any documentation that proves you should own something lost to this card also disappears. Sage. At any time you choose within one year of drawing this card, you can ask a question in meditation and mentally receive a truthful answer to that question. Skull. An Avatar of Death appears in an unoccupied space as close to you as possible. The avatar targets only you with its attacks, appearing as a ghostly skeleton clad in a tattered black robe and carrying a spectral scythe. The avatar disappears when it drops to 0 Hit Points or you die. If an ally of yours deals damage to the avatar, that ally summons another Avatar of Death. The new avatar appears in an unoccupied space as close to that ally as possible and targets only that ally with its attacks. You and your allies can each summon only one avatar as a consequence of this draw. A creature slain by an avatar can't be restored to life. Star. Increase one of your ability scores by 2, to a maximum of 24. Sun. A magic item (chosen by the DM) appears on your person. In addition, you gain 10 Temporary Hit Points daily at dawn until you die. Talons. Every magic item you wear or carry disintegrates. Artifacts in your possession vanish instead. Throne. You gain proficiency and Expertise in your choice of History, Insight, Intimidation, or Persuasion. In addition, you gain rightful ownership of a small keep somewhere in the world. However, the keep is currently home to one or more monsters, which must be cleared out before you can claim the keep as yours. Void. Your soul is drawn from your body and contained in an object in a place of the DM's choice. One or more powerful beings guard the place. While your soul is trapped in this way, your body is inert, ceases aging, and requires no food, air, or water. A Wish spell can't return your soul to your body, but the spell reveals the location of the object that holds your soul. You draw no more cards."
"Defender","DMG'24","252","legendary","Generic Variant","requires attunement","","","","","","You gain a +3 bonus to attack rolls and damage rolls made with this magic weapon.The first time you attack with the weapon on each of your turns, you can transfer some or all of the weapon's bonus to your Armor Class. For example, you could reduce the bonus to your attack rolls and damage rolls to +1 and gain a +2 bonus to Armor Class. The adjusted bonuses remain in effect until the start of your next turn, although you must hold the weapon to gain a bonus to AC from it. Base items. This item variant can be applied to the following base items:Battleaxe (Defender Battleaxe)Club (Defender Club)Dagger (Defender Dagger)Flail (Defender Flail)Glaive (Defender Glaive)Greataxe (Defender Greataxe)Greatclub (Defender Greatclub)Greatsword (Defender Greatsword)Halberd (Defender Halberd)Handaxe (Defender Handaxe)Javelin (Defender Javelin)Lance (Defender Lance)Light Hammer (Defender Light Hammer)Longsword (Defender Longsword)Mace (Defender Mace)Maul (Defender Maul)Morningstar (Defender Morningstar)Pike (Defender Pike)Quarterstaff (Defender Quarterstaff)Rapier (Defender Rapier)Scimitar (Defender Scimitar)Shortsword (Defender Shortsword)Sickle (Defender Sickle)Spear (Defender Spear)Trident (Defender Trident)War Pick (Defender War Pick)Warhammer (Defender Warhammer)Whip (Defender Whip)"
"Demon Armor","DMG'24","252","very rare","Generic Variant","requires attunement","","","","","","While wearing this armor, you gain a +1 bonus to Armor Class, and you know Abyssal. In addition, the armor's clawed gauntlets allow your Unarmed Strikes to deal 1d8 Slashing damage instead of the usual Bludgeoning damage, and you gain a +1 bonus to the attack and damage rolls of your Unarmed Strikes. Curse. Once you don this cursed armor, you can't doff it unless you are targeted by a Remove Curse spell or similar magic. While wearing the armor, you have Disadvantage on attack rolls against demons and on saving throws against their spells and special abilities. Base items. This item variant can be applied to the following base items:Breastplate (Demon Breastplate)Chain Mail (Demon Chain Mail)Chain Shirt (Demon Chain Shirt)Half Plate Armor (Demon Half Plate Armor)Hide Armor (Demon Hide Armor)Leather Armor (Demon Leather Armor)Padded Armor (Demon Padded Armor)Plate Armor (Demon Plate Armor)Ring Mail (Demon Ring Mail)Scale Mail (Demon Scale Mail)Splint Armor (Demon Splint Armor)Studded Leather Armor (Demon Studded Leather Armor)"
"Demonomicon of Iggwilv","DMG'24","252","artifact","Wondrous Item","requires attunement","","","","","","This treatise, composed by Iggwilv the archmage, documents the Abyss's layers and inhabitants and is widely regarded as the most thorough and blasphemous tome of demonology in the multiverse. The tome recounts both the oldest and most current profanities of the Abyss and demons. Demons have attempted to censor the text, and while sections have been ripped from the book's spine, the general chapters remain, ever revealing demonic secrets. Caged behind lines of script roils a secret piece of the Abyss itself, which keeps the book up-to-date, no matter how many pages are removed, and it longs to be more than mere reference material. Abyssal Lore. You can reference the Demonomicon whenever you make an Intelligence check to discern information about demons or a Wisdom (Survival) check related to the Abyss. When you do so, you gain Advantage on the check. Containment. The first ten pages of the Demonomicon are blank. As a Magic action while holding the book, you can target a Fiend that you can see that is trapped within the area of a Magic Circle spell. The Fiend must succeed on a DC 20 Charisma saving throw with Disadvantage or become trapped within one of the Demonomicon's blank pages, which fills with writing detailing the trapped creature's widely known name and depravities. Once used, this action can't be used again until the next dawn.When you finish a Long Rest, if you and the Demonomicon are on the same plane of existence, one trapped creature within the book can attempt to possess you. You make a DC 20 Charisma saving throw. On a failed save, you are possessed by the creature, which controls you like a puppet. As a Magic action, the possessing creature can release you and appear in the closest unoccupied space to you. On a successful save, the Fiend can't try to possess you again for 7 days (but another Fiend trapped in the book can certainly try).When the tome is discovered, it has 1d4 Fiends occupying its pages—typically an assortment of demons. Ensnarement. While carrying the book, whenever you cast Magic Circle naming only Fiends or cast Planar Binding targeting a Fiend, the spell is cast at level 9, regardless of what level spell slot you used, if any. Additionally, the Fiend has Disadvantage on its saving throw against the spell. Fiendish Scourging. While carrying the book, when you make a damage roll for a spell you cast against a Fiend, you use the maximum possible result instead of rolling. Random Properties. The Artifact has the following random properties:2 minor beneficial properties1 minor detrimental property1 major detrimental property Spells. The book has 8 charges and regains 1d8 expended charges daily at dawn. While holding the book, you can take a Magic action to cast one of the spells (save DC 20) on the following table. The table indicates how many charges you must expend to cast the spell.SpellCharge CostMagic Circle1Magic Jar3Planar Ally3Planar Binding2Plane Shift (to the Abyss only)3Summon Fiend3Tasha's Hideous Laughter0 Destroying the Demonomicon. To destroy the book, six different demon lords must each tear out a sixth of the book's pages. If this occurs, the pages reappear after 24 hours. Before all those hours pass, anyone who opens the book's remaining binding is transported to a nascent layer of the Abyss that lies hidden within the book. At the heart of this deadly, semi-sentient domain lies a long-lost Artifact, Fraz-Urb'luu's Staff. If the staff is dragged from the pocket plane, the tome is reduced to a mundane and out-of-date copy of the Tome of Zyx, the work that served as the foundation of the Demonomicon of Iggwilv. The Tome of Zyx can be destroyed like any ordinary book. Once the staff emerges, the demon lord Fraz-Urb'luu knows instantly."
"Devotee's Censer","TCE","126","rare","Weapon (Flail), Martial Weapon, Melee Weapon","requires attunement by a cleric or paladin","1d8 Bludgeoning","","","2 lb.","","The rounded head of this flail is perforated with tiny holes, arranged in symbols and patterns. The flail counts as a holy symbol for you. When you hit with an attack using this magic flail, the target takes an extra 1d8 radiant damage.As a bonus action, you can speak the command word to cause the flail to emanate a thin cloud of incense out to 10 feet for 1 minute. At the start of each of your turns, you and any other creatures in the incense each regain 1d4 hit points. This property can't be used again until the next dawn."
"Dimensional Loop","AI","220","very rare","Wondrous Item","requires attunement","","","","","","While attuned to this device, you have a +1 bonus to Strength saving throws, and you have darkvision out to a range of 60 feet. If you already have darkvision, its range increases by 30 feet. Dimensional Cloak. As a bonus action, you send your body out of phase with the material world for 1 minute, granting you advantage on Dexterity (Stealth) checks made to hide, and imposing disadvantage on attack rolls against you. Once you use this feature of the dimensional loop, it cannot be used again until the next dawn. Fold Space. Choose a space you can see within 60 feet of you (no action required). You treat that space as if it were within 5 feet of you until the end of your turn. This allows you to move immediately to that space without provoking opportunity attacks, or to interact with objects or creatures in that space as though they were next to you (including allowing you to make melee attacks into that space). Once you use this feature of the dimensional loop, it cannot be used again until the next dawn. Part of a Whole. While this component is not installed in the Orrery of the Wanderer, its magic might function sporadically or with unpredictable side effects, as determined by the DM."
"Dimensional Shackles","DMG'24","254","rare","Wondrous Item","","","","","","","You can take a Utilize action to place these shackles on a creature that has the Incapacitated condition. The shackles adjust to fit a creature of Small to Large size. The shackles prevent a creature bound by them from using any method of extradimensional movement, including teleportation or travel to a different plane of existence. They don't prevent the creature from passing through an interdimensional portal.You and any creature you designate when you use the shackles can take a Utilize action to remove them. Once every 30 days, the bound creature can make a DC 30 Strength (Athletics) check. On a successful check, the creature breaks free and destroys the shackles."
"Docent","ERLW","276","rare","Wondrous Item","requires attunement by a warforged","","","","","","A docent is a small metal sphere, about 2 inches across, studded with dragonshards. To attune to a docent, you must embed the item somewhere on your body, such as your chest or your eye socket. Sentience. A docent is a sentient item of any alignment with an Intelligence of 16, a Wisdom of 14, and a Charisma of 14. It perceives the world through your senses. It communicates telepathically with you and can speak, read, and understand any language it knows (see ""Random Properties"" below). Life Support. Whenever you end your turn with 0 hit points, the docent can make a Wisdom (Medicine) check with a +6 bonus. If this check succeeds, the docent stabilizes you. Random Properties. A docent has the following properties:Languages. The docent knows Common, Giant, and 1d4 additional languages chosen by the DM. If a docent knows fewer than six languages, it can learn a new language after it hears or reads the language through your senses.Skills. The docent has a +7 bonus to one of the following skills (roll a d4): (1) Arcana, (2) History, (3) Investigation, or (4) Nature.Spells. The docent knows one of the following spells and can cast it at will, requiring no components (roll a d6): (1–2) detect evil and good or (3–6) detect magic. The docent decides when to cast the spell. Personality. A docent is designed to advise and assist the warforged it's attached to. One of the simple functions of a docent is to serve as a translator. The docent's properties are under its control, and if you have a bad relationship with your docent, it might refuse to assist you."
"Documancy Satchel","AI","24","varies","Wondrous Item","","","","","","","At rank 2, your documancy satchel becomes a common magic item, allowing you to magically send and receive documents to and from Head Office through a special pouch. Your documancy satchel magically produces prewritten and signature-ready contracts at your request, covering most common contractual needs. It also occasionally produces sticky notes printed with useful information and inspirational quotes from Head Office. Satchel of Holding. At rank 3, your documancy satchel gains additional features and becomes an uncommon magic item. One of the satchel's pouches now functions as a bag of holding.Additionally, you can use an action to draw forth from the documancy satchel a spell scroll of comprehend languages. The scroll vanishes when used, or ten minutes after it appears. This property of the bag can't be used again until the next dawn. Scroll Humidor. At rank 4, your documancy satchel gains additional power and becomes a rare magic item. Within the satchel, a dedicated extradimensional space can hold up to thirty documents or spell scrolls. Placing a single document into the scroll humidor is an action. Drawing forth a desired scroll is a bonus action."
"Draakhorn","RoT","93","artifact","Wondrous Item","","","","","","","The Draakhorn was a gift from Tiamat in the war between dragons and giants. It was once the horn of her ancient red dragon consort, Ephelomon, that she gave to dragonkind to help them in their war against the giants. The Draakhorn is a signaling device, and it is so large that it requires two Medium creatures (or one Large or larger) to hold it while a third creature sounds it, making the earth resonate to its call. The horn has been blasted with fire into a dark ebony hue and is wrapped in bands of bronze with draconic runes that glow with purple eldritch fire.The low, moaning drone of the Draakhorn discomfits normal animals within a few miles, and it alerts all dragons within two thousand miles to rise and be wary, for great danger is at hand. Coded blasts were once used to signal specific messages. Knowledge of those codes has been lost to the ages.Those with knowledge of the Draakhorn's history know that it was first built to signal danger to chromatic dragons—a purpose the Cult of the Dragon has corrupted to call chromatic dragons to the Well of Dragons from across the North.Within 50 feet of any enclosed space where the horn is blown, the air begins to shimmer from the sound. Any character within 20 feet of the entry to the enclosed space must succeed on a DC 12 Strength check to continue pushing against the pressure of the sound. A failure indicates the character can advance no farther toward the entry.For any character entering the enclosed space, the sound fades to silence—because any creature that enters the enclosed space is temporarily deafened and must make a DC 12 Constitution saving throw. Success indicates the deafness ends 2 minutes after the Draakhorn ceases to sound. Failure indicates the character remains deafened for 1 hour after the Draakhorn ceases to sound.While the horn is sounding, a creature must make a DC 15 Constitution saving throw the first time on a turn the creature enters a 150-foot cone in front of the horn or starts its turn there. On a failed save, the creature takes 27 (6d8) thunder damage and is knocked prone. On a successful save, the creature takes half damage and isn't knocked prone."
"Dragon Scale Mail","DMG'24","254","very rare","Medium Armor (Scale Mail)","requires attunement","AC 14 + Dex (max 2)","","","45 lb.","","The wearer has Disadvantage on Dexterity (Stealth) checks.Multiple variations of this item exist, as listed below:Black Dragon Scale MailBlue Dragon Scale MailBrass Dragon Scale MailBronze Dragon Scale MailCopper Dragon Scale MailGold Dragon Scale MailGreen Dragon Scale MailRed Dragon Scale MailSilver Dragon Scale MailWhite Dragon Scale Mail"
"Dragon Slayer","DMG'24","254","rare","Generic Variant","","","","","","","You gain a +1 bonus to attack rolls and damage rolls made with this magic weapon.The weapon deals an extra 3d6 damage of the weapon's type if the target is a Dragon. Base items. This item variant can be applied to the following base items:Antimatter Rifle (Dragon Slayer Antimatter Rifle)Automatic Rifle (Dragon Slayer Automatic Rifle)Battleaxe (Dragon Slayer Battleaxe)Blowgun (Dragon Slayer Blowgun)Club (Dragon Slayer Club)Dagger (Dragon Slayer Dagger)Dart (Dragon Slayer Dart)Double-Bladed Scimitar (Dragon Slayer Double-Bladed Scimitar)Flail (Dragon Slayer Flail)Glaive (Dragon Slayer Glaive)Greataxe (Dragon Slayer Greataxe)Greatclub (Dragon Slayer Greatclub)Greatsword (Dragon Slayer Greatsword)Halberd (Dragon Slayer Halberd)Hand Crossbow (Dragon Slayer Hand Crossbow)Handaxe (Dragon Slayer Handaxe)Heavy Crossbow (Dragon Slayer Heavy Crossbow)Hooked Shortspear (Dragon Slayer Hooked Shortspear)Hoopak (Dragon Slayer Hoopak)Hunting Rifle (Dragon Slayer Hunting Rifle)Javelin (Dragon Slayer Javelin)Lance (Dragon Slayer Lance)Laser Pistol (Dragon Slayer Laser Pistol)Laser Rifle (Dragon Slayer Laser Rifle)Light Crossbow (Dragon Slayer Light Crossbow)Light Hammer (Dragon Slayer Light Hammer)Light Repeating Crossbow (Dragon Slayer Light Repeating Crossbow)Longbow (Dragon Slayer Longbow)Longsword (Dragon Slayer Longsword)Mace (Dragon Slayer Mace)Maul (Dragon Slayer Maul)Morningstar (Dragon Slayer Morningstar)Musket (Dragon Slayer Musket)Pike (Dragon Slayer Pike)Pistol (Dragon Slayer Pistol)Quarterstaff (Dragon Slayer Quarterstaff)Rapier (Dragon Slayer Rapier)Revolver (Dragon Slayer Revolver)Scimitar (Dragon Slayer Scimitar)Semiautomatic Pistol (Dragon Slayer Semiautomatic Pistol)Shortbow (Dragon Slayer Shortbow)Shortsword (Dragon Slayer Shortsword)Shotgun (Dragon Slayer Shotgun)Sickle (Dragon Slayer Sickle)Sling (Dragon Slayer Sling)Spear (Dragon Slayer Spear)Staff (Dragon Slayer Staff)Trident (Dragon Slayer Trident)War Pick (Dragon Slayer War Pick)Warhammer (Dragon Slayer Warhammer)Whip (Dragon Slayer Whip)Wooden Staff (Dragon Slayer Wooden Staff)Yklwa (Dragon Slayer Yklwa)"
"Dragontooth Dagger","RoT","94","rare","Weapon (Dagger), Simple Weapon, Melee Weapon","","1d4 Piercing","finesse, light, thrown (20/60 ft.)","","1 lb.","","A dagger fashioned from the tooth of a dragon. While the blade is obviously a fang or predator's tooth, the handle is leather wrapped around the root of the tooth, and there is no crossguard.You gain a +1 bonus to attack and damage rolls made with this weapon. On a hit with this weapon, the target takes an extra 1d6 acid damage. Draconic Potency. Against enemies of the Cult of the Dragon, the dagger's bonus to attack and damage rolls increases to 2, and the extra acid damage increases to 2d6. Finesse. When making an attack with a finesse weapon, you use your choice of your Strength or Dexterity modifier for the attack and damage rolls. You must use the same modifier for both rolls. Light. A light weapon is small and easy to handle, making it ideal for use when fighting with two weapons. Thrown. If a weapon has the thrown property, you can throw the weapon to make a ranged attack. If the weapon is a melee weapon, you use the same ability modifier for that attack roll and damage roll that you would use for a melee attack with the weapon. For example, if you throw a handaxe, you use your Strength, but if you throw a dagger, you can use either your Strength or your Dexterity, since the dagger has the finesse property."
"Dread Helm","DMG'24","254","common","Wondrous Item","","","","","","","While you're wearing this fearsome steel helm, your eyes glow red and the rest of your face is hidden in shadow."
"Driftglobe","DMG'24","254","uncommon","Wondrous Item","","","","","1 lb.","","This small sphere of thick glass weighs 1 pound. If you are within 60 feet of it, you can command it to emanate light equivalent to that of the Light or Daylight spell (your choice). Once used, the Daylight effect can't be used again until the next dawn.You can issue another command as a Magic action to make the illuminated globe rise into the air and float no more than 5 feet off the ground. The globe hovers in this way until you or another creature grasps it. If you move more than 60 feet from the hovering globe, it follows you until it is within 60 feet of you. It takes the shortest route to do so. If prevented from moving, the globe sinks gently to the ground and becomes inactive, and its light winks out."
"Duplicitous Manuscript","TCE","126","rare","Wondrous Item, Spellcasting Focus","requires attunement by a wizard","","","","3 lb.","","To you, this book is a magical spellbook. To anyone else, the book appears to be a volume of verbose romance fiction. As an action, you can change the book's appearance and alter the plot of the romance.When found, the book contains the following spells: hallucinatory terrain, major image, mirror image, mislead, Nystul's magic aura, phantasmal force, and silent image. It functions as a spellbook for you.While you are holding the book, you can use it as a spellcasting focus for your wizard spells.The book has 3 charges, and it regains 1d3 expended charges daily at dawn. You can use the charges in the following ways while holding it:If you spend 1 minute studying the book, you can expend 1 charge to replace one of your prepared wizard spells with a different spell in the book. The new spell must be of the illusion school.When a creature you can see makes an Intelligence (Investigation) check to discern the true nature of an illusion spell you cast, or makes a saving throw against an illusion spell you cast, you can use your reaction and expend 1 charge to impose disadvantage on the roll."
"Dust of Disappearance","DMG'24","255","uncommon","Wondrous Item","","","","","","","This powder resembles fine sand. There is enough of it for one use. When you take a Utilize action to throw the dust into the air, you and each creature and object within a 10-foot Emanation originating from you have the Invisible condition for 2d4 minutes. The duration is the same for all subjects, and the dust is consumed when its magic takes effect. Immediately after an affected creature makes an attack roll, deals damage, or casts a spell, the Invisible condition ends for that creature."
"Dust of Dryness","DMG'24","255","uncommon","Wondrous Item","","","","","","","This small packet contains 1d6 + 4 pinches of dust. As a Utilize action, you can sprinkle a pinch of the dust over water, turning up to a 15-foot Cube of water into one marble-sized pellet, which floats or rests near where the dust was sprinkled. The pellet's weight is negligible. A creature can take a Utilize action to smash the pellet against a hard surface, causing the pellet to shatter and release the water the dust absorbed. Doing so destroys the pellet and ends its magic.As a Utilize action, you can sprinkle a pinch of the dust on an Elemental within 5 feet of yourself that is composed mostly of water (such as a Water Elemental or a Water Weird). Such a creature exposed to a pinch of the dust makes a DC 13 Constitution saving throw, taking 10d6 Necrotic damage on a failed save or half as much damage on a successful one."
"Dust of Sneezing and Choking","DMG'24","255","uncommon","Wondrous Item","","","","","","","Found in a small container, this powder resembles Dust of Disappearance, and Identify reveals it to be such. There is enough of it for one use.As a Utilize action, you can throw the dust into the air, forcing yourself and every creature in a 30-foot Emanation originating from you to make a DC 15 Constitution saving throw. Constructs, Elementals, Oozes, Plants, and Undead succeed on the save automatically.On a failed save, a creature begins sneezing uncontrollably; it has the Incapacitated condition and is suffocating. The creature repeats the save at the end of each of its turns, ending the effect on itself on a success. The effect also ends on any creature targeted by a Lesser Restoration spell."
"Dwarven Plate","DMG'24","255","very rare","Generic Variant","","","","","","","While wearing this armor, you gain a +2 bonus to Armor Class. In addition, if an effect moves you against your will along the ground, you can take a Reaction to reduce the distance you are moved by up to 10 feet. Base items. This item variant can be applied to the following base items:Half Plate Armor (Dwarven Half Plate Armor)Plate Armor (Dwarven Plate Armor)"
"Dwarven Thrower","DMG'24","256","very rare","Weapon (Warhammer), Martial Weapon, Melee Weapon","requires attunement by a Dwarf or a Creature Attuned to a Belt of Dwarvenkind","1d8 Bludgeoning","Thrown (20/60 ft.), Versatile (1d10)","Mastery: Push","5 lb.","","You gain a +3 bonus to attack rolls and damage rolls made with this magic weapon. It has Thrown with a normal range of 20 feet and a long range of 60 feet. When you hit with a ranged attack using this weapon, it deals an extra 1d8 Force damage, or an extra 2d8 Force damage if the target is a Giant. Immediately after hitting or missing, the weapon flies back to your hand. Thrown. If a weapon has the Thrown property, you can throw the weapon to make a ranged attack, and you can draw that weapon as part of the attack. If the weapon is a Melee weapon, use the same ability modifier for the attack and damage rolls that you use for a melee attack with that weapon. Versatile. A Versatile weapon can be used with one or two hands. A damage value in parentheses appears with the property. The weapon deals that damage when used with two hands to make a melee attack. Mastery: Push. If you hit a creature with this weapon, you can push the creature up to 10 feet straight away from yourself if it is Large or smaller."
"Dyrrn's Tentacle Whip","ERLW","276","very rare","Weapon (Whip), Martial Weapon, Melee Weapon","requires attunement","1d4 Slashing","finesse, reach","","3 lb.","","This long, whip-like strand of tough muscle bears a sharp stinger at one end. To attune to this symbiotic weapon, you wrap the whip around your wrist for the entire attunement period, during which time the whip painfully embeds its tendrils into your arm.You gain a +2 bonus to attack and damage rolls made with this magic whip, but attack rolls made against aberrations with this weapon have disadvantage. A creature hit by this weapon takes an extra 1d6 psychic damage. When you roll a 20 on the d20 for an attack roll with this weapon, the target is stunned until the end of its next turn.As a bonus action, you can sheathe the whip by causing it to retract into your arm, or draw the whip out of your arm again. Symbiotic Nature. The whip can't be removed from you while you're attuned to it, and you can't voluntarily end your attunement to it. If you're targeted by a spell that ends a curse, your attunement to the whip ends, and it detaches from you. Finesse. When making an attack with a finesse weapon, you use your choice of your Strength or Dexterity modifier for the attack and damage rolls. You must use the same modifier for both rolls. Reach. This weapon adds 5 feet to your reach when you attack with it. This property also determines your reach for opportunity attacks with a reach weapon."
"Ear Horn of Hearing","DMG'24","256","common","Wondrous Item","","","","","","","While held up to your ear, this horn suppresses the effects of the Deafened condition on you."
"Earworm","ERLW","277","uncommon","Wondrous Item","requires attunement","","","","","","To attune to this symbiont, you must hold it against the skin behind your ear for the entire attunement period, whereupon it burrows into your head and bonds to your skull. While the earworm is inside you, you can speak, read, and write Deep Speech. Spells. The earworm has 4 charges. You can cast the following spells from it, expending the necessary number of charges (spell save DC 15): detect thoughts (2 charges) or dissonant whispers (1 charge). Each time you use the earworm to cast the detect thoughts spell, it sends the information gleaned to the nearest daelkyr, or to the next nearest earworm until it reaches a daelkyr.The earworm regains 1d4 expended charges daily at dawn. Symbiotic Nature. The earworm can't be removed from you while you're attuned to it, and you can't voluntarily end your attunement to it. If you're targeted by a spell that ends a curse, your attunement to the earworm ends, and it exits your body."
"Efreeti Bottle","DMG'24","256","very rare","Wondrous Item","","","","","","","When you take a Magic action to remove the stopper of this painted brass bottle, a cloud of thick smoke flows out of it. At the end of your turn, the smoke disappears with a flash of harmless fire, and an Efreeti appears in an unoccupied space within 30 feet of you.The first time the bottle is opened, the DM rolls on the following table to determine what happens.1d10Effect1The efreeti attacks you. After fighting for 5 rounds, the efreeti disappears, and the bottle loses its magic.2-9The efreeti understands your languages and obeys your commands for 1 hour, after which it returns to the bottle, and a new stopper contains it. The stopper can't be removed for 24 hours. The next two times the bottle is opened, the same effect occurs. If the bottle is opened a fourth time, the efreeti escapes and disappears, and the bottle loses its magic.10The efreeti understands your languages and can cast Wish once for you. It disappears when it grants the wish or after 1 hour, and the bottle loses its magic."
"Efreeti Chain","DMG'24","257","legendary","Generic Variant","requires attunement","","","","","","While wearing this armor, you gain a +3 bonus to Armor Class, you have Immunity to Fire damage, and you know Primordial. In addition, you can stand on and move across molten rock as if it were solid ground. Base items. This item variant can be applied to the following base items:Chain Mail (Efreeti Chain Mail)Chain Shirt (Efreeti Chain Shirt)"
"Elder Cartographer's Glossography","AI","20","uncommon","Wondrous Item","","","","","","","When you attain rank 4, you gain a small tome that is an uncommon magic item. The elder cartographer's glossography grants advantage on Intelligence or Wisdom checks related to geographical features or locations."
"Eldritch Claw Tattoo","TCE","126","uncommon","Wondrous Item (Tattoo)","requires attunement","","","","","","Produced by a special needle, this magic tattoo depicts claw-like forms and other jagged shapes. Tattoo Attunement. To attune to this item, you hold the needle to your skin where you want the tattoo to appear, pressing the needle there throughout the attunement process. When the attunement is complete, the needle turns into the ink that becomes the tattoo, which appears on the skin.If your attunement to the tattoo ends, the tattoo vanishes, and the needle reappears in your space. Magical Strikes. While the tattoo is on your skin, your unarmed strikes are considered magical for the purpose of overcoming immunity and resistance to nonmagical attacks, and you gain a +1 bonus to attack and damage rolls with unarmed strikes. Eldritch Maul. As a bonus action, you can empower the tattoo for 1 minute. For the duration, each of your melee attacks with a weapon or an unarmed strike can reach a target up to 15 feet away from you, as inky tendrils launch toward the target. In addition, your melee attacks deal an extra 1d6 force damage on a hit. Once used, this bonus action can't be used again until the next dawn."
"Elemental Essence Shard","TCE","127","rare","Wondrous Item","requires attunement by a sorcerer","","","","1 lb.","","This crackling crystal contains the essence of an elemental plane. As an action, you can attach the shard to a Tiny object (such as a weapon or a piece of jewelry) or detach it. It falls off if your attunement to it ends. You can use the shard as a spellcasting focus while you hold or wear it.Roll a d4 and consult the Elemental Essence Shards table to determine the shard's essence and property. When you use a Metamagic option on a spell while you are holding or wearing the shard, you can use that property.Elemental Essence Shardsd4ElementShard1AirElemental Essence Shard (Air)2EarthElemental Essence Shard (Earth)3FireElemental Essence Shard (Fire)4WaterElemental Essence Shard (Water)"
"Elemental Essence Shard (Air)","TCE","127","rare","Wondrous Item, Spellcasting Focus","requires attunement by a sorcerer","","","","1 lb.","","This crackling crystal contains the essence of an elemental plane. As an action, you can attach the shard to a Tiny object (such as a weapon or a piece of jewelry) or detach it. It falls off if your attunement to it ends. You can use the shard as a spellcasting focus while you hold or wear it.When you use a Metamagic option on a spell while you are holding or wearing the shard, you can use the following property: Property. You can immediately fly up to 60 feet without provoking opportunity attacks."
"Elemental Essence Shard (Earth)","TCE","127","rare","Wondrous Item, Spellcasting Focus","requires attunement by a sorcerer","","","","1 lb.","","This crackling crystal contains the essence of an elemental plane. As an action, you can attach the shard to a Tiny object (such as a weapon or a piece of jewelry) or detach it. It falls off if your attunement to it ends. You can use the shard as a spellcasting focus while you hold or wear it.When you use a Metamagic option on a spell while you are holding or wearing the shard, you can use the following property: Property. You gain resistance to a damage type of your choice until the start of your next turn."
"Elemental Essence Shard (Fire)","TCE","127","rare","Wondrous Item, Spellcasting Focus","requires attunement by a sorcerer","","","","1 lb.","","This crackling crystal contains the essence of an elemental plane. As an action, you can attach the shard to a Tiny object (such as a weapon or a piece of jewelry) or detach it. It falls off if your attunement to it ends. You can use the shard as a spellcasting focus while you hold or wear it.When you use a Metamagic option on a spell while you are holding or wearing the shard, you can use the following property: Property. One target of the spell that you can see catches fire. The burning target takes 2d10 fire damage at the start of its next turn, and then the flames go out."
"Elemental Essence Shard (Water)","TCE","127","rare","Wondrous Item, Spellcasting Focus","requires attunement by a sorcerer","","","","1 lb.","","This crackling crystal contains the essence of an elemental plane. As an action, you can attach the shard to a Tiny object (such as a weapon or a piece of jewelry) or detach it. It falls off if your attunement to it ends. You can use the shard as a spellcasting focus while you hold or wear it.When you use a Metamagic option on a spell while you are holding or wearing the shard, you can use the following property: Property. You create a wave of water that bursts out from you in a 10-foot radius. Each creature of your choice that you can see in that area takes 2d6 cold damage and must succeed on a Strength saving throw against your spell save DC or be pushed 10 feet away from you and fall prone."
"Elemental Gem","DMG'24","257","uncommon","Wondrous Item","","","","","","","Multiple variations of this item exist, as listed below:Elemental Gem, Blue SapphireElemental Gem, EmeraldElemental Gem, Red CorundumElemental Gem, Yellow Diamond"
"Elemental Gem, Blue Sapphire","DMG'24","257","uncommon","Wondrous Item","","","","","","","This gem contains a mote of elemental energy. When you take a Utilize action to break the gem, an Air Elemental is summoned, and the gem ceases to be magical. The elemental appears in an unoccupied space as close to the broken gem as possible, understands your languages, obeys your commands, and takes its turn immediately after you on your Initiative count. The elemental disappears after 1 hour, when it dies, or when you dismiss it as a Bonus Action."
"Elemental Gem, Emerald","DMG'24","257","uncommon","Wondrous Item","","","","","","","This gem contains a mote of elemental energy. When you take a Utilize action to break the gem, a Water Elemental is summoned, and the gem ceases to be magical. The elemental appears in an unoccupied space as close to the broken gem as possible, understands your languages, obeys your commands, and takes its turn immediately after you on your Initiative count. The elemental disappears after 1 hour, when it dies, or when you dismiss it as a Bonus Action."
"Elemental Gem, Red Corundum","DMG'24","257","uncommon","Wondrous Item","","","","","","","This gem contains a mote of elemental energy. When you take a Utilize action to break the gem, a Fire Elemental is summoned, and the gem ceases to be magical. The elemental appears in an unoccupied space as close to the broken gem as possible, understands your languages, obeys your commands, and takes its turn immediately after you on your Initiative count. The elemental disappears after 1 hour, when it dies, or when you dismiss it as a Bonus Action."
"Elemental Gem, Yellow Diamond","DMG'24","257","uncommon","Wondrous Item","","","","","","","This gem contains a mote of elemental energy. When you take a Utilize action to break the gem, an Earth Elemental is summoned, and the gem ceases to be magical. The elemental appears in an unoccupied space as close to the broken gem as possible, understands your languages, obeys your commands, and takes its turn immediately after you on your Initiative count. The elemental disappears after 1 hour, when it dies, or when you dismiss it as a Bonus Action."
"Elixir of Health","DMG'24","257","rare","Potion","","","","","½ lb.","","When you drink this potion, you are cured of all magical contagions. In addition, the following conditions end on you: Blinded, Deafened, Paralyzed, and Poisoned.The clear, red liquid has tiny bubbles of light in it."
"Elven Chain","DMG'24","257","rare","Generic Variant","","","","","","","You gain a +1 bonus to Armor Class while you wear this armor. You are considered trained with this armor even if you lack training with Medium or Heavy armor. Base items. This item variant can be applied to the following base items:Chain Mail (Elven Chain Mail)Chain Shirt (Elven Chain Shirt)"
"Enduring Spellbook","DMG'24","257","common","Wondrous Item","","","","","","","This spellbook, along with anything written on its pages, can't be damaged by fire or water. In addition, the spellbook doesn't deteriorate with age."
"Energy Bow","DMG'24","257","very rare","Generic Variant","requires attunement","","","","","","You gain a +1 bonus to attack rolls and damage rolls made with this magic weapon, which has no string. Each time you pull your arm back in a firing motion, a magical arrow made of golden energy appears nocked and ready to fire. An arrow produced by this weapon deals Force damage instead of Piercing damage on a hit, and it disappears after it hits or misses its target. Until it disappears, the arrow emits Bright Light in a 20-foot radius and Dim Light for an additional 20 feet.This weapon has the following additional properties. Arrow of Restraint. Whenever you use this weapon to make a ranged attack against a creature, you can try to restrain the target instead of dealing damage to it. If the arrow hits, the target must succeed on a DC 15 Strength saving throw or have the Restrained condition for 1 minute. As an action, a creature Restrained by an arrow can make a DC 20 Strength (Athletics) check to try to break the restraint, ending the effect on itself on a successful check. Arrow of Transport. As a Magic action, you can fire one energy arrow from this weapon at a target you can see within 60 feet of yourself. The target can be either a willing Medium or smaller creature or an object that isn't being worn or carried, provided the object is small enough to fit inside a 5-foot Cube. The arrow teleports the target to an unoccupied space you can see within 10 feet of you. Energy Ladder. As a Magic action, you can loose a flurry of energy arrows from this weapon at a wall up to 60 feet away from yourself. The arrows become glowing rungs that stick out of the wall, forming a magical ladder up to 60 feet long on the wall. This ladder lasts for 1 minute before disappearing. Base items. This item variant can be applied to the following base items:Longbow (Energy Longbow)Shortbow (Energy Shortbow)"
"Enspelled Armor","DMG'24","258","varies","Generic Variant","requires attunement","","","","","","Multiple variations of this item exist, as listed below:Enspelled Armor (Cantrip)Enspelled Armor (Level 1)Enspelled Armor (Level 2)Enspelled Armor (Level 3)Enspelled Armor (Level 4)Enspelled Armor (Level 5)Enspelled Armor (Level 6)Enspelled Armor (Level 7)Enspelled Armor (Level 8)"
"Enspelled Armor (Cantrip)","DMG'24","258","uncommon","Generic Variant","requires attunement","","","","","","Bound into this armor is a cantrip. The cantrip is determined when the armor is created and must belong to the Abjuration or Illusion school of magic. The armor has 6 charges and regains 1d6 expended charges daily at dawn. While wearing the armor, you can expend 1 charge to cast its spell.The spell's saving throw DC is 13, and its attack bonus is +5. Base items. This item variant can be applied to the following base items:Breastplate (Enspelled (Cantrip) Breastplate)Chain Mail (Enspelled (Cantrip) Chain Mail)Chain Shirt (Enspelled (Cantrip) Chain Shirt)Half Plate Armor (Enspelled (Cantrip) Half Plate Armor)Hide Armor (Enspelled (Cantrip) Hide Armor)Leather Armor (Enspelled (Cantrip) Leather Armor)Padded Armor (Enspelled (Cantrip) Padded Armor)Plate Armor (Enspelled (Cantrip) Plate Armor)Ring Mail (Enspelled (Cantrip) Ring Mail)Scale Mail (Enspelled (Cantrip) Scale Mail)Splint Armor (Enspelled (Cantrip) Splint Armor)Studded Leather Armor (Enspelled (Cantrip) Studded Leather Armor)"
"Enspelled Armor (Level 1)","DMG'24","258","uncommon","Generic Variant","requires attunement","","","","","","Bound into this armor is a level 1 spell. The spell is determined when the armor is created and must belong to the Abjuration or Illusion school of magic. The armor has 6 charges and regains 1d6 expended charges daily at dawn. While wearing the armor, you can expend 1 charge to cast its spell.The spell's saving throw DC is 13, and its attack bonus is +5. Base items. This item variant can be applied to the following base items:Breastplate (Enspelled (Level 1) Breastplate)Chain Mail (Enspelled (Level 1) Chain Mail)Chain Shirt (Enspelled (Level 1) Chain Shirt)Half Plate Armor (Enspelled (Level 1) Half Plate Armor)Hide Armor (Enspelled (Level 1) Hide Armor)Leather Armor (Enspelled (Level 1) Leather Armor)Padded Armor (Enspelled (Level 1) Padded Armor)Plate Armor (Enspelled (Level 1) Plate Armor)Ring Mail (Enspelled (Level 1) Ring Mail)Scale Mail (Enspelled (Level 1) Scale Mail)Splint Armor (Enspelled (Level 1) Splint Armor)Studded Leather Armor (Enspelled (Level 1) Studded Leather Armor)"
"Enspelled Armor (Level 2)","DMG'24","258","rare","Generic Variant","requires attunement","","","","","","Bound into this armor is a level 2 spell. The spell is determined when the armor is created and must belong to the Abjuration or Illusion school of magic. The armor has 6 charges and regains 1d6 expended charges daily at dawn. While wearing the armor, you can expend 1 charge to cast its spell.The spell's saving throw DC is 13, and its attack bonus is +5. Base items. This item variant can be applied to the following base items:Breastplate (Enspelled (Level 2) Breastplate)Chain Mail (Enspelled (Level 2) Chain Mail)Chain Shirt (Enspelled (Level 2) Chain Shirt)Half Plate Armor (Enspelled (Level 2) Half Plate Armor)Hide Armor (Enspelled (Level 2) Hide Armor)Leather Armor (Enspelled (Level 2) Leather Armor)Padded Armor (Enspelled (Level 2) Padded Armor)Plate Armor (Enspelled (Level 2) Plate Armor)Ring Mail (Enspelled (Level 2) Ring Mail)Scale Mail (Enspelled (Level 2) Scale Mail)Splint Armor (Enspelled (Level 2) Splint Armor)Studded Leather Armor (Enspelled (Level 2) Studded Leather Armor)"
"Enspelled Armor (Level 3)","DMG'24","258","rare","Generic Variant","requires attunement","","","","","","Bound into this armor is a level 3 spell. The spell is determined when the armor is created and must belong to the Abjuration or Illusion school of magic. The armor has 6 charges and regains 1d6 expended charges daily at dawn. While wearing the armor, you can expend 1 charge to cast its spell.The spell's saving throw DC is 15, and its attack bonus is +7. Base items. This item variant can be applied to the following base items:Breastplate (Enspelled (Level 3) Breastplate)Chain Mail (Enspelled (Level 3) Chain Mail)Chain Shirt (Enspelled (Level 3) Chain Shirt)Half Plate Armor (Enspelled (Level 3) Half Plate Armor)Hide Armor (Enspelled (Level 3) Hide Armor)Leather Armor (Enspelled (Level 3) Leather Armor)Padded Armor (Enspelled (Level 3) Padded Armor)Plate Armor (Enspelled (Level 3) Plate Armor)Ring Mail (Enspelled (Level 3) Ring Mail)Scale Mail (Enspelled (Level 3) Scale Mail)Splint Armor (Enspelled (Level 3) Splint Armor)Studded Leather Armor (Enspelled (Level 3) Studded Leather Armor)"
"Enspelled Armor (Level 4)","DMG'24","258","very rare","Generic Variant","requires attunement","","","","","","Bound into this armor is a level 4 spell. The spell is determined when the armor is created and must belong to the Abjuration or Illusion school of magic. The armor has 6 charges and regains 1d6 expended charges daily at dawn. While wearing the armor, you can expend 1 charge to cast its spell.The spell's saving throw DC is 15, and its attack bonus is +7. Base items. This item variant can be applied to the following base items:Breastplate (Enspelled (Level 4) Breastplate)Chain Mail (Enspelled (Level 4) Chain Mail)Chain Shirt (Enspelled (Level 4) Chain Shirt)Half Plate Armor (Enspelled (Level 4) Half Plate Armor)Hide Armor (Enspelled (Level 4) Hide Armor)Leather Armor (Enspelled (Level 4) Leather Armor)Padded Armor (Enspelled (Level 4) Padded Armor)Plate Armor (Enspelled (Level 4) Plate Armor)Ring Mail (Enspelled (Level 4) Ring Mail)Scale Mail (Enspelled (Level 4) Scale Mail)Splint Armor (Enspelled (Level 4) Splint Armor)Studded Leather Armor (Enspelled (Level 4) Studded Leather Armor)"
"Enspelled Armor (Level 5)","DMG'24","258","very rare","Generic Variant","requires attunement","","","","","","Bound into this armor is a level 5 spell. The spell is determined when the armor is created and must belong to the Abjuration or Illusion school of magic. The armor has 6 charges and regains 1d6 expended charges daily at dawn. While wearing the armor, you can expend 1 charge to cast its spell.The spell's saving throw DC is 17, and its attack bonus is +9. Base items. This item variant can be applied to the following base items:Breastplate (Enspelled (Level 5) Breastplate)Chain Mail (Enspelled (Level 5) Chain Mail)Chain Shirt (Enspelled (Level 5) Chain Shirt)Half Plate Armor (Enspelled (Level 5) Half Plate Armor)Hide Armor (Enspelled (Level 5) Hide Armor)Leather Armor (Enspelled (Level 5) Leather Armor)Padded Armor (Enspelled (Level 5) Padded Armor)Plate Armor (Enspelled (Level 5) Plate Armor)Ring Mail (Enspelled (Level 5) Ring Mail)Scale Mail (Enspelled (Level 5) Scale Mail)Splint Armor (Enspelled (Level 5) Splint Armor)Studded Leather Armor (Enspelled (Level 5) Studded Leather Armor)"
"Enspelled Armor (Level 6)","DMG'24","258","legendary","Generic Variant","requires attunement","","","","","","Bound into this armor is a level 6 spell. The spell is determined when the armor is created and must belong to the Abjuration or Illusion school of magic. The armor has 6 charges and regains 1d6 expended charges daily at dawn. While wearing the armor, you can expend 1 charge to cast its spell.The spell's saving throw DC is 17, and its attack bonus is +9. Base items. This item variant can be applied to the following base items:Breastplate (Enspelled (Level 6) Breastplate)Chain Mail (Enspelled (Level 6) Chain Mail)Chain Shirt (Enspelled (Level 6) Chain Shirt)Half Plate Armor (Enspelled (Level 6) Half Plate Armor)Hide Armor (Enspelled (Level 6) Hide Armor)Leather Armor (Enspelled (Level 6) Leather Armor)Padded Armor (Enspelled (Level 6) Padded Armor)Plate Armor (Enspelled (Level 6) Plate Armor)Ring Mail (Enspelled (Level 6) Ring Mail)Scale Mail (Enspelled (Level 6) Scale Mail)Splint Armor (Enspelled (Level 6) Splint Armor)Studded Leather Armor (Enspelled (Level 6) Studded Leather Armor)"
"Enspelled Armor (Level 7)","DMG'24","258","legendary","Generic Variant","requires attunement","","","","","","Bound into this armor is a level 7 spell. The spell is determined when the armor is created and must belong to the Abjuration or Illusion school of magic. The armor has 6 charges and regains 1d6 expended charges daily at dawn. While wearing the armor, you can expend 1 charge to cast its spell.The spell's saving throw DC is 18, and its attack bonus is +10. Base items. This item variant can be applied to the following base items:Breastplate (Enspelled (Level 7) Breastplate)Chain Mail (Enspelled (Level 7) Chain Mail)Chain Shirt (Enspelled (Level 7) Chain Shirt)Half Plate Armor (Enspelled (Level 7) Half Plate Armor)Hide Armor (Enspelled (Level 7) Hide Armor)Leather Armor (Enspelled (Level 7) Leather Armor)Padded Armor (Enspelled (Level 7) Padded Armor)Plate Armor (Enspelled (Level 7) Plate Armor)Ring Mail (Enspelled (Level 7) Ring Mail)Scale Mail (Enspelled (Level 7) Scale Mail)Splint Armor (Enspelled (Level 7) Splint Armor)Studded Leather Armor (Enspelled (Level 7) Studded Leather Armor)"
"Enspelled Armor (Level 8)","DMG'24","258","legendary","Generic Variant","requires attunement","","","","","","Bound into this armor is a level 8 spell. The spell is determined when the armor is created and must belong to the Abjuration or Illusion school of magic. The armor has 6 charges and regains 1d6 expended charges daily at dawn. While wearing the armor, you can expend 1 charge to cast its spell.The spell's saving throw DC is 18, and its attack bonus is +10. Base items. This item variant can be applied to the following base items:Breastplate (Enspelled (Level 8) Breastplate)Chain Mail (Enspelled (Level 8) Chain Mail)Chain Shirt (Enspelled (Level 8) Chain Shirt)Half Plate Armor (Enspelled (Level 8) Half Plate Armor)Hide Armor (Enspelled (Level 8) Hide Armor)Leather Armor (Enspelled (Level 8) Leather Armor)Padded Armor (Enspelled (Level 8) Padded Armor)Plate Armor (Enspelled (Level 8) Plate Armor)Ring Mail (Enspelled (Level 8) Ring Mail)Scale Mail (Enspelled (Level 8) Scale Mail)Splint Armor (Enspelled (Level 8) Splint Armor)Studded Leather Armor (Enspelled (Level 8) Studded Leather Armor)"
"Enspelled Staff","DMG'24","258","varies","Staff, Weapon, Simple Weapon, Melee Weapon","requires attunement by a Spellcaster","1d6 Bludgeoning","Versatile (1d8)","Mastery: Topple","4 lb.","","Versatile. A Versatile weapon can be used with one or two hands. A damage value in parentheses appears with the property. The weapon deals that damage when used with two hands to make a melee attack. Mastery: Topple. If you hit a creature with this weapon, you can force the creature to make a Constitution saving throw (DC 8 plus the ability modifier used to make the attack roll and your Proficiency Bonus). On a failed save, the creature has the Prone condition.Multiple variations of this item exist, as listed below:Enspelled Staff (Cantrip)Enspelled Staff (Level 1)Enspelled Staff (Level 2)Enspelled Staff (Level 3)Enspelled Staff (Level 4)Enspelled Staff (Level 5)Enspelled Staff (Level 6)Enspelled Staff (Level 7)Enspelled Staff (Level 8)"
"Enspelled Staff (Cantrip)","DMG'24","258","uncommon","Staff, Weapon, Simple Weapon, Melee Weapon","requires attunement by a Spellcaster","1d6 Bludgeoning","Versatile (1d8)","Mastery: Topple","4 lb.","","Bound into this staff is a cantrip. The cantrip is determined when the staff is created and can be of any school of magic. The staff has 6 charges and regains 1d6 expended charges daily at dawn. While holding the staff, you can expend 1 charge to cast its spell. If you expend the staff's last charge, roll 1d20. On a 1, the staff loses its properties and becomes a nonmagical Quarterstaff.The spell's saving throw DC is 13, and its attack bonus is +5. Versatile. A Versatile weapon can be used with one or two hands. A damage value in parentheses appears with the property. The weapon deals that damage when used with two hands to make a melee attack. Mastery: Topple. If you hit a creature with this weapon, you can force the creature to make a Constitution saving throw (DC 8 plus the ability modifier used to make the attack roll and your Proficiency Bonus). On a failed save, the creature has the Prone condition."
"Enspelled Staff (Level 1)","DMG'24","258","uncommon","Staff, Weapon, Simple Weapon, Melee Weapon","requires attunement by a Spellcaster","1d6 Bludgeoning","Versatile (1d8)","Mastery: Topple","4 lb.","","Bound into this staff is a level 1 spell. The spell is determined when the staff is created and can be of any school of magic. The staff has 6 charges and regains 1d6 expended charges daily at dawn. While holding the staff, you can expend 1 charge to cast its spell. If you expend the staff's last charge, roll 1d20. On a 1, the staff loses its properties and becomes a nonmagical Quarterstaff.The spell's saving throw DC is 13, and its attack bonus is +5. Versatile. A Versatile weapon can be used with one or two hands. A damage value in parentheses appears with the property. The weapon deals that damage when used with two hands to make a melee attack. Mastery: Topple. If you hit a creature with this weapon, you can force the creature to make a Constitution saving throw (DC 8 plus the ability modifier used to make the attack roll and your Proficiency Bonus). On a failed save, the creature has the Prone condition."
"Enspelled Staff (Level 2)","DMG'24","258","rare","Staff, Weapon, Simple Weapon, Melee Weapon","requires attunement by a Spellcaster","1d6 Bludgeoning","Versatile (1d8)","Mastery: Topple","4 lb.","","Bound into this staff is a level 2 spell. The spell is determined when the staff is created and can be of any school of magic. The staff has 6 charges and regains 1d6 expended charges daily at dawn. While holding the staff, you can expend 1 charge to cast its spell. If you expend the staff's last charge, roll 1d20. On a 1, the staff loses its properties and becomes a nonmagical Quarterstaff.The spell's saving throw DC is 13, and its attack bonus is +5. Versatile. A Versatile weapon can be used with one or two hands. A damage value in parentheses appears with the property. The weapon deals that damage when used with two hands to make a melee attack. Mastery: Topple. If you hit a creature with this weapon, you can force the creature to make a Constitution saving throw (DC 8 plus the ability modifier used to make the attack roll and your Proficiency Bonus). On a failed save, the creature has the Prone condition."
"Enspelled Staff (Level 3)","DMG'24","258","rare","Staff, Weapon, Simple Weapon, Melee Weapon","requires attunement by a Spellcaster","1d6 Bludgeoning","Versatile (1d8)","Mastery: Topple","4 lb.","","Bound into this staff is a level 3 spell. The spell is determined when the staff is created and can be of any school of magic. The staff has 6 charges and regains 1d6 expended charges daily at dawn. While holding the staff, you can expend 1 charge to cast its spell. If you expend the staff's last charge, roll 1d20. On a 1, the staff loses its properties and becomes a nonmagical Quarterstaff.The spell's saving throw DC is 15, and its attack bonus is +7. Versatile. A Versatile weapon can be used with one or two hands. A damage value in parentheses appears with the property. The weapon deals that damage when used with two hands to make a melee attack. Mastery: Topple. If you hit a creature with this weapon, you can force the creature to make a Constitution saving throw (DC 8 plus the ability modifier used to make the attack roll and your Proficiency Bonus). On a failed save, the creature has the Prone condition."
"Enspelled Staff (Level 4)","DMG'24","258","very rare","Staff, Weapon, Simple Weapon, Melee Weapon","requires attunement by a Spellcaster","1d6 Bludgeoning","Versatile (1d8)","Mastery: Topple","4 lb.","","Bound into this staff is a level 4 spell. The spell is determined when the staff is created and can be of any school of magic. The staff has 6 charges and regains 1d6 expended charges daily at dawn. While holding the staff, you can expend 1 charge to cast its spell. If you expend the staff's last charge, roll 1d20. On a 1, the staff loses its properties and becomes a nonmagical Quarterstaff.The spell's saving throw DC is 15, and its attack bonus is +7. Versatile. A Versatile weapon can be used with one or two hands. A damage value in parentheses appears with the property. The weapon deals that damage when used with two hands to make a melee attack. Mastery: Topple. If you hit a creature with this weapon, you can force the creature to make a Constitution saving throw (DC 8 plus the ability modifier used to make the attack roll and your Proficiency Bonus). On a failed save, the creature has the Prone condition."
"Enspelled Staff (Level 5)","DMG'24","258","very rare","Staff, Weapon, Simple Weapon, Melee Weapon","requires attunement by a Spellcaster","1d6 Bludgeoning","Versatile (1d8)","Mastery: Topple","4 lb.","","Bound into this staff is a level 5 spell. The spell is determined when the staff is created and can be of any school of magic. The staff has 6 charges and regains 1d6 expended charges daily at dawn. While holding the staff, you can expend 1 charge to cast its spell. If you expend the staff's last charge, roll 1d20. On a 1, the staff loses its properties and becomes a nonmagical Quarterstaff.The spell's saving throw DC is 17, and its attack bonus is +9. Versatile. A Versatile weapon can be used with one or two hands. A damage value in parentheses appears with the property. The weapon deals that damage when used with two hands to make a melee attack. Mastery: Topple. If you hit a creature with this weapon, you can force the creature to make a Constitution saving throw (DC 8 plus the ability modifier used to make the attack roll and your Proficiency Bonus). On a failed save, the creature has the Prone condition."
"Enspelled Staff (Level 6)","DMG'24","258","legendary","Staff, Weapon, Simple Weapon, Melee Weapon","requires attunement by a Spellcaster","1d6 Bludgeoning","Versatile (1d8)","Mastery: Topple","4 lb.","","Bound into this staff is a level 6 spell. The spell is determined when the staff is created and can be of any school of magic. The staff has 6 charges and regains 1d6 expended charges daily at dawn. While holding the staff, you can expend 1 charge to cast its spell. If you expend the staff's last charge, roll 1d20. On a 1, the staff loses its properties and becomes a nonmagical Quarterstaff.The spell's saving throw DC is 17, and its attack bonus is +9. Versatile. A Versatile weapon can be used with one or two hands. A damage value in parentheses appears with the property. The weapon deals that damage when used with two hands to make a melee attack. Mastery: Topple. If you hit a creature with this weapon, you can force the creature to make a Constitution saving throw (DC 8 plus the ability modifier used to make the attack roll and your Proficiency Bonus). On a failed save, the creature has the Prone condition."
"Enspelled Staff (Level 7)","DMG'24","258","legendary","Staff, Weapon, Simple Weapon, Melee Weapon","requires attunement by a Spellcaster","1d6 Bludgeoning","Versatile (1d8)","Mastery: Topple","4 lb.","","Bound into this staff is a level 7 spell. The spell is determined when the staff is created and can be of any school of magic. The staff has 6 charges and regains 1d6 expended charges daily at dawn. While holding the staff, you can expend 1 charge to cast its spell. If you expend the staff's last charge, roll 1d20. On a 1, the staff loses its properties and becomes a nonmagical Quarterstaff.The spell's saving throw DC is 18, and its attack bonus is +10. Versatile. A Versatile weapon can be used with one or two hands. A damage value in parentheses appears with the property. The weapon deals that damage when used with two hands to make a melee attack. Mastery: Topple. If you hit a creature with this weapon, you can force the creature to make a Constitution saving throw (DC 8 plus the ability modifier used to make the attack roll and your Proficiency Bonus). On a failed save, the creature has the Prone condition."
"Enspelled Staff (Level 8)","DMG'24","258","legendary","Staff, Weapon, Simple Weapon, Melee Weapon","requires attunement by a Spellcaster","1d6 Bludgeoning","Versatile (1d8)","Mastery: Topple","4 lb.","","Bound into this staff is a level 8 spell. The spell is determined when the staff is created and can be of any school of magic. The staff has 6 charges and regains 1d6 expended charges daily at dawn. While holding the staff, you can expend 1 charge to cast its spell. If you expend the staff's last charge, roll 1d20. On a 1, the staff loses its properties and becomes a nonmagical Quarterstaff.The spell's saving throw DC is 18, and its attack bonus is +10. Versatile. A Versatile weapon can be used with one or two hands. A damage value in parentheses appears with the property. The weapon deals that damage when used with two hands to make a melee attack. Mastery: Topple. If you hit a creature with this weapon, you can force the creature to make a Constitution saving throw (DC 8 plus the ability modifier used to make the attack roll and your Proficiency Bonus). On a failed save, the creature has the Prone condition."
"Enspelled Weapon","DMG'24","258","varies","Generic Variant","requires attunement","","","","","","Multiple variations of this item exist, as listed below:Enspelled Weapon (Cantrip)Enspelled Weapon (Level 1)Enspelled Weapon (Level 2)Enspelled Weapon (Level 3)Enspelled Weapon (Level 4)Enspelled Weapon (Level 5)Enspelled Weapon (Level 6)Enspelled Weapon (Level 7)Enspelled Weapon (Level 8)"
"Enspelled Weapon (Cantrip)","DMG'24","258","uncommon","Generic Variant","requires attunement","","","","","","Bound into this weapon is a cantrip. The cantrip is determined when the weapon is created and must belong to the Conjuration, Divination, Evocation, Necromancy, or Transmutation school of magic. The weapon has 6 charges and regains 1d6 expended charges daily at dawn. While holding the weapon, you can expend 1 charge to cast its spell.The spell's saving throw DC is 13, and its attack bonus is +5. Base items. This item variant can be applied to the following base items:Antimatter Rifle (Enspelled (Cantrip) Antimatter Rifle)Automatic Rifle (Enspelled (Cantrip) Automatic Rifle)Battleaxe (Enspelled (Cantrip) Battleaxe)Blowgun (Enspelled (Cantrip) Blowgun)Club (Enspelled (Cantrip) Club)Dagger (Enspelled (Cantrip) Dagger)Dart (Enspelled (Cantrip) Dart)Double-Bladed Scimitar (Enspelled (Cantrip) Double-Bladed Scimitar)Flail (Enspelled (Cantrip) Flail)Glaive (Enspelled (Cantrip) Glaive)Greataxe (Enspelled (Cantrip) Greataxe)Greatclub (Enspelled (Cantrip) Greatclub)Greatsword (Enspelled (Cantrip) Greatsword)Halberd (Enspelled (Cantrip) Halberd)Hand Crossbow (Enspelled (Cantrip) Hand Crossbow)Handaxe (Enspelled (Cantrip) Handaxe)Heavy Crossbow (Enspelled (Cantrip) Heavy Crossbow)Hooked Shortspear (Enspelled (Cantrip) Hooked Shortspear)Hoopak (Enspelled (Cantrip) Hoopak)Hunting Rifle (Enspelled (Cantrip) Hunting Rifle)Javelin (Enspelled (Cantrip) Javelin)Lance (Enspelled (Cantrip) Lance)Laser Pistol (Enspelled (Cantrip) Laser Pistol)Laser Rifle (Enspelled (Cantrip) Laser Rifle)Light Crossbow (Enspelled (Cantrip) Light Crossbow)Light Hammer (Enspelled (Cantrip) Light Hammer)Light Repeating Crossbow (Enspelled (Cantrip) Light Repeating Crossbow)Longbow (Enspelled (Cantrip) Longbow)Longsword (Enspelled (Cantrip) Longsword)Mace (Enspelled (Cantrip) Mace)Maul (Enspelled (Cantrip) Maul)Morningstar (Enspelled (Cantrip) Morningstar)Musket (Enspelled (Cantrip) Musket)Pike (Enspelled (Cantrip) Pike)Pistol (Enspelled (Cantrip) Pistol)Quarterstaff (Enspelled (Cantrip) Quarterstaff)Rapier (Enspelled (Cantrip) Rapier)Revolver (Enspelled (Cantrip) Revolver)Scimitar (Enspelled (Cantrip) Scimitar)Semiautomatic Pistol (Enspelled (Cantrip) Semiautomatic Pistol)Shortbow (Enspelled (Cantrip) Shortbow)Shortsword (Enspelled (Cantrip) Shortsword)Shotgun (Enspelled (Cantrip) Shotgun)Sickle (Enspelled (Cantrip) Sickle)Sling (Enspelled (Cantrip) Sling)Spear (Enspelled (Cantrip) Spear)Staff (Enspelled (Cantrip) Staff)Trident (Enspelled (Cantrip) Trident)War Pick (Enspelled (Cantrip) War Pick)Warhammer (Enspelled (Cantrip) Warhammer)Whip (Enspelled (Cantrip) Whip)Wooden Staff (Enspelled (Cantrip) Wooden Staff)Yklwa (Enspelled (Cantrip) Yklwa)"
"Enspelled Weapon (Level 1)","DMG'24","258","uncommon","Generic Variant","requires attunement","","","","","","Bound into this weapon is a level 1 spell. The spell is determined when the weapon is created and must belong to the Conjuration, Divination, Evocation, Necromancy, or Transmutation school of magic. The weapon has 6 charges and regains 1d6 expended charges daily at dawn. While holding the weapon, you can expend 1 charge to cast its spell.The spell's saving throw DC is 13, and its attack bonus is +5. Base items. This item variant can be applied to the following base items:Antimatter Rifle (Enspelled (Level 1) Antimatter Rifle)Automatic Rifle (Enspelled (Level 1) Automatic Rifle)Battleaxe (Enspelled (Level 1) Battleaxe)Blowgun (Enspelled (Level 1) Blowgun)Club (Enspelled (Level 1) Club)Dagger (Enspelled (Level 1) Dagger)Dart (Enspelled (Level 1) Dart)Double-Bladed Scimitar (Enspelled (Level 1) Double-Bladed Scimitar)Flail (Enspelled (Level 1) Flail)Glaive (Enspelled (Level 1) Glaive)Greataxe (Enspelled (Level 1) Greataxe)Greatclub (Enspelled (Level 1) Greatclub)Greatsword (Enspelled (Level 1) Greatsword)Halberd (Enspelled (Level 1) Halberd)Hand Crossbow (Enspelled (Level 1) Hand Crossbow)Handaxe (Enspelled (Level 1) Handaxe)Heavy Crossbow (Enspelled (Level 1) Heavy Crossbow)Hooked Shortspear (Enspelled (Level 1) Hooked Shortspear)Hoopak (Enspelled (Level 1) Hoopak)Hunting Rifle (Enspelled (Level 1) Hunting Rifle)Javelin (Enspelled (Level 1) Javelin)Lance (Enspelled (Level 1) Lance)Laser Pistol (Enspelled (Level 1) Laser Pistol)Laser Rifle (Enspelled (Level 1) Laser Rifle)Light Crossbow (Enspelled (Level 1) Light Crossbow)Light Hammer (Enspelled (Level 1) Light Hammer)Light Repeating Crossbow (Enspelled (Level 1) Light Repeating Crossbow)Longbow (Enspelled (Level 1) Longbow)Longsword (Enspelled (Level 1) Longsword)Mace (Enspelled (Level 1) Mace)Maul (Enspelled (Level 1) Maul)Morningstar (Enspelled (Level 1) Morningstar)Musket (Enspelled (Level 1) Musket)Pike (Enspelled (Level 1) Pike)Pistol (Enspelled (Level 1) Pistol)Quarterstaff (Enspelled (Level 1) Quarterstaff)Rapier (Enspelled (Level 1) Rapier)Revolver (Enspelled (Level 1) Revolver)Scimitar (Enspelled (Level 1) Scimitar)Semiautomatic Pistol (Enspelled (Level 1) Semiautomatic Pistol)Shortbow (Enspelled (Level 1) Shortbow)Shortsword (Enspelled (Level 1) Shortsword)Shotgun (Enspelled (Level 1) Shotgun)Sickle (Enspelled (Level 1) Sickle)Sling (Enspelled (Level 1) Sling)Spear (Enspelled (Level 1) Spear)Staff (Enspelled (Level 1) Staff)Trident (Enspelled (Level 1) Trident)War Pick (Enspelled (Level 1) War Pick)Warhammer (Enspelled (Level 1) Warhammer)Whip (Enspelled (Level 1) Whip)Wooden Staff (Enspelled (Level 1) Wooden Staff)Yklwa (Enspelled (Level 1) Yklwa)"
"Enspelled Weapon (Level 2)","DMG'24","258","rare","Generic Variant","requires attunement","","","","","","Bound into this weapon is a level 2 spell. The spell is determined when the weapon is created and must belong to the Conjuration, Divination, Evocation, Necromancy, or Transmutation school of magic. The weapon has 6 charges and regains 1d6 expended charges daily at dawn. While holding the weapon, you can expend 1 charge to cast its spell.The spell's saving throw DC is 13, and its attack bonus is +5. Base items. This item variant can be applied to the following base items:Antimatter Rifle (Enspelled (Level 2) Antimatter Rifle)Automatic Rifle (Enspelled (Level 2) Automatic Rifle)Battleaxe (Enspelled (Level 2) Battleaxe)Blowgun (Enspelled (Level 2) Blowgun)Club (Enspelled (Level 2) Club)Dagger (Enspelled (Level 2) Dagger)Dart (Enspelled (Level 2) Dart)Double-Bladed Scimitar (Enspelled (Level 2) Double-Bladed Scimitar)Flail (Enspelled (Level 2) Flail)Glaive (Enspelled (Level 2) Glaive)Greataxe (Enspelled (Level 2) Greataxe)Greatclub (Enspelled (Level 2) Greatclub)Greatsword (Enspelled (Level 2) Greatsword)Halberd (Enspelled (Level 2) Halberd)Hand Crossbow (Enspelled (Level 2) Hand Crossbow)Handaxe (Enspelled (Level 2) Handaxe)Heavy Crossbow (Enspelled (Level 2) Heavy Crossbow)Hooked Shortspear (Enspelled (Level 2) Hooked Shortspear)Hoopak (Enspelled (Level 2) Hoopak)Hunting Rifle (Enspelled (Level 2) Hunting Rifle)Javelin (Enspelled (Level 2) Javelin)Lance (Enspelled (Level 2) Lance)Laser Pistol (Enspelled (Level 2) Laser Pistol)Laser Rifle (Enspelled (Level 2) Laser Rifle)Light Crossbow (Enspelled (Level 2) Light Crossbow)Light Hammer (Enspelled (Level 2) Light Hammer)Light Repeating Crossbow (Enspelled (Level 2) Light Repeating Crossbow)Longbow (Enspelled (Level 2) Longbow)Longsword (Enspelled (Level 2) Longsword)Mace (Enspelled (Level 2) Mace)Maul (Enspelled (Level 2) Maul)Morningstar (Enspelled (Level 2) Morningstar)Musket (Enspelled (Level 2) Musket)Pike (Enspelled (Level 2) Pike)Pistol (Enspelled (Level 2) Pistol)Quarterstaff (Enspelled (Level 2) Quarterstaff)Rapier (Enspelled (Level 2) Rapier)Revolver (Enspelled (Level 2) Revolver)Scimitar (Enspelled (Level 2) Scimitar)Semiautomatic Pistol (Enspelled (Level 2) Semiautomatic Pistol)Shortbow (Enspelled (Level 2) Shortbow)Shortsword (Enspelled (Level 2) Shortsword)Shotgun (Enspelled (Level 2) Shotgun)Sickle (Enspelled (Level 2) Sickle)Sling (Enspelled (Level 2) Sling)Spear (Enspelled (Level 2) Spear)Staff (Enspelled (Level 2) Staff)Trident (Enspelled (Level 2) Trident)War Pick (Enspelled (Level 2) War Pick)Warhammer (Enspelled (Level 2) Warhammer)Whip (Enspelled (Level 2) Whip)Wooden Staff (Enspelled (Level 2) Wooden Staff)Yklwa (Enspelled (Level 2) Yklwa)"
"Enspelled Weapon (Level 3)","DMG'24","258","rare","Generic Variant","requires attunement","","","","","","Bound into this weapon is a level 3 spell. The spell is determined when the weapon is created and must belong to the Conjuration, Divination, Evocation, Necromancy, or Transmutation school of magic. The weapon has 6 charges and regains 1d6 expended charges daily at dawn. While holding the weapon, you can expend 1 charge to cast its spell.The spell's saving throw DC is 15, and its attack bonus is +7. Base items. This item variant can be applied to the following base items:Antimatter Rifle (Enspelled (Level 3) Antimatter Rifle)Automatic Rifle (Enspelled (Level 3) Automatic Rifle)Battleaxe (Enspelled (Level 3) Battleaxe)Blowgun (Enspelled (Level 3) Blowgun)Club (Enspelled (Level 3) Club)Dagger (Enspelled (Level 3) Dagger)Dart (Enspelled (Level 3) Dart)Double-Bladed Scimitar (Enspelled (Level 3) Double-Bladed Scimitar)Flail (Enspelled (Level 3) Flail)Glaive (Enspelled (Level 3) Glaive)Greataxe (Enspelled (Level 3) Greataxe)Greatclub (Enspelled (Level 3) Greatclub)Greatsword (Enspelled (Level 3) Greatsword)Halberd (Enspelled (Level 3) Halberd)Hand Crossbow (Enspelled (Level 3) Hand Crossbow)Handaxe (Enspelled (Level 3) Handaxe)Heavy Crossbow (Enspelled (Level 3) Heavy Crossbow)Hooked Shortspear (Enspelled (Level 3) Hooked Shortspear)Hoopak (Enspelled (Level 3) Hoopak)Hunting Rifle (Enspelled (Level 3) Hunting Rifle)Javelin (Enspelled (Level 3) Javelin)Lance (Enspelled (Level 3) Lance)Laser Pistol (Enspelled (Level 3) Laser Pistol)Laser Rifle (Enspelled (Level 3) Laser Rifle)Light Crossbow (Enspelled (Level 3) Light Crossbow)Light Hammer (Enspelled (Level 3) Light Hammer)Light Repeating Crossbow (Enspelled (Level 3) Light Repeating Crossbow)Longbow (Enspelled (Level 3) Longbow)Longsword (Enspelled (Level 3) Longsword)Mace (Enspelled (Level 3) Mace)Maul (Enspelled (Level 3) Maul)Morningstar (Enspelled (Level 3) Morningstar)Musket (Enspelled (Level 3) Musket)Pike (Enspelled (Level 3) Pike)Pistol (Enspelled (Level 3) Pistol)Quarterstaff (Enspelled (Level 3) Quarterstaff)Rapier (Enspelled (Level 3) Rapier)Revolver (Enspelled (Level 3) Revolver)Scimitar (Enspelled (Level 3) Scimitar)Semiautomatic Pistol (Enspelled (Level 3) Semiautomatic Pistol)Shortbow (Enspelled (Level 3) Shortbow)Shortsword (Enspelled (Level 3) Shortsword)Shotgun (Enspelled (Level 3) Shotgun)Sickle (Enspelled (Level 3) Sickle)Sling (Enspelled (Level 3) Sling)Spear (Enspelled (Level 3) Spear)Staff (Enspelled (Level 3) Staff)Trident (Enspelled (Level 3) Trident)War Pick (Enspelled (Level 3) War Pick)Warhammer (Enspelled (Level 3) Warhammer)Whip (Enspelled (Level 3) Whip)Wooden Staff (Enspelled (Level 3) Wooden Staff)Yklwa (Enspelled (Level 3) Yklwa)"
"Enspelled Weapon (Level 4)","DMG'24","258","very rare","Generic Variant","requires attunement","","","","","","Bound into this weapon is a level 4 spell. The spell is determined when the weapon is created and must belong to the Conjuration, Divination, Evocation, Necromancy, or Transmutation school of magic. The weapon has 6 charges and regains 1d6 expended charges daily at dawn. While holding the weapon, you can expend 1 charge to cast its spell.The spell's saving throw DC is 15, and its attack bonus is +7. Base items. This item variant can be applied to the following base items:Antimatter Rifle (Enspelled (Level 4) Antimatter Rifle)Automatic Rifle (Enspelled (Level 4) Automatic Rifle)Battleaxe (Enspelled (Level 4) Battleaxe)Blowgun (Enspelled (Level 4) Blowgun)Club (Enspelled (Level 4) Club)Dagger (Enspelled (Level 4) Dagger)Dart (Enspelled (Level 4) Dart)Double-Bladed Scimitar (Enspelled (Level 4) Double-Bladed Scimitar)Flail (Enspelled (Level 4) Flail)Glaive (Enspelled (Level 4) Glaive)Greataxe (Enspelled (Level 4) Greataxe)Greatclub (Enspelled (Level 4) Greatclub)Greatsword (Enspelled (Level 4) Greatsword)Halberd (Enspelled (Level 4) Halberd)Hand Crossbow (Enspelled (Level 4) Hand Crossbow)Handaxe (Enspelled (Level 4) Handaxe)Heavy Crossbow (Enspelled (Level 4) Heavy Crossbow)Hooked Shortspear (Enspelled (Level 4) Hooked Shortspear)Hoopak (Enspelled (Level 4) Hoopak)Hunting Rifle (Enspelled (Level 4) Hunting Rifle)Javelin (Enspelled (Level 4) Javelin)Lance (Enspelled (Level 4) Lance)Laser Pistol (Enspelled (Level 4) Laser Pistol)Laser Rifle (Enspelled (Level 4) Laser Rifle)Light Crossbow (Enspelled (Level 4) Light Crossbow)Light Hammer (Enspelled (Level 4) Light Hammer)Light Repeating Crossbow (Enspelled (Level 4) Light Repeating Crossbow)Longbow (Enspelled (Level 4) Longbow)Longsword (Enspelled (Level 4) Longsword)Mace (Enspelled (Level 4) Mace)Maul (Enspelled (Level 4) Maul)Morningstar (Enspelled (Level 4) Morningstar)Musket (Enspelled (Level 4) Musket)Pike (Enspelled (Level 4) Pike)Pistol (Enspelled (Level 4) Pistol)Quarterstaff (Enspelled (Level 4) Quarterstaff)Rapier (Enspelled (Level 4) Rapier)Revolver (Enspelled (Level 4) Revolver)Scimitar (Enspelled (Level 4) Scimitar)Semiautomatic Pistol (Enspelled (Level 4) Semiautomatic Pistol)Shortbow (Enspelled (Level 4) Shortbow)Shortsword (Enspelled (Level 4) Shortsword)Shotgun (Enspelled (Level 4) Shotgun)Sickle (Enspelled (Level 4) Sickle)Sling (Enspelled (Level 4) Sling)Spear (Enspelled (Level 4) Spear)Staff (Enspelled (Level 4) Staff)Trident (Enspelled (Level 4) Trident)War Pick (Enspelled (Level 4) War Pick)Warhammer (Enspelled (Level 4) Warhammer)Whip (Enspelled (Level 4) Whip)Wooden Staff (Enspelled (Level 4) Wooden Staff)Yklwa (Enspelled (Level 4) Yklwa)"
"Enspelled Weapon (Level 5)","DMG'24","258","very rare","Generic Variant","requires attunement","","","","","","Bound into this weapon is a level 5 spell. The spell is determined when the weapon is created and must belong to the Conjuration, Divination, Evocation, Necromancy, or Transmutation school of magic. The weapon has 6 charges and regains 1d6 expended charges daily at dawn. While holding the weapon, you can expend 1 charge to cast its spell.The spell's saving throw DC is 17, and its attack bonus is +9. Base items. This item variant can be applied to the following base items:Antimatter Rifle (Enspelled (Level 5) Antimatter Rifle)Automatic Rifle (Enspelled (Level 5) Automatic Rifle)Battleaxe (Enspelled (Level 5) Battleaxe)Blowgun (Enspelled (Level 5) Blowgun)Club (Enspelled (Level 5) Club)Dagger (Enspelled (Level 5) Dagger)Dart (Enspelled (Level 5) Dart)Double-Bladed Scimitar (Enspelled (Level 5) Double-Bladed Scimitar)Flail (Enspelled (Level 5) Flail)Glaive (Enspelled (Level 5) Glaive)Greataxe (Enspelled (Level 5) Greataxe)Greatclub (Enspelled (Level 5) Greatclub)Greatsword (Enspelled (Level 5) Greatsword)Halberd (Enspelled (Level 5) Halberd)Hand Crossbow (Enspelled (Level 5) Hand Crossbow)Handaxe (Enspelled (Level 5) Handaxe)Heavy Crossbow (Enspelled (Level 5) Heavy Crossbow)Hooked Shortspear (Enspelled (Level 5) Hooked Shortspear)Hoopak (Enspelled (Level 5) Hoopak)Hunting Rifle (Enspelled (Level 5) Hunting Rifle)Javelin (Enspelled (Level 5) Javelin)Lance (Enspelled (Level 5) Lance)Laser Pistol (Enspelled (Level 5) Laser Pistol)Laser Rifle (Enspelled (Level 5) Laser Rifle)Light Crossbow (Enspelled (Level 5) Light Crossbow)Light Hammer (Enspelled (Level 5) Light Hammer)Light Repeating Crossbow (Enspelled (Level 5) Light Repeating Crossbow)Longbow (Enspelled (Level 5) Longbow)Longsword (Enspelled (Level 5) Longsword)Mace (Enspelled (Level 5) Mace)Maul (Enspelled (Level 5) Maul)Morningstar (Enspelled (Level 5) Morningstar)Musket (Enspelled (Level 5) Musket)Pike (Enspelled (Level 5) Pike)Pistol (Enspelled (Level 5) Pistol)Quarterstaff (Enspelled (Level 5) Quarterstaff)Rapier (Enspelled (Level 5) Rapier)Revolver (Enspelled (Level 5) Revolver)Scimitar (Enspelled (Level 5) Scimitar)Semiautomatic Pistol (Enspelled (Level 5) Semiautomatic Pistol)Shortbow (Enspelled (Level 5) Shortbow)Shortsword (Enspelled (Level 5) Shortsword)Shotgun (Enspelled (Level 5) Shotgun)Sickle (Enspelled (Level 5) Sickle)Sling (Enspelled (Level 5) Sling)Spear (Enspelled (Level 5) Spear)Staff (Enspelled (Level 5) Staff)Trident (Enspelled (Level 5) Trident)War Pick (Enspelled (Level 5) War Pick)Warhammer (Enspelled (Level 5) Warhammer)Whip (Enspelled (Level 5) Whip)Wooden Staff (Enspelled (Level 5) Wooden Staff)Yklwa (Enspelled (Level 5) Yklwa)"
"Enspelled Weapon (Level 6)","DMG'24","258","legendary","Generic Variant","requires attunement","","","","","","Bound into this weapon is a level 6 spell. The spell is determined when the weapon is created and must belong to the Conjuration, Divination, Evocation, Necromancy, or Transmutation school of magic. The weapon has 6 charges and regains 1d6 expended charges daily at dawn. While holding the weapon, you can expend 1 charge to cast its spell.The spell's saving throw DC is 17, and its attack bonus is +9. Base items. This item variant can be applied to the following base items:Antimatter Rifle (Enspelled (Level 6) Antimatter Rifle)Automatic Rifle (Enspelled (Level 6) Automatic Rifle)Battleaxe (Enspelled (Level 6) Battleaxe)Blowgun (Enspelled (Level 6) Blowgun)Club (Enspelled (Level 6) Club)Dagger (Enspelled (Level 6) Dagger)Dart (Enspelled (Level 6) Dart)Double-Bladed Scimitar (Enspelled (Level 6) Double-Bladed Scimitar)Flail (Enspelled (Level 6) Flail)Glaive (Enspelled (Level 6) Glaive)Greataxe (Enspelled (Level 6) Greataxe)Greatclub (Enspelled (Level 6) Greatclub)Greatsword (Enspelled (Level 6) Greatsword)Halberd (Enspelled (Level 6) Halberd)Hand Crossbow (Enspelled (Level 6) Hand Crossbow)Handaxe (Enspelled (Level 6) Handaxe)Heavy Crossbow (Enspelled (Level 6) Heavy Crossbow)Hooked Shortspear (Enspelled (Level 6) Hooked Shortspear)Hoopak (Enspelled (Level 6) Hoopak)Hunting Rifle (Enspelled (Level 6) Hunting Rifle)Javelin (Enspelled (Level 6) Javelin)Lance (Enspelled (Level 6) Lance)Laser Pistol (Enspelled (Level 6) Laser Pistol)Laser Rifle (Enspelled (Level 6) Laser Rifle)Light Crossbow (Enspelled (Level 6) Light Crossbow)Light Hammer (Enspelled (Level 6) Light Hammer)Light Repeating Crossbow (Enspelled (Level 6) Light Repeating Crossbow)Longbow (Enspelled (Level 6) Longbow)Longsword (Enspelled (Level 6) Longsword)Mace (Enspelled (Level 6) Mace)Maul (Enspelled (Level 6) Maul)Morningstar (Enspelled (Level 6) Morningstar)Musket (Enspelled (Level 6) Musket)Pike (Enspelled (Level 6) Pike)Pistol (Enspelled (Level 6) Pistol)Quarterstaff (Enspelled (Level 6) Quarterstaff)Rapier (Enspelled (Level 6) Rapier)Revolver (Enspelled (Level 6) Revolver)Scimitar (Enspelled (Level 6) Scimitar)Semiautomatic Pistol (Enspelled (Level 6) Semiautomatic Pistol)Shortbow (Enspelled (Level 6) Shortbow)Shortsword (Enspelled (Level 6) Shortsword)Shotgun (Enspelled (Level 6) Shotgun)Sickle (Enspelled (Level 6) Sickle)Sling (Enspelled (Level 6) Sling)Spear (Enspelled (Level 6) Spear)Staff (Enspelled (Level 6) Staff)Trident (Enspelled (Level 6) Trident)War Pick (Enspelled (Level 6) War Pick)Warhammer (Enspelled (Level 6) Warhammer)Whip (Enspelled (Level 6) Whip)Wooden Staff (Enspelled (Level 6) Wooden Staff)Yklwa (Enspelled (Level 6) Yklwa)"
"Enspelled Weapon (Level 7)","DMG'24","258","legendary","Generic Variant","requires attunement","","","","","","Bound into this weapon is a level 7 spell. The spell is determined when the weapon is created and must belong to the Conjuration, Divination, Evocation, Necromancy, or Transmutation school of magic. The weapon has 6 charges and regains 1d6 expended charges daily at dawn. While holding the weapon, you can expend 1 charge to cast its spell.The spell's saving throw DC is 18, and its attack bonus is +10. Base items. This item variant can be applied to the following base items:Antimatter Rifle (Enspelled (Level 7) Antimatter Rifle)Automatic Rifle (Enspelled (Level 7) Automatic Rifle)Battleaxe (Enspelled (Level 7) Battleaxe)Blowgun (Enspelled (Level 7) Blowgun)Club (Enspelled (Level 7) Club)Dagger (Enspelled (Level 7) Dagger)Dart (Enspelled (Level 7) Dart)Double-Bladed Scimitar (Enspelled (Level 7) Double-Bladed Scimitar)Flail (Enspelled (Level 7) Flail)Glaive (Enspelled (Level 7) Glaive)Greataxe (Enspelled (Level 7) Greataxe)Greatclub (Enspelled (Level 7) Greatclub)Greatsword (Enspelled (Level 7) Greatsword)Halberd (Enspelled (Level 7) Halberd)Hand Crossbow (Enspelled (Level 7) Hand Crossbow)Handaxe (Enspelled (Level 7) Handaxe)Heavy Crossbow (Enspelled (Level 7) Heavy Crossbow)Hooked Shortspear (Enspelled (Level 7) Hooked Shortspear)Hoopak (Enspelled (Level 7) Hoopak)Hunting Rifle (Enspelled (Level 7) Hunting Rifle)Javelin (Enspelled (Level 7) Javelin)Lance (Enspelled (Level 7) Lance)Laser Pistol (Enspelled (Level 7) Laser Pistol)Laser Rifle (Enspelled (Level 7) Laser Rifle)Light Crossbow (Enspelled (Level 7) Light Crossbow)Light Hammer (Enspelled (Level 7) Light Hammer)Light Repeating Crossbow (Enspelled (Level 7) Light Repeating Crossbow)Longbow (Enspelled (Level 7) Longbow)Longsword (Enspelled (Level 7) Longsword)Mace (Enspelled (Level 7) Mace)Maul (Enspelled (Level 7) Maul)Morningstar (Enspelled (Level 7) Morningstar)Musket (Enspelled (Level 7) Musket)Pike (Enspelled (Level 7) Pike)Pistol (Enspelled (Level 7) Pistol)Quarterstaff (Enspelled (Level 7) Quarterstaff)Rapier (Enspelled (Level 7) Rapier)Revolver (Enspelled (Level 7) Revolver)Scimitar (Enspelled (Level 7) Scimitar)Semiautomatic Pistol (Enspelled (Level 7) Semiautomatic Pistol)Shortbow (Enspelled (Level 7) Shortbow)Shortsword (Enspelled (Level 7) Shortsword)Shotgun (Enspelled (Level 7) Shotgun)Sickle (Enspelled (Level 7) Sickle)Sling (Enspelled (Level 7) Sling)Spear (Enspelled (Level 7) Spear)Staff (Enspelled (Level 7) Staff)Trident (Enspelled (Level 7) Trident)War Pick (Enspelled (Level 7) War Pick)Warhammer (Enspelled (Level 7) Warhammer)Whip (Enspelled (Level 7) Whip)Wooden Staff (Enspelled (Level 7) Wooden Staff)Yklwa (Enspelled (Level 7) Yklwa)"
"Enspelled Weapon (Level 8)","DMG'24","258","legendary","Generic Variant","requires attunement","","","","","","Bound into this weapon is a level 8 spell. The spell is determined when the weapon is created and must belong to the Conjuration, Divination, Evocation, Necromancy, or Transmutation school of magic. The weapon has 6 charges and regains 1d6 expended charges daily at dawn. While holding the weapon, you can expend 1 charge to cast its spell.The spell's saving throw DC is 18, and its attack bonus is +10. Base items. This item variant can be applied to the following base items:Antimatter Rifle (Enspelled (Level 8) Antimatter Rifle)Automatic Rifle (Enspelled (Level 8) Automatic Rifle)Battleaxe (Enspelled (Level 8) Battleaxe)Blowgun (Enspelled (Level 8) Blowgun)Club (Enspelled (Level 8) Club)Dagger (Enspelled (Level 8) Dagger)Dart (Enspelled (Level 8) Dart)Double-Bladed Scimitar (Enspelled (Level 8) Double-Bladed Scimitar)Flail (Enspelled (Level 8) Flail)Glaive (Enspelled (Level 8) Glaive)Greataxe (Enspelled (Level 8) Greataxe)Greatclub (Enspelled (Level 8) Greatclub)Greatsword (Enspelled (Level 8) Greatsword)Halberd (Enspelled (Level 8) Halberd)Hand Crossbow (Enspelled (Level 8) Hand Crossbow)Handaxe (Enspelled (Level 8) Handaxe)Heavy Crossbow (Enspelled (Level 8) Heavy Crossbow)Hooked Shortspear (Enspelled (Level 8) Hooked Shortspear)Hoopak (Enspelled (Level 8) Hoopak)Hunting Rifle (Enspelled (Level 8) Hunting Rifle)Javelin (Enspelled (Level 8) Javelin)Lance (Enspelled (Level 8) Lance)Laser Pistol (Enspelled (Level 8) Laser Pistol)Laser Rifle (Enspelled (Level 8) Laser Rifle)Light Crossbow (Enspelled (Level 8) Light Crossbow)Light Hammer (Enspelled (Level 8) Light Hammer)Light Repeating Crossbow (Enspelled (Level 8) Light Repeating Crossbow)Longbow (Enspelled (Level 8) Longbow)Longsword (Enspelled (Level 8) Longsword)Mace (Enspelled (Level 8) Mace)Maul (Enspelled (Level 8) Maul)Morningstar (Enspelled (Level 8) Morningstar)Musket (Enspelled (Level 8) Musket)Pike (Enspelled (Level 8) Pike)Pistol (Enspelled (Level 8) Pistol)Quarterstaff (Enspelled (Level 8) Quarterstaff)Rapier (Enspelled (Level 8) Rapier)Revolver (Enspelled (Level 8) Revolver)Scimitar (Enspelled (Level 8) Scimitar)Semiautomatic Pistol (Enspelled (Level 8) Semiautomatic Pistol)Shortbow (Enspelled (Level 8) Shortbow)Shortsword (Enspelled (Level 8) Shortsword)Shotgun (Enspelled (Level 8) Shotgun)Sickle (Enspelled (Level 8) Sickle)Sling (Enspelled (Level 8) Sling)Spear (Enspelled (Level 8) Spear)Staff (Enspelled (Level 8) Staff)Trident (Enspelled (Level 8) Trident)War Pick (Enspelled (Level 8) War Pick)Warhammer (Enspelled (Level 8) Warhammer)Whip (Enspelled (Level 8) Whip)Wooden Staff (Enspelled (Level 8) Wooden Staff)Yklwa (Enspelled (Level 8) Yklwa)"
"Ersatz Eye","DMG'24","259","common","Wondrous Item","","","","","","","This magical eye replaces a real one that was lost or removed. While the Ersatz Eye is embedded in your eye socket, you can see through the tiny orb as though it were your natural eye. You can insert or remove the Ersatz Eye as a Magic action, and it can't be removed against your will while you are alive."
"Everbright Lantern","ERLW","277","common","Wondrous Item","","","","","","","This bullseye lantern contains an Eberron dragonshard that sheds light comparable to that produced by a continual flame spell. An everbright lantern sheds light in a 120-foot cone; the closest 60 feet is bright light, and the farthest 60 feet is dim light."
"Eversmoking Bottle","DMG'24","259","uncommon","Wondrous Item","","","","","","","As a Magic action, you can open or close this bottle.Opening the bottle causes thick smoke to billow out, forming a cloud that fills a 60-foot Emanation originating from the bottle. The area within the smoke is Heavily Obscured.Each minute the bottle remains open, the size of the Emanation increases by 10 feet until it reaches its maximum size of 120 feet.Closing the bottle causes the cloud to become fixed in place until it disperses after 10 minutes. A strong wind (such as that created by the Gust of Wind spell) disperses the cloud after 1 minute."
"Executioner's Axe","DMG'24","259","very rare","Generic Variant","","","","","","","You gain a +1 bonus to attack rolls and damage rolls made with this magic weapon.Any Humanoid you hit with the weapon takes an extra 2d6 Slashing damage, and you gain Temporary Hit Points equal to the extra damage dealt. Base items. This item variant can be applied to the following base items:Battleaxe (Executioner's Battleaxe)Greataxe (Executioner's Greataxe)Halberd (Executioner's Halberd)Handaxe (Executioner's Handaxe)"
"Eye and Hand of Vecna","DMG'24","259","artifact","Wondrous Item","requires attunement","","","","","","Vecna was a mighty wizard who, through magic and conquest, forged a terrible empire. For all his power, however, Vecna feared death and took steps to prevent his demise by becoming a lich.A treacherous lieutenant named Kas brought Vecna's rule to an end in a terrible battle. Of Vecna, all that remained were one hand and one eye, grisly Artifacts that still seek to work Vecna's will in the world.The Eye of Vecna and the Hand of Vecna are separate Artifacts that might be found together or separately. The eye looks like a bloodshot organ torn free from the socket. The hand is a shriveled left extremity. Random Properties of the Eye and Hand. The Eye of Vecna and the Hand of Vecna each have the following random properties1 minor beneficial property1 major beneficial property1 minor detrimental property Attuning to the Eye. To attune to the eye, you must press it into your empty socket. The eye grafts itself to your head and remains there until you die. If the eye is ever removed, you die. Properties of the Eye. While you are attuned to the eye, your alignment is Neutral Evil, and you gain the following benefits:Truesight. You have Truesight out to 240 feet.Spellcasting. The eye has 8 charges and regains 1d4 + 4 expended charges daily at dawn. You can cast a spell on the Eye of Vecna Spells table from the eye (save DC 18). The table indicates how many charges you must expend to cast the spell. Each time you cast a spell from the eye, there is a 5 percent chance that Vecna tears your soul from your body, devours it, and then takes control of the body like a puppet. If that happens, you become an NPC under the DM's control.Eye of Vecna SpellsSpellCharge CostClairvoyance2Crown of Madness1Disintegrate4Dominate Monster5Eyebite4X-ray Vision. You can take a Magic action to gain X-ray vision with a range of 30 feet for 1 minute. To you, solid objects within that radius appear transparent and don't prevent light from passing through themselves. The vision can penetrate 1 foot of stone, 1 inch of common metal, or up to 3 feet of wood or dirt. Thicker substances block the vision, as does a thin sheet of lead. Attuning to the Hand. To attune to the hand, you must press it against the stump where your left hand was. The hand grafts itself to your arm and becomes a functioning appendage. If the hand is ever removed, you die. Properties of the Hand. When you are attuned to the hand, your alignment is Neutral Evil, and you gain the following benefits:Great Strength. Your Strength becomes 20 unless it is already 20 or higher.Icy Touch. Any melee spell attack you make with the hand and any melee attack made with a weapon held by it deals an extra 2d8 Cold damage on a hit.Spellcasting. The hand has 8 charges and regains 1d4 + 4 expended charges daily at dawn. You can cast a spell on the Hand of Vecna Spells table from the hand (save DC 18). The table indicates how many charges you must expend to cast the spell. Each time you cast a spell from it, the hand casts Suggestion on you (save DC 18; no Concentration required), demanding that you commit an evil act. The hand might have a specific act in mind or leave it up to you.Hand of Vecna SpellsSpellCharge CostFinger of Death5Sleep1Slow2Teleport3 Properties of the Eye and Hand. While attuned to both the hand and eye, you gain the following additional benefits:Danger Sense. You have Advantage on Initiative rolls.Necrotic Reduction. As a Magic action, you can target one creature you can see within 5 feet of yourself. The target makes a DC 18 Constitution saving throw, taking 7d6 Necrotic damage on a failed save or half as much damage on a successful one. A creature reduced to 0 Hit Points by this damage is transformed into green slime (see chapter 3) that covers the ground in its space, each 5-foot square of slime representing a separate patch. Nonmagical objects worn or carried by the target that are made of metal or organic material are destroyed by the slime.Poison Immunity. You have Immunity to Poison damage and the Poisoned condition.Regeneration. If you start your turn with at least 1 Hit Point, you regain 1d10 Hit Points.Wish. You can cast Wish. Once used, this property can't be used again until 30 days have passed. Destroying the Eye and Hand. If the Eye of Vecna and the Hand of Vecna are both attached to the same creature and that creature is slain by the Sword of Kas, both the eye and the hand burst into flame, turn to ash, and are destroyed. Any other attempt to destroy the eye or hand seems to work, but the Artifact reappears in one of Vecna's many hidden vaults, where it waits to be rediscovered."
"Eye of Vecna","DMG'24","259","artifact","Wondrous Item","requires attunement","","","","","","Vecna was a mighty wizard who, through magic and conquest, forged a terrible empire. For all his power, however, Vecna feared death and took steps to prevent his demise by becoming a lich.A treacherous lieutenant named Kas brought Vecna's rule to an end in a terrible battle. Of Vecna, all that remained were one hand and one eye, grisly Artifacts that still seek to work Vecna's will in the world.The Eye of Vecna and the Hand of Vecna are separate Artifacts that might be found together or separately. The eye looks like a bloodshot organ torn free from the socket. The hand is a shriveled left extremity. Random Properties of the Eye and Hand. The Eye of Vecna has the following random properties:1 minor beneficial property1 major beneficial property1 minor detrimental property Attuning to the Eye. To attune to the eye, you must press it into your empty socket. The eye grafts itself to your head and remains there until you die. If the eye is ever removed, you die. Properties of the Eye. While you are attuned to the eye, your alignment is Neutral Evil, and you gain the following benefits:Truesight. You have Truesight out to 240 feet.Spellcasting. The eye has 8 charges and regains 1d4 + 4 expended charges daily at dawn. You can cast a spell on the Eye of Vecna Spells table from the eye (save DC 18). The table indicates how many charges you must expend to cast the spell. Each time you cast a spell from the eye, there is a 5 percent chance that Vecna tears your soul from your body, devours it, and then takes control of the body like a puppet. If that happens, you become an NPC under the DM's control.Eye of Vecna SpellsSpellCharge CostClairvoyance2Crown of Madness1Disintegrate4Dominate Monster5Eyebite4X-ray Vision. You can take a Magic action to gain X-ray vision with a range of 30 feet for 1 minute. To you, solid objects within that radius appear transparent and don't prevent light from passing through themselves. The vision can penetrate 1 foot of stone, 1 inch of common metal, or up to 3 feet of wood or dirt. Thicker substances block the vision, as does a thin sheet of lead. Destroying the Eye and Hand. If the Eye of Vecna and the Hand of Vecna are both attached to the same creature and that creature is slain by the Sword of Kas, both the eye and the hand burst into flame, turn to ash, and are destroyed. Any other attempt to destroy the eye or hand seems to work, but the Artifact reappears in one of Vecna's many hidden vaults, where it waits to be rediscovered."
"Eyes of Charming","DMG'24","261","uncommon","Wondrous Item","requires attunement","","","","","","These crystal lenses fit over the eyes. They have 3 charges. While wearing them, you can expend 1 or more charges to cast Charm Person (save DC 13). For 1 charge, you cast the level 1 version of the spell. You increase the spell's level by one for each additional charge you expend. The lenses regain all expended charges daily at dawn."
"Eyes of Minute Seeing","DMG'24","261","uncommon","Wondrous Item","","","","","","","These crystal lenses fit over the eyes. While wearing them, your vision improves significantly out to a range of 1 foot, granting you Darkvision within that range and Advantage on Intelligence (Investigation) checks made to examine something within that range."
"Eyes of the Eagle","DMG'24","261","uncommon","Wondrous Item","","","","","","","These crystal lenses fit over the eyes. While wearing them, you have Advantage on Wisdom (Perception) checks that rely on sight. In conditions of clear visibility, you can make out details of even extremely distant creatures and objects as small as 2 feet across."
"Failed Experiment Wand","AI","162","rare","Wand","requires attunement by a spellcaster","","","","1 lb.","","This wand has 2 charges. While holding it, you can use an action to expend 1 or more of its charges to cast either a green-flamed fireball or a blue lightning bolt at random from it (save DC 15).For 1 charge, you cast the 3rd-level version of the spell. You can increase the spell slot level by one for each additional charge you expend.The wand regains 1d6 + 1 expended charges daily at dawn. If you expend the wand's last charge, roll a d20. On a 1, the wand crumbles into ashes and is destroyed."
"Fane-Eater","BGDIA","223","legendary","Weapon (Battleaxe), Martial Weapon, Melee Weapon","requires attunement by an evil cleric or paladin","1d8 Slashing","versatile (1d10)","","4 lb.","","Fane-Eater is a battleaxe belonging to Arkhan the Cruel.You gain a +3 bonus to attack and damage rolls with Fane-Eater. If you attack a creature with this weapon and roll a 20 on the attack roll, the creature takes an extra 2d8 necrotic damage, and you regain a number of hit points equal to the necrotic damage taken. Versatile. This weapon can be used with one or two hands. A damage value in parentheses appears with the property—the damage when the weapon is used with two hands to make a melee attack."
"Far Gear","AI","221","very rare","Wondrous Item","requires attunement","","","","","","While attuned to this device, you have a +1 bonus to Charisma saving throws, and you have advantage on Charisma (Intimidation) checks. Aberrant Ally. You can conjure an aberrant creature from the chaos of the multiverse to serve you. This functions as the conjure celestial spell (no concentration required), except the creature you summon is an aberration of challenge rating 4 or lower. Once you use this feature of the far gear, it cannot be used again until the next dawn. Unnatural Bane. You can cast the bane spell (save DC 15), which affects any number of creatures within range for 1 minute. Once you use this feature of the far gear, it cannot be used again until the next dawn. Part of a Whole. While this component is not installed in the Orrery of the Wanderer, its magic might function sporadically or with unpredictable side effects, as determined by the DM."
"Far Realm Shard","TCE","127","rare","Wondrous Item, Spellcasting Focus","requires attunement by a sorcerer","","","","1 lb.","","This writhing crystal is steeped in the warped essence of the Far Realm. As an action, you can attach the shard to a Tiny object (such as a weapon or a piece of jewelry) or detach it. It falls off if your attunement to it ends. You can use the shard as a spellcasting focus while you hold or wear it.When you use a Metamagic option on a spell while you are holding or wearing the shard, you can cause a slimy tentacle to rip through the fabric of reality and strike one creature you can see within 30 feet of you. The creature must succeed on a Charisma saving throw against your spell save DC or take 3d6 psychic damage and become frightened of you until the start of your next turn."
"Feather Token","ERLW","277","common","Wondrous Item","","","","","","","This small metal disk is inscribed with the image of a feather. When you fall at least 20 feet while the token is on your person, you descend 60 feet per round and take no damage from falling. The token's magic is expended after you land, whereupon the disk becomes nonmagical."
"Feywild Shard","TCE","127","uncommon","Wondrous Item, Spellcasting Focus","requires attunement by a sorcerer","","","","1 lb.","","This warm crystal glints with the sunset colors of the Feywild sky and evokes whispers of emotional memory. As an action, you can attach the shard to a Tiny object (such as a weapon or a piece of jewelry) or detach it. It falls off if your attunement to it ends. You can use the shard as a spellcasting focus while you hold or wear it.When you use a Metamagic option on a spell while you are holding or wearing the shard, you can roll on the Wild Magic Surge table in the Player's Handbook. If the result is a spell, it is too wild to be affected by your Metamagic, and if it normally requires concentration, it doesn't require concentration in this case; the spell lasts for its full duration.If you don't have the Wild Magic Sorcerous Origin, once this property is used to roll on the Wild Magic Surge table, it can't be used again until the next dawn."
"Figurine of Wondrous Power","DMG'24","261","varies","Wondrous Item","","","","","","","Multiple variations of this item exist, as listed below:Figurine of Wondrous Power, Bronze GriffonFigurine of Wondrous Power, Ebony FlyFigurine of Wondrous Power, Golden LionsFigurine of Wondrous Power, Ivory GoatsFigurine of Wondrous Power, Marble ElephantFigurine of Wondrous Power, Obsidian SteedFigurine of Wondrous Power, Onyx DogFigurine of Wondrous Power, Serpentine OwlFigurine of Wondrous Power, Silver Raven"
"Figurine of Wondrous Power, Bronze Griffon","DMG'24","261","rare","Wondrous Item","","","","","","","A Figurine of Wondrous Power is a statuette small enough to fit in a pocket. If you take a Magic action to throw the figurine to a point on the ground within 60 feet of yourself, the figurine becomes a living creature specified in the figurine's description below. If the space where the creature would appear is occupied by other creatures or objects, or if there isn't enough space for the creature, the figurine doesn't become a creature.The creature is Friendly to you and your allies. It understands your languages, obeys your commands, and takes its turn immediately after you on your Initiative count. If you issue no commands, the creature defends itself but takes no other actions.The creature exists for a duration specific to each figurine. At the end of the duration, the creature reverts to its figurine form. It reverts to a figurine early if its creature form drops to 0 Hit Points or if you take a Magic action while touching the creature to make it revert to figurine form. When the creature becomes a figurine again, its property can't be used again until a certain amount of time has passed, as specified below. Bronze Griffon (Rare). This bronze statuette is of a griffon rampant. It can become a Griffon for up to 6 hours. Once it has been used, it can't be used again until 5 days have passed."
"Figurine of Wondrous Power, Ebony Fly","DMG'24","261","rare","Wondrous Item","","","","","","","A Figurine of Wondrous Power is a statuette small enough to fit in a pocket. If you take a Magic action to throw the figurine to a point on the ground within 60 feet of yourself, the figurine becomes a living creature specified in the figurine's description below. If the space where the creature would appear is occupied by other creatures or objects, or if there isn't enough space for the creature, the figurine doesn't become a creature.The creature is Friendly to you and your allies. It understands your languages, obeys your commands, and takes its turn immediately after you on your Initiative count. If you issue no commands, the creature defends itself but takes no other actions.The creature exists for a duration specific to each figurine. At the end of the duration, the creature reverts to its figurine form. It reverts to a figurine early if its creature form drops to 0 Hit Points or if you take a Magic action while touching the creature to make it revert to figurine form. When the creature becomes a figurine again, its property can't be used again until a certain amount of time has passed, as specified below. Ebony Fly (Rare). This ebony statuette, carved in the likeness of a horsefly, can become a Giant Fly for up to 12 hours and can be ridden as a mount. Once it has been used, it can't be used again until 2 days have passed."
"Figurine of Wondrous Power, Golden Lions","DMG'24","261","rare","Wondrous Item","","","","","","","A Figurine of Wondrous Power is a statuette small enough to fit in a pocket. If you take a Magic action to throw the figurine to a point on the ground within 60 feet of yourself, the figurine becomes a living creature specified in the figurine's description below. If the space where the creature would appear is occupied by other creatures or objects, or if there isn't enough space for the creature, the figurine doesn't become a creature.The creature is Friendly to you and your allies. It understands your languages, obeys your commands, and takes its turn immediately after you on your Initiative count. If you issue no commands, the creature defends itself but takes no other actions.The creature exists for a duration specific to each figurine. At the end of the duration, the creature reverts to its figurine form. It reverts to a figurine early if its creature form drops to 0 Hit Points or if you take a Magic action while touching the creature to make it revert to figurine form. When the creature becomes a figurine again, its property can't be used again until a certain amount of time has passed, as specified below. Golden Lions (Rare). These gold statuettes of lions are always created in pairs. You can use one figurine or both simultaneously. Each can become a Lion for up to 1 hour. Once a lion has been used, it can't be used again until 7 days have passed."
"Figurine of Wondrous Power, Ivory Goats","DMG'24","261","rare","Wondrous Item","","","","","","","A Figurine of Wondrous Power is a statuette small enough to fit in a pocket. If you take a Magic action to throw the figurine to a point on the ground within 60 feet of yourself, the figurine becomes a living creature specified in the figurine's description below. If the space where the creature would appear is occupied by other creatures or objects, or if there isn't enough space for the creature, the figurine doesn't become a creature.The creature is Friendly to you and your allies. It understands your languages, obeys your commands, and takes its turn immediately after you on your Initiative count. If you issue no commands, the creature defends itself but takes no other actions.The creature exists for a duration specific to each figurine. At the end of the duration, the creature reverts to its figurine form. It reverts to a figurine early if its creature form drops to 0 Hit Points or if you take a Magic action while touching the creature to make it revert to figurine form. When the creature becomes a figurine again, its property can't be used again until a certain amount of time has passed, as specified below. Ivory Goats (Rare). These ivory statuettes of goats are always created in sets of three. Each goat looks unique and functions differently from the others. Their properties are as follows:Goat of Terror. This figurine can become a Giant Goat for up to 3 hours. The goat can't attack, but you can (harmlessly) remove its horns and use them as weapons. One horn becomes a +1 Lance, and the other becomes a +2 Longsword. Removing a horn requires a Magic action, and the weapons disappear and the horns return when the goat reverts to figurine form. While you ride the goat, any Hostile creature that starts its turn within a 30-foot Emanation originating from the goat must succeed on a DC 15 Wisdom saving throw or have the Frightened condition for 1 minute, until you are no longer riding the goat, or until the goat reverts to figurine form. The Frightened creature repeats the save at the end of each of its turns, ending the effect on itself on a success. Once it succeeds on the save, a creature is immune to this effect for the next 24 hours. Once the figurine has been used, it can't be used again until 15 days have passed.Goat of Traveling. This figurine can become a Large goat with the same statistics as a Riding Horse. It has 24 charges, and each hour or portion thereof it spends in goat form costs 1 charge. While it has charges, you can use it as often as you wish. When it runs out of charges, it reverts to a figurine and can't be used again until 7 days have passed, when it regains all expended charges.Goat of Travail. This figurine can become a Giant Goat for up to 3 hours. Once it has been used, it can't be used again until 30 days have passed."
"Figurine of Wondrous Power, Marble Elephant","DMG'24","261","rare","Wondrous Item","","","","","","","A Figurine of Wondrous Power is a statuette small enough to fit in a pocket. If you take a Magic action to throw the figurine to a point on the ground within 60 feet of yourself, the figurine becomes a living creature specified in the figurine's description below. If the space where the creature would appear is occupied by other creatures or objects, or if there isn't enough space for the creature, the figurine doesn't become a creature.The creature is Friendly to you and your allies. It understands your languages, obeys your commands, and takes its turn immediately after you on your Initiative count. If you issue no commands, the creature defends itself but takes no other actions.The creature exists for a duration specific to each figurine. At the end of the duration, the creature reverts to its figurine form. It reverts to a figurine early if its creature form drops to 0 Hit Points or if you take a Magic action while touching the creature to make it revert to figurine form. When the creature becomes a figurine again, its property can't be used again until a certain amount of time has passed, as specified below. Marble Elephant (Rare). This marble statuette resembles a trumpeting elephant. It can become an Elephant for up to 24 hours. Once it has been used, it can't be used again until 7 days have passed."
"Figurine of Wondrous Power, Obsidian Steed","DMG'24","261","very rare","Wondrous Item","","","","","","","A Figurine of Wondrous Power is a statuette small enough to fit in a pocket. If you take a Magic action to throw the figurine to a point on the ground within 60 feet of yourself, the figurine becomes a living creature specified in the figurine's description below. If the space where the creature would appear is occupied by other creatures or objects, or if there isn't enough space for the creature, the figurine doesn't become a creature.The creature is Friendly to you and your allies. It understands your languages, obeys your commands, and takes its turn immediately after you on your Initiative count. If you issue no commands, the creature defends itself but takes no other actions.The creature exists for a duration specific to each figurine. At the end of the duration, the creature reverts to its figurine form. It reverts to a figurine early if its creature form drops to 0 Hit Points or if you take a Magic action while touching the creature to make it revert to figurine form. When the creature becomes a figurine again, its property can't be used again until a certain amount of time has passed, as specified below. Obsidian Steed (Very Rare). This polished obsidian horse can become a Nightmare for up to 24 hours. The nightmare fights only to defend itself. Once it has been used, it can't be used again until 5 days have passed.The figurine has a 10 percent chance each time you use it to ignore your orders, including a command to revert to figurine form. If you mount the nightmare while it is ignoring your orders, you and the nightmare are instantly transported to a random location on the plane of Hades, where the nightmare reverts to figurine form."
"Figurine of Wondrous Power, Onyx Dog","DMG'24","261","rare","Wondrous Item","","","","","","","A Figurine of Wondrous Power is a statuette small enough to fit in a pocket. If you take a Magic action to throw the figurine to a point on the ground within 60 feet of yourself, the figurine becomes a living creature specified in the figurine's description below. If the space where the creature would appear is occupied by other creatures or objects, or if there isn't enough space for the creature, the figurine doesn't become a creature.The creature is Friendly to you and your allies. It understands your languages, obeys your commands, and takes its turn immediately after you on your Initiative count. If you issue no commands, the creature defends itself but takes no other actions.The creature exists for a duration specific to each figurine. At the end of the duration, the creature reverts to its figurine form. It reverts to a figurine early if its creature form drops to 0 Hit Points or if you take a Magic action while touching the creature to make it revert to figurine form. When the creature becomes a figurine again, its property can't be used again until a certain amount of time has passed, as specified below. Onyx Dog (Rare). This onyx statuette of a dog can become a Mastiff for up to 6 hours. The mastiff has an Intelligence of 8 and can speak Common. It also has Blindsight with a range of 60 feet. Once it has been used, it can't be used again until 7 days have passed."
"Figurine of Wondrous Power, Serpentine Owl","DMG'24","261","rare","Wondrous Item","","","","","","","A Figurine of Wondrous Power is a statuette small enough to fit in a pocket. If you take a Magic action to throw the figurine to a point on the ground within 60 feet of yourself, the figurine becomes a living creature specified in the figurine's description below. If the space where the creature would appear is occupied by other creatures or objects, or if there isn't enough space for the creature, the figurine doesn't become a creature.The creature is Friendly to you and your allies. It understands your languages, obeys your commands, and takes its turn immediately after you on your Initiative count. If you issue no commands, the creature defends itself but takes no other actions.The creature exists for a duration specific to each figurine. At the end of the duration, the creature reverts to its figurine form. It reverts to a figurine early if its creature form drops to 0 Hit Points or if you take a Magic action while touching the creature to make it revert to figurine form. When the creature becomes a figurine again, its property can't be used again until a certain amount of time has passed, as specified below. Serpentine Owl (Rare). This serpentine statuette of an owl can become a Giant Owl for up to 8 hours. The owl can communicate telepathically with you at any range if you and it are on the same plane of existence. Once it has been used, it can't be used again until 2 days have passed."
"Figurine of Wondrous Power, Silver Raven","DMG'24","261","uncommon","Wondrous Item","","","","","","","A Figurine of Wondrous Power is a statuette small enough to fit in a pocket. If you take a Magic action to throw the figurine to a point on the ground within 60 feet of yourself, the figurine becomes a living creature specified in the figurine's description below. If the space where the creature would appear is occupied by other creatures or objects, or if there isn't enough space for the creature, the figurine doesn't become a creature.The creature is Friendly to you and your allies. It understands your languages, obeys your commands, and takes its turn immediately after you on your Initiative count. If you issue no commands, the creature defends itself but takes no other actions.The creature exists for a duration specific to each figurine. At the end of the duration, the creature reverts to its figurine form. It reverts to a figurine early if its creature form drops to 0 Hit Points or if you take a Magic action while touching the creature to make it revert to figurine form. When the creature becomes a figurine again, its property can't be used again until a certain amount of time has passed, as specified below. Silver Raven (Uncommon). This silver statuette of a raven can become a Raven for up to 12 hours. Once it has been used, it can't be used again until 2 days have passed. While in raven form, the figurine grants you the ability to cast Animal Messenger on it."
"Finder's Goggles","ERLW","277","uncommon","Wondrous Item","requires attunement by a creature with the Mark of Finding","","","","","","The lenses of these garish goggles are carved from Siberys dragonshards. While wearing these lenses, you gain the following benefits:When you make a Wisdom (Insight) check, you can roll a d4 and add the number rolled to the check.As an action, you can use the goggles to examine an object to identify the aura of the last creature that touched it. Make a Wisdom (Insight) check against a DC of 13 + the number of days since the last contact occurred. On a success, you learn the creature's type and can immediately use the goggles to cast locate creature to find that creature. This property can't be used again until the next dawn."
"Fire Absorbing Tattoo","TCE","119","very rare","Wondrous Item (Tattoo)","requires attunement","","","","","","Produced by a special needle, this magic tattoo features designs that emphasize one color (red). Tattoo Attunement. To attune to this item, you hold the needle to your skin where you want the tattoo to appear, pressing the needle there throughout the attunement process. When the attunement is complete, the needle turns into the ink that becomes the tattoo, which appears on the skin.If your attunement to the tattoo ends, the tattoo vanishes, and the needle reappears in your space. Damage Resistance. While the tattoo is on your skin, you have resistance to fire damage. Damage Absorption. When you take fire damage, you can use your reaction to gain immunity against that instance of the damage, and you regain a number of hit points equal to half the damage you would have taken. Once this reaction is used, it can't be used again until the next dawn."
"Flame Tongue","DMG'24","263","rare","Generic Variant","requires attunement","","","","","","While holding this magic weapon, you can take a Bonus Action and use a command word to cause flames to engulf the damage-dealing part of the weapon. These flames shed Bright Light in a 40-foot radius and Dim Light for an additional 40 feet. While the weapon is ablaze, it deals an extra 2d6 Fire damage on a hit. The flames last until you take a Bonus Action to issue the command again or until you drop, stow, or sheathe the weapon. Base items. This item variant can be applied to the following base items:Battleaxe (Flame Tongue Battleaxe)Club (Flame Tongue Club)Dagger (Flame Tongue Dagger)Flail (Flame Tongue Flail)Glaive (Flame Tongue Glaive)Greataxe (Flame Tongue Greataxe)Greatclub (Flame Tongue Greatclub)Greatsword (Flame Tongue Greatsword)Halberd (Flame Tongue Halberd)Handaxe (Flame Tongue Handaxe)Javelin (Flame Tongue Javelin)Lance (Flame Tongue Lance)Light Hammer (Flame Tongue Light Hammer)Longsword (Flame Tongue Longsword)Mace (Flame Tongue Mace)Maul (Flame Tongue Maul)Morningstar (Flame Tongue Morningstar)Pike (Flame Tongue Pike)Quarterstaff (Flame Tongue Quarterstaff)Rapier (Flame Tongue Rapier)Scimitar (Flame Tongue Scimitar)Shortsword (Flame Tongue Shortsword)Sickle (Flame Tongue Sickle)Spear (Flame Tongue Spear)Trident (Flame Tongue Trident)War Pick (Flame Tongue War Pick)Warhammer (Flame Tongue Warhammer)Whip (Flame Tongue Whip)"
"Folding Boat","DMG'24","263","rare","Wondrous Item","","","","","4 lb.","","This object appears as a wooden box that measures 12 inches long, 6 inches wide, and 6 inches deep. It weighs 4 pounds and floats. It can be opened to store items inside. This item also has three command words, each requiring a Magic action to use:First Command Word. The box unfolds into a Rowboat.Second Command Word. The box unfolds into a Keelboat.Third Command Word. The Folding Boat folds back into a box if no creatures are aboard. Any objects in the vessel that can't fit inside the box remain outside the box as it folds. Any objects in the vessel that can fit inside the box do so.When the box becomes a vessel, its weight becomes that of a normal vessel its size, and anything that was stored in the box remains in the boat.Statistics for the Rowboat and Keelboat appear in the Player's Handbook. If either vessel is reduced to 0 Hit Points, the Folding Boat is destroyed."
"Force Absorbing Tattoo","TCE","119","very rare","Wondrous Item (Tattoo)","requires attunement","","","","","","Produced by a special needle, this magic tattoo features designs that emphasize one color (white). Tattoo Attunement. To attune to this item, you hold the needle to your skin where you want the tattoo to appear, pressing the needle there throughout the attunement process. When the attunement is complete, the needle turns into the ink that becomes the tattoo, which appears on the skin.If your attunement to the tattoo ends, the tattoo vanishes, and the needle reappears in your space. Damage Resistance. While the tattoo is on your skin, you have resistance to force damage. Damage Absorption. When you take force damage, you can use your reaction to gain immunity against that instance of the damage, and you regain a number of hit points equal to half the damage you would have taken. Once this reaction is used, it can't be used again until the next dawn."
"Fork of Eddy Summoning","NF","undefined","rare","Wondrous Item","","","","","","","This Tiny tuning fork crackles with harmless, multicolored magical energy. As a Magic action, you can tap the fork against any object to summon an Eldritch Eddy (see appendix B). The eddy appears in an unoccupied space as close to you as possible. The eddy is Friendly to you and your allies, and it obeys your commands. If you fail to command it, the eddy defends itself against attackers but takes no other actions. It takes its turn immediately after you on your Initiative count. The eddy disappears after 1 hour, when it dies, or when you dismiss it as a Bonus Action. The fork can't be used this way again until the next dawn."
"Frost Brand","DMG'24","263","very rare","Generic Variant","requires attunement","","","","","","When you hit with an attack roll using this magic weapon, the target takes an extra 1d6 Cold damage. In addition, while you hold the weapon, you have Resistance to Fire damage.In freezing temperatures, the weapon sheds Bright Light in a 10-foot radius and Dim Light for an additional 10 feet.When you draw this weapon, you can extinguish all nonmagical flames within 30 feet of yourself. Once used, this property can't be used again for 1 hour. Base items. This item variant can be applied to the following base items:Glaive (Frost Brand Glaive)Greatsword (Frost Brand Greatsword)Longsword (Frost Brand Longsword)Rapier (Frost Brand Rapier)Scimitar (Frost Brand Scimitar)Shortsword (Frost Brand Shortsword)"
"Fulminating Treatise","TCE","128","rare","Wondrous Item, Spellcasting Focus","requires attunement by a wizard","","","","3 lb.","","This thick, scorched spellbook reeks of smoke and ozone, and sparks of energy crackles along the edges of its pages. When found, the book contains the following spells: contingency, fireball, gust of wind, Leomund's tiny hut, magic missile, thunderwave, and wall of force. It functions as a spellbook for you.While you are holding the book, you can use it as a spellcasting focus for your wizard spells.The book has 3 charges, and it regains 1d3 expended charges daily at dawn. You can use the charges in the following ways while holding it:If you spend 1 minute studying the book, you can expend 1 charge to replace one of your prepared wizard spells with a different spell in the book. The new spell must be of the evocation school.When one creature you can see takes damage from an evocation spell you cast, you can use your reaction and expend 1 charge to deal an extra 2d6 force damage to the creature and knock the creature prone if it is Large or smaller."
"Gauntlets of Flaming Fury","BGDIA","223","rare","Wondrous Item","requires attunement","","","","","","While you wear both of these steel gauntlets, any non-magical weapon you grasp with either gauntlet is treated as a magic weapon. As a bonus action, you can use the gauntlets to cause magical flames to envelop one or two melee weapons in your grasp. Each flaming weapon deals an extra 1d6 fire damage on a hit. The flames last until you sheath or let go of either weapon. Once used, this property can't be used again until the next dawn."
"Gauntlets of Ogre Power","DMG'24","264","uncommon","Wondrous Item","requires attunement","","","","","","Your Strength score is 19 while you wear these gauntlets. They have no effect on you if your Strength is 19 or higher without them."
"Gem of Brightness","DMG'24","264","uncommon","Wondrous Item","","","","","","","This prism has 50 charges. While you are holding it, you can take a Magic action and use one of three command words to cause one of the following effects:First Command Word. The gem sheds Bright Light in a 30-foot radius and Dim Light for an additional 30 feet. This effect doesn't expend a charge. It lasts until you take a Bonus Action to repeat the command word or until you use another function of the gem.Second Command Word. You expend 1 charge and cause the gem to fire a brilliant beam of light at one creature you can see within 60 feet of yourself. The creature must succeed on a DC 15 Constitution saving throw or have the Blinded condition for 1 minute. The creature repeats the save at the end of each of its turns, ending the effect on itself on a success.Third Command Word. You expend 5 charges and cause the gem to flare with intense light in a 30-foot Cone. Each creature in the Cone makes a saving throw as if struck by the beam created with the second command word.When all of the gem's charges are expended, the gem becomes a nonmagical jewel worth 50 GP."
"Gem of Seeing","DMG'24","264","rare","Wondrous Item","requires attunement","","","","","","This gem has 3 charges. As a Magic action, you can expend 1 charge. For the next 10 minutes, you have Truesight out to 120 feet when you peer through the gem.The gem regains 1d3 expended charges daily at dawn."
"Ghost Step Tattoo","TCE","128","very rare","Wondrous Item (Tattoo)","requires attunement","","","","","","Produced by a special needle, this tattoo shifts and wavers on the skin, parts of it appearing blurred. Tattoo Attunement. To attune to this item, you hold the needle to your skin where you want the tattoo to appear, pressing the needle there throughout the attunement process. When the attunement is complete, the needle turns into the ink that becomes the tattoo, which appears on the skin.If your attunement to the tattoo ends, the tattoo vanishes, and the needle reappears in your space. Ghostly Form. The tattoo has 3 charges, and it regains all expended charges daily at dawn. As a bonus action while the tattoo is on your skin, you can expend 1 of the tattoo's charges to become incorporeal until the end of your next turn. For the duration, you gain the following benefits:You have resistance to bludgeoning, piercing, and slashing damage from nonmagical attacks.You can't be grappled or restrained.You can move through creatures and solid objects as if they were difficult terrain. If you end your turn in a solid object, you take 1d10 force damage. If the effect ends while you are inside a solid object, you instead are shunted to the nearest unoccupied space, and you take 1d10 force damage for every 5 feet traveled."
"Giant Slayer","DMG'24","264","rare","Generic Variant","","","","","","","You gain a +1 bonus to attack rolls and damage rolls made with this magic weapon.When you hit a Giant with this weapon, the Giant takes an extra 2d6 damage of the weapon's type and must succeed on a DC 15 Strength saving throw or have the Prone condition. Base items. This item variant can be applied to the following base items:Antimatter Rifle (Giant Slayer Antimatter Rifle)Automatic Rifle (Giant Slayer Automatic Rifle)Battleaxe (Giant Slayer Battleaxe)Blowgun (Giant Slayer Blowgun)Club (Giant Slayer Club)Dagger (Giant Slayer Dagger)Dart (Giant Slayer Dart)Double-Bladed Scimitar (Giant Slayer Double-Bladed Scimitar)Flail (Giant Slayer Flail)Glaive (Giant Slayer Glaive)Greataxe (Giant Slayer Greataxe)Greatclub (Giant Slayer Greatclub)Greatsword (Giant Slayer Greatsword)Halberd (Giant Slayer Halberd)Hand Crossbow (Giant Slayer Hand Crossbow)Handaxe (Giant Slayer Handaxe)Heavy Crossbow (Giant Slayer Heavy Crossbow)Hooked Shortspear (Giant Slayer Hooked Shortspear)Hoopak (Giant Slayer Hoopak)Hunting Rifle (Giant Slayer Hunting Rifle)Javelin (Giant Slayer Javelin)Lance (Giant Slayer Lance)Laser Pistol (Giant Slayer Laser Pistol)Laser Rifle (Giant Slayer Laser Rifle)Light Crossbow (Giant Slayer Light Crossbow)Light Hammer (Giant Slayer Light Hammer)Light Repeating Crossbow (Giant Slayer Light Repeating Crossbow)Longbow (Giant Slayer Longbow)Longsword (Giant Slayer Longsword)Mace (Giant Slayer Mace)Maul (Giant Slayer Maul)Morningstar (Giant Slayer Morningstar)Musket (Giant Slayer Musket)Pike (Giant Slayer Pike)Pistol (Giant Slayer Pistol)Quarterstaff (Giant Slayer Quarterstaff)Rapier (Giant Slayer Rapier)Revolver (Giant Slayer Revolver)Scimitar (Giant Slayer Scimitar)Semiautomatic Pistol (Giant Slayer Semiautomatic Pistol)Shortbow (Giant Slayer Shortbow)Shortsword (Giant Slayer Shortsword)Shotgun (Giant Slayer Shotgun)Sickle (Giant Slayer Sickle)Sling (Giant Slayer Sling)Spear (Giant Slayer Spear)Staff (Giant Slayer Staff)Trident (Giant Slayer Trident)War Pick (Giant Slayer War Pick)Warhammer (Giant Slayer Warhammer)Whip (Giant Slayer Whip)Wooden Staff (Giant Slayer Wooden Staff)Yklwa (Giant Slayer Yklwa)"
"Glamerweave","ERLW","277","varies","Wondrous Item","","","","","","","Multiple variations of this item exist, as listed below:Common GlamerweaveUncommon Glamerweave"
"Glamoured Studded Leather","DMG'24","264","rare","Light Armor (Studded Leather Armor)","","AC 12 + Dex","","","13 lb.","","While wearing this armor, you gain a +1 bonus to Armor Class. You can also take a Bonus Action to cause the armor to assume the appearance of a normal set of clothing or some other kind of armor. You decide what it looks like—including color, style, and accessories—but the armor retains its normal bulk and weight. The illusory appearance lasts until you use this property again or doff the armor."
"Gloves of Missile Snaring","DMG'24","265","uncommon","Wondrous Item","requires attunement","","","","","","If you're hit by an attack roll made with a Ranged or Thrown weapon while wearing these gloves, you can take a Reaction to reduce the damage by 1d10 plus your Dexterity modifier if you have a free hand. If you reduce the damage to 0, you can catch the ammunition or weapon if it is small enough for you to hold in that hand."
"Gloves of Swimming and Climbing","DMG'24","265","uncommon","Wondrous Item","requires attunement","","","","","","While wearing these gloves, climbing and swimming don't cost you extra movement, and you gain a +5 bonus to Strength (Athletics) checks made to climb or swim."
"Gloves of Thievery","DMG'24","265","uncommon","Wondrous Item","","","","","","","These gloves are imperceptible while worn. While wearing them, you gain a +5 bonus to Dexterity (Sleight of Hand) checks."
"Goggles of Night","DMG'24","265","uncommon","Wondrous Item","","","","","","","While wearing these dark lenses, you have Darkvision out to 60 feet. If you already have Darkvision, wearing the goggles increases its range by 60 feet."
"Gold Dragon Scale Mail","DMG'24","254","very rare","Medium Armor (Scale Mail)","requires attunement","AC 14 + Dex (max 2)","","","45 lb.","","Dragon Scale Mail is made of the scales of one kind of dragon. Sometimes dragons collect their cast-off scales and gift them. Other times, hunters carefully preserve the hide of a dead dragon. In either case, Dragon Scale Mail is highly valued.While wearing this armor, you gain a +1 bonus to Armor Class, you have Advantage on saving throws against the breath weapons of Dragons, and you have Resistance to Fire damage.Additionally, you can focus your senses as a Magic action to discern the distance and direction to the closest gold dragon within 30 miles of yourself. This action can't be used again until the next dawn.The wearer has Disadvantage on Dexterity (Stealth) checks."
"Greater Silver Sword","MTF","89","legendary","Weapon (Greatsword), Martial Weapon, Melee Weapon","requires attunement by a creature that has psionic ability","2d6 Slashing","heavy, two‑handed","","6 lb.","","This magic weapon grants a +3 bonus to attack and damage rolls made with it. While you hold the sword, you have advantage on Intelligence, Wisdom, and Charisma saving throws, you are immune to being charmed, and you have resistance to psychic damage. In addition, if you score a critical hit with it against a creature's astral body, you can cut the silvery cord that tethers the target to its material body, instead of dealing damage. Heavy. Creatures that are Small or Tiny have disadvantage on attack rolls with heavy weapons. A heavy weapon's size and bulk make it too large for a Small or Tiny creature to use effectively. Two-Handed. This weapon requires two hands to use. This property is relevant only when you attack with the weapon, not when you simply hold it."
"Green Dragon Scale Mail","DMG'24","254","very rare","Medium Armor (Scale Mail)","requires attunement","AC 14 + Dex (max 2)","","","45 lb.","","Dragon Scale Mail is made of the scales of one kind of dragon. Sometimes dragons collect their cast-off scales and gift them. Other times, hunters carefully preserve the hide of a dead dragon. In either case, Dragon Scale Mail is highly valued.While wearing this armor, you gain a +1 bonus to Armor Class, you have Advantage on saving throws against the breath weapons of Dragons, and you have Resistance to Poison damage.Additionally, you can focus your senses as a Magic action to discern the distance and direction to the closest green dragon within 30 miles of yourself. This action can't be used again until the next dawn.The wearer has Disadvantage on Dexterity (Stealth) checks."
"Guardian Emblem","TCE","128","uncommon","Wondrous Item","requires attunement by a cleric or paladin","","","","","","This emblem is the symbol of a deity or a spiritual tradition. As an action, you can attach the emblem to a suit of armor or a shield or remove it.The emblem has 3 charges. When you or a creature you can see within 30 feet of you suffers a critical hit while you're wearing the armor or wielding the shield that bears the emblem, you can use your reaction to expend 1 charge to turn the critical hit into a normal hit instead.The emblem regains all expended charges daily at dawn."
"Hag Eye","DMG'24","265","uncommon","Wondrous Item","","","","","","","A Hag Eye has 3 charges. While wearing or holding this item, you can expend 1 charge to cast Darkvision (targeting yourself only) or See Invisibility. The Hag Eye regains all expended charges daily at dawn. Coven Sensor. The Hag Eye is usually entrusted to a hag's minion for safekeeping and transport. As a Magic action, a hag who belongs to the coven that created the Hag Eye can see what the Hag Eye sees if the hag and the Hag Eye are on the same plane of existence. This effect lasts as long as the hag maintains Concentration. Multiple hags in the coven can see through the Hag Eye simultaneously. Creating a Hag Eye. Only a hag coven can craft this item, which is made from a real eye coated in varnish and often fitted to a pendant or another wearable item. A hag coven can have only one Hag Eye at a time, and creating a new one requires all three members of the coven to perform a special rite. This rite takes 1 hour, and the hags can't perform it if one or more of them has the Incapacitated condition. If the hags take any other actions during this rite, the rite fails and ends."
"Hammer of Thunderbolts","DMG'24","265","legendary","Generic Variant","requires attunement","","","","","","You gain a +1 bonus to attack rolls and damage rolls made with this magic weapon.The weapon has 5 charges. You can expend 1 charge and make a ranged attack with the weapon, hurling it as if it had Thrown with a normal range of 20 feet and a long range of 60 feet.If the attack hits, the weapon unleashes a thunderclap audible out to 300 feet. The target and every creature within 30 feet of it other than you must succeed on a DC 17 Constitution saving throw or have the Stunned condition until the end of your next turn. Immediately after hitting or missing, the weapon flies back to your hand. The weapon regains 1d4 + 1 expended charges daily at dawn. Giant's Bane. While you are attuned to the weapon and wearing either a Belt of Giant Strength or Gauntlets of Ogre Power to which you are also attuned, you gain the following benefits:Giants' Bane. When you roll a 20 on the d20 for an attack roll made with this weapon against a Giant, the creature must succeed on a DC 17 Constitution saving throw or die.Might of Giants. The Strength score bestowed by your Belt of Giant Strength or Gauntlets of Ogre Power increases by 4, to a maximum of 30. Base items. This item variant can be applied to the following base items:Maul (Maul of Thunderbolts)Warhammer (Warhammer of Thunderbolts)"
"Hand of Vecna","DMG'24","259","artifact","Wondrous Item","requires attunement","","","","","","Vecna was a mighty wizard who, through magic and conquest, forged a terrible empire. For all his power, however, Vecna feared death and took steps to prevent his demise by becoming a lich.A treacherous lieutenant named Kas brought Vecna's rule to an end in a terrible battle. Of Vecna, all that remained were one hand and one eye, grisly Artifacts that still seek to work Vecna's will in the world.The Eye of Vecna and the Hand of Vecna are separate Artifacts that might be found together or separately. The eye looks like a bloodshot organ torn free from the socket. The hand is a shriveled left extremity. Random Properties of the Eye and Hand. The Hand of Vecna has the following random properties:1 minor beneficial property1 major beneficial property1 minor detrimental property Attuning to the Hand. To attune to the hand, you must press it against the stump where your left hand was. The hand grafts itself to your arm and becomes a functioning appendage. If the hand is ever removed, you die. Properties of the Hand. When you are attuned to the hand, your alignment is Neutral Evil, and you gain the following benefits:Great Strength. Your Strength becomes 20 unless it is already 20 or higher.Icy Touch. Any melee spell attack you make with the hand and any melee attack made with a weapon held by it deals an extra 2d8 Cold damage on a hit.Spellcasting. The hand has 8 charges and regains 1d4 + 4 expended charges daily at dawn. You can cast a spell on the Hand of Vecna Spells table from the hand (save DC 18). The table indicates how many charges you must expend to cast the spell. Each time you cast a spell from it, the hand casts Suggestion on you (save DC 18; no Concentration required), demanding that you commit an evil act. The hand might have a specific act in mind or leave it up to you.Hand of Vecna SpellsSpellCharge CostFinger of Death5Sleep1Slow2Teleport3 Destroying the Eye and Hand. If the Eye of Vecna and the Hand of Vecna are both attached to the same creature and that creature is slain by the Sword of Kas, both the eye and the hand burst into flame, turn to ash, and are destroyed. Any other attempt to destroy the eye or hand seems to work, but the Artifact reappears in one of Vecna's many hidden vaults, where it waits to be rediscovered."
"Hat of Disguise","DMG'24","266","uncommon","Wondrous Item","requires attunement","","","","","","While wearing this hat, you can cast the Disguise Self spell. The spell ends if the hat is removed."
"Hat of Many Spells","DMG'24","266","very rare","Wondrous Item, Spellcasting Focus","requires attunement by a wizard","","","","","","This pointed hat has the following properties. Spellcasting Focus. While holding the hat, you can use it as a Spellcasting Focus for your Wizard spells. Any spell you cast using the hat gains a special Somatic component: you must reach into the hat and ""pull"" the spell out of it. Unknown Spell. While holding the hat, you can try to cast a level 1+ spell you don't know. The spell must be on the Wizard spell list, it must be of a level you can cast, and it can't have Material components costing more than 1,000 GP. Once you decide on the spell, you must expend a spell slot of the spell's level. Then, to determine whether you cast the spell, make an Intelligence (Arcana) check (DC 10 plus the spell's level). On a successful check, you cast the spell using its normal casting time, and you can't use this property again until you finish a Short or Long Rest. On a failed check, you fail to cast the spell and a random effect occurs instead, determined by rolling on the following table.Any spell you cast from the hat uses your spell save DC and spell attack bonus.1d100Effect01-50You cast a random spell determined by rolling 1d10: on a 1, Enlarge/Reduce (enlarge effect); on a 2, Enlarge/Reduce (reduce effect); on a 3, Faerie Fire; on a 4, Fireball; on a 5, Gust of Wind; on a 6, Invisibility (cast on yourself); on a 7, Lightning Bolt; on an 8, Phantasmal Force; on a 9, Polymorph; on a 10, Stinking Cloud.51-55You have the Stunned condition until the end of your next turn, believing something awesome just happened.56-60A harmless swarm of butterflies fills a 10-foot Cube within 30 feet of yourself. The swarm disperses after 1 minute.61-65You pull a nonmagical object out of the hat. Roll 1d4 to determine the object: on a 1, a vial of Acid; on a 2, a flask of Alchemist's Fire; on a 3, a Crowbar; on a 4, a lit Torch.66-70You suffer a bout of ""magic sickness"" and have the Poisoned condition for 1 hour.71-75You have the Petrified condition until the end of your next turn.76-80You pull a nonmagical object out of the hat. Roll 1d4 to determine the object: on a 1, a Dagger; on a 2, a Rope with a Grappling Hook tied to one end; on a 3, a bag of Caltrops; on a 4, a gem worth 50 GP.81-85A creature appears in an unoccupied space as close to you as possible. The creature isn't under your control and acts as it normally would, and it disappears after 1 hour or when it drops to 0 Hit Points. Roll 1d4 to determine the creature: on a 1, a Camel; on a 2, a Constrictor Snake; on a 3, an Elephant; on a 4, a Mule.86-90A Hostile Swarm of Bats flies out of the hat, occupies your space, and attacks you.91-95A vertical, 10-foot-diameter, two-way portal to another plane of existence opens in an unoccupied space within 30 feet of you and remains open until the end of your next turn. The DM determines where it leads.96-00You pull a magic item out of the hat. Roll 1d6 to determine the item's rarity: on a 1-3, Common; on a 4-5, Uncommon; on a 6, Rare. The DM chooses the item, which disappears after 1 hour if it's not consumed or destroyed before then."
"Hat of Vermin","DMG'24","267","common","Wondrous Item","","","","","","","This hat has 3 charges. While holding the hat, you can take a Magic action to expend 1 charge and summon your choice of a Bat, a Frog, or a Rat. The summoned creature magically appears in the hat and tries to get away from you as quickly as possible. The creature is Indifferent toward you and other creatures, and it isn't under your control. It behaves as an ordinary creature of its kind and disappears after 1 hour or when it drops to 0 Hit Points. The hat regains all expended charges daily at dawn."
"Hat of Vortexes","NF","undefined","uncommon","Wondrous Item","requires attunement","","","","","","This hat has 3 charges and regains all expended charges daily at dawn. You can take a Magic action and expend 1 charge while holding the hat to release a magical vortex from it. The vortex fills a 10-foot Cube originating from you and lasts for 1 hour. While the vortex is present, its area is Difficult Terrain.You decide a vortex's visual details when you create it. For instance, the vortex might be multicolored or glittery."
"Hat of Wizardry","DMG'24","267","common","Wondrous Item, Spellcasting Focus","requires attunement by a wizard","","","","","","This cone-shaped hat is adorned with moons and stars. While you are wearing it, you gain the following benefits. Spellcasting Focus. You can use the hat as a Spellcasting Focus for your Wizard spells. Unknown Spell. As a Magic action, you can try to cast a cantrip that you don't know. The cantrip must be on the Wizard spell list and have a casting time of an action, and you make a DC 10 Intelligence (Arcana) check. On a successful check, you cast the spell. On a failed check, the spell fails, and the action used to cast the spell is wasted. In either case, you can't use this property again until you finish a Long Rest."
"Headband of Intellect","DMG'24","268","uncommon","Wondrous Item","requires attunement","","","","","","Your Intelligence score is 19 while you wear this headband. It has no effect on you if your Intelligence is 19 or higher without it."
"Heart Weaver's Primer","TCE","128","rare","Wondrous Item, Spellcasting Focus","requires attunement by a wizard","","","","3 lb.","","This pristine book smells faintly of a random scent you find pleasing. When found, the book contains the following spells: antipathy/sympathy, charm person, dominate person, enthrall, hypnotic pattern, modify memory, and suggestion. It functions as a spellbook for you.While you are holding the book, you can use it as a spellcasting focus for your wizard spells.The book has 3 charges, and it regains 1d3 expended charges daily at dawn. You can use the charges in the following ways while holding it:If you spend 1 minute studying the book, you can expend 1 charge to replace one of your prepared wizard spells with a different spell in the book. The new spell must be of the enchantment school.When you cast an enchantment spell, you can expend 1 charge to impose disadvantage on the first saving throw one target makes against the spell."
"Hellfire Weapon","BGDIA","223","uncommon","Generic Variant","","","","","","","This weapon is fashioned from infernal iron and traced with veins of hellfire that shed dim light in a 5-foot-radius.Any humanoid killed by an attack made with this weapon has its soul funneled into the River Styx, where it's reborn instantly as a lemure devil. Base items. This item variant can be applied to the following base items:Antimatter Rifle (Hellfire Antimatter Rifle)Automatic Rifle (Hellfire Automatic Rifle)Battleaxe (Hellfire Battleaxe)Blowgun (Hellfire Blowgun)Club (Hellfire Club)Dagger (Hellfire Dagger)Dart (Hellfire Dart)Double-Bladed Scimitar (Hellfire Double-Bladed Scimitar)Flail (Hellfire Flail)Glaive (Hellfire Glaive)Greataxe (Hellfire Greataxe)Greatclub (Hellfire Greatclub)Greatsword (Hellfire Greatsword)Halberd (Hellfire Halberd)Hand Crossbow (Hellfire Hand Crossbow)Handaxe (Hellfire Handaxe)Heavy Crossbow (Hellfire Heavy Crossbow)Hooked Shortspear (Hellfire Hooked Shortspear)Hoopak (Hellfire Hoopak)Hunting Rifle (Hellfire Hunting Rifle)Javelin (Hellfire Javelin)Lance (Hellfire Lance)Laser Pistol (Hellfire Laser Pistol)Laser Rifle (Hellfire Laser Rifle)Light Crossbow (Hellfire Light Crossbow)Light Hammer (Hellfire Light Hammer)Light Repeating Crossbow (Hellfire Light Repeating Crossbow)Longbow (Hellfire Longbow)Longsword (Hellfire Longsword)Mace (Hellfire Mace)Maul (Hellfire Maul)Morningstar (Hellfire Morningstar)Musket (Hellfire Musket)Pike (Hellfire Pike)Pistol (Hellfire Pistol)Quarterstaff (Hellfire Quarterstaff)Rapier (Hellfire Rapier)Revolver (Hellfire Revolver)Scimitar (Hellfire Scimitar)Semiautomatic Pistol (Hellfire Semiautomatic Pistol)Shortbow (Hellfire Shortbow)Shortsword (Hellfire Shortsword)Shotgun (Hellfire Shotgun)Sickle (Hellfire Sickle)Sling (Hellfire Sling)Spear (Hellfire Spear)Trident (Hellfire Trident)War Pick (Hellfire War Pick)Warhammer (Hellfire Warhammer)Whip (Hellfire Whip)Yklwa (Hellfire Yklwa)"
"Helm of Awareness","EFA","112","uncommon","Wondrous Item","","","","","","","While wearing this helmet, you have Advantage on Initiative rolls."
"Helm of Brilliance","DMG'24","268","very rare","Wondrous Item","requires attunement","","","","","","This helm is set with 1d10 diamonds, 2d10 rubies, 3d10 fire opals, and 4d10 opals. Any gem pried from the helm crumbles to dust. When all the gems are removed or destroyed, the helm loses its magic.You gain the following benefits while wearing the helm. Diamond Light. As long as it has at least one diamond, the helm emits a 30-foot Emanation. When at least one Undead is within that area, the Emanation is filled with Dim Light. Any Undead that starts its turn in that area takes 1d6 Radiant damage. Fire Opal Flames. As long as the helm has at least one fire opal, you can take a Magic action to cause one weapon you are holding to burst into flames. The flames emit Bright Light in a 10-foot radius and Dim Light for an additional 10 feet. The flames are harmless to you and the weapon. When you hit with an attack using the blazing weapon, the target takes an extra 1d6 Fire damage. The flames last until you take a Bonus Action to extinguish them or until you drop or stow the weapon. Ruby Resistance. As long as the helm has at least one ruby, you have Resistance to Fire damage. Spells. You can cast one of the following spells (save DC 18), using one of the helm's gems of the specified type as a component: Daylight (opal), Fireball (fire opal), Prismatic Spray (diamond), or Wall of Fire (ruby). The gem is destroyed when the spell is cast and disappears from the helm. Taking Fire Damage. Roll 1d20 if you are wearing the helm and take Fire damage as a result of failing a saving throw against a spell. On a roll of 1, the helm emits beams of light from its remaining gems and is then destroyed. Each creature within a 60-foot Emanation originating from you must succeed on a DC 17 Dexterity saving throw or be struck by a beam, taking Radiant damage equal to the number of gems in the helm."
"Helm of Comprehending Languages","DMG'24","268","uncommon","Wondrous Item","","","","","","","While wearing this helm, you can cast Comprehend Languages from it."
"Helm of Devil Command","BGDIA","223","very rare","Wondrous Item","requires attunement by a creature that can speak Infernal","","","","","","This bulky, eyeless helmet is made for a pit fiend but magically resizes to fit the heads of other wearers.While wearing the helm, you can see out of it as though you weren't wearing it. In addition, you know the exact location and type of all devils within 1,000 feet of you. You can telepathically communicate with a devil within range, or you can broadcast your thoughts to all devils within range. The devils receiving your broadcasted thoughts have no special means of replying to them.The helm has 3 charges. As an action, you can expend 1 charge to cast dominate monster (save DC 21), which affects devils only. (The spell fails and the charge is wasted if you target any creature that's not a devil.) If a devil can see you when you cast this spell on it, the devil knows you tried to charm it. The helm regains all its charges 24 hours after its last charge is expended.If you are not a devil, using the helm's dominate monster property in the Nine Hells has a 20 percent chance of attracting a narzugon, which arrives on the back of a nightmare mount in 1d4 hours. The narzugon tries to recover the helm, killing you if necessary to obtain it. If it gets the helm, the narzugon tries to deliver it to its infernal master."
"Helm of Telepathy","DMG'24","268","uncommon","Wondrous Item","requires attunement","","","","","","While wearing this helm, you have telepathy with a range of 30 feet, and you can cast Detect Thoughts or Suggestion (save DC 13) from the helm. Once either spell is cast from the helm, that spell can't be cast from it again until the next dawn."
"Helm of Teleportation","DMG'24","268","rare","Wondrous Item","requires attunement","","","","","","This helm has 3 charges. While wearing it, you can expend 1 charge to cast Teleport from it. The helm regains 1d3 expended charges daily at dawn."
"Heward's Handy Haversack","DMG'24","269","rare","Wondrous Item","","","","","5 lb.","","This backpack has a central pouch and two side pouches, each of which is an extradimensional space. Each side pouch can hold up to 200 pounds of material, not exceeding a volume of 25 cubic feet. The central pouch can hold up to 500 pounds of material, not exceeding a volume of 64 cubic feet. The haversack always weighs 5 pounds, regardless of its contents.Retrieving an item from the haversack requires a Utilize action or a Bonus Action (your choice). When you reach into the haversack for a specific item, the item is always magically on top.If any of its pouches is overloaded, pierced, or torn, the haversack ruptures and is destroyed. If the haversack is destroyed, its contents are lost forever, although an Artifact always turns up again somewhere. If the haversack is turned inside out, its contents spill forth unharmed, and the haversack must be put right before it can be used again.Each pouch of the haversack holds enough air for 10 minutes of breathing, divided by the number of breathing creatures inside.Placing the haversack inside an extradimensional space created by a Bag of Holding, Portable Hole, or similar item instantly destroys both items and opens a gate to the Astral Plane. The gate originates where the one item was placed inside the other. Any creature within 10 feet of the gate and not behind Total Cover is sucked through it and deposited in a random location on the Astral Plane. The gate then closes. The gate is one-way only and can't be reopened."
"Heward's Handy Spice Pouch","DMG'24","269","common","Wondrous Item","","","","","","","This belt pouch appears empty and has 10 charges. While holding the pouch, you can take a Magic action to expend 1 charge, name any nonmagical food seasoning (such as salt, pepper, saffron, or cilantro), and remove a pinch of the desired seasoning from the pouch. A pinch is enough to season a single meal. The pouch regains 1d6 + 4 expended charges daily at dawn."
"Holy Avenger","DMG'24","269","legendary","Generic Variant","requires attunement by a paladin","","","","","","You gain a +3 bonus to attack rolls and damage rolls made with this magic weapon. When you hit a Fiend or an Undead with it, that creature takes an extra 2d10 Radiant damage.While you hold the drawn weapon, it creates a 10-foot Emanation originating from you. You and all creatures Friendly to you in the Emanation have Advantage on saving throws against spells and other magical effects. If you have 17 or more levels in the Paladin class, the size of the Emanation increases to 30 feet. Base items. This item variant can be applied to the following base items:Antimatter Rifle (Holy Avenger Antimatter Rifle)Automatic Rifle (Holy Avenger Automatic Rifle)Battleaxe (Holy Avenger Battleaxe)Blowgun (Holy Avenger Blowgun)Club (Holy Avenger Club)Dagger (Holy Avenger Dagger)Dart (Holy Avenger Dart)Double-Bladed Scimitar (Holy Avenger Double-Bladed Scimitar)Flail (Holy Avenger Flail)Glaive (Holy Avenger Glaive)Greataxe (Holy Avenger Greataxe)Greatclub (Holy Avenger Greatclub)Greatsword (Holy Avenger Greatsword)Halberd (Holy Avenger Halberd)Hand Crossbow (Holy Avenger Hand Crossbow)Handaxe (Holy Avenger Handaxe)Heavy Crossbow (Holy Avenger Heavy Crossbow)Hooked Shortspear (Holy Avenger Hooked Shortspear)Hoopak (Holy Avenger Hoopak)Hunting Rifle (Holy Avenger Hunting Rifle)Javelin (Holy Avenger Javelin)Lance (Holy Avenger Lance)Laser Pistol (Holy Avenger Laser Pistol)Laser Rifle (Holy Avenger Laser Rifle)Light Crossbow (Holy Avenger Light Crossbow)Light Hammer (Holy Avenger Light Hammer)Light Repeating Crossbow (Holy Avenger Light Repeating Crossbow)Longbow (Holy Avenger Longbow)Longsword (Holy Avenger Longsword)Mace (Holy Avenger Mace)Maul (Holy Avenger Maul)Morningstar (Holy Avenger Morningstar)Musket (Holy Avenger Musket)Pike (Holy Avenger Pike)Pistol (Holy Avenger Pistol)Quarterstaff (Holy Avenger Quarterstaff)Rapier (Holy Avenger Rapier)Revolver (Holy Avenger Revolver)Scimitar (Holy Avenger Scimitar)Semiautomatic Pistol (Holy Avenger Semiautomatic Pistol)Shortbow (Holy Avenger Shortbow)Shortsword (Holy Avenger Shortsword)Shotgun (Holy Avenger Shotgun)Sickle (Holy Avenger Sickle)Sling (Holy Avenger Sling)Spear (Holy Avenger Spear)Staff (Holy Avenger Staff)Trident (Holy Avenger Trident)War Pick (Holy Avenger War Pick)Warhammer (Holy Avenger Warhammer)Whip (Holy Avenger Whip)Wooden Staff (Holy Avenger Wooden Staff)Yklwa (Holy Avenger Yklwa)"
"Horn of Blasting","DMG'24","270","rare","Wondrous Item, Instrument (Horn)","","","","","","","You can take a Magic action to blow the horn, which emits a thunderous blast in a 30-foot Cone that is audible out to 600 feet. Each creature in the Cone makes a DC 15 Constitution saving throw. On a failed save, a creature takes 5d8 Thunder damage and has the Deafened condition for 1 minute. On a successful save, a creature takes half as much damage only. Glass or crystal objects in the Cone that aren't being worn or carried take 10d8 Thunder damage.Each use of the horn's magic has a 20 percent chance of causing the horn to explode. The explosion deals 10d6 Force damage to the user and destroys the horn.If you have proficiency with a tool, add your Proficiency Bonus to any ability check you make that uses the tool. If you have proficiency in a skill that's used with that check, you have Advantage on the check too."
"Horn of Silent Alarm","DMG'24","270","common","Wondrous Item, Instrument (Horn)","","","","","","","This horn has 4 charges and regains 1d4 expended charges daily at dawn. As a Magic action, you can blow the horn while expending 1 charge. One creature of your choice hears the horn's blare, provided that creature is within 600 feet of the horn. No other creature hears the horn.If you have proficiency with a tool, add your Proficiency Bonus to any ability check you make that uses the tool. If you have proficiency in a skill that's used with that check, you have Advantage on the check too."
"Horn of Valhalla","DMG'24","270","varies","Wondrous Item","","","","","","","You can take a Magic action to blow this horn. In response, warrior spirits from the plane of Ysgard appear in unoccupied spaces within 60 feet of you. Each spirit uses the Berserker stat block and returns to Ysgard after 1 hour or when it drops to 0 Hit Points. The spirits look like living, breathing warriors, and they have Immunity to the Charmed and Frightened conditions. Once you use the horn, it can't be used again until 7 days have passed.Four types of Horn of Valhalla are known to exist, each made of a different metal. The horn's type determines how many spirits it summons, as well as the requirement for its use. The DM chooses the horn's type or determines it randomly by rolling on the following table. If you blow the horn without meeting its requirement, the summoned spirits attack you.If you meet the requirement, they are Friendly to you and your allies and follow your commands.1d100Horn TypeSpiritsRequirement01-40Silver2None41-75Brass3Proficiency with all Simple weapons76-90Bronze4Training with all Medium armor91-00Iron5Proficiency with all Martial weapons"
"Horn of Valhalla, Brass","DMG'24","270","rare","Wondrous Item, Instrument (Horn)","","","","","","","You can take a Magic action to blow this horn. In response, warrior spirits from the plane of Ysgard appear in unoccupied spaces within 60 feet of you. Each spirit uses the Berserker stat block and returns to Ysgard after 1 hour or when it drops to 0 Hit Points. The spirits look like living, breathing warriors, and they have Immunity to the Charmed and Frightened conditions. Once you use the horn, it can't be used again until 7 days have passed.A brass horn summons 3 Berserkers. To use the brass horn, you must have Proficiency with all Simple weapons.If you blow the horn without meeting its requirement, the summoned Berserkers attack you. If you meet the requirement, they are Friendly to you and your allies and follow your commands.If you have proficiency with a tool, add your Proficiency Bonus to any ability check you make that uses the tool. If you have proficiency in a skill that's used with that check, you have Advantage on the check too."
"Horn of Valhalla, Bronze","DMG'24","270","very rare","Wondrous Item, Instrument (Horn)","","","","","","","You can take a Magic action to blow this horn. In response, warrior spirits from the plane of Ysgard appear in unoccupied spaces within 60 feet of you. Each spirit uses the Berserker stat block and returns to Ysgard after 1 hour or when it drops to 0 Hit Points. The spirits look like living, breathing warriors, and they have Immunity to the Charmed and Frightened conditions. Once you use the horn, it can't be used again until 7 days have passed.A bronze horn summons 4 Berserkers. To use the bronze horn, you must have training with all Medium armor.If you blow the horn without meeting its requirement, the summoned Berserkers attack you. If you meet the requirement, they are Friendly to you and your allies and follow your commands.If you have proficiency with a tool, add your Proficiency Bonus to any ability check you make that uses the tool. If you have proficiency in a skill that's used with that check, you have Advantage on the check too."
"Horn of Valhalla, Iron","DMG'24","270","legendary","Wondrous Item, Instrument (Horn)","","","","","","","You can take a Magic action to blow this horn. In response, warrior spirits from the plane of Ysgard appear in unoccupied spaces within 60 feet of you. Each spirit uses the Berserker stat block and returns to Ysgard after 1 hour or when it drops to 0 Hit Points. The spirits look like living, breathing warriors, and they have Immunity to the Charmed and Frightened conditions. Once you use the horn, it can't be used again until 7 days have passed.A iron horn summons 5 Berserkers. To use the iron horn, you must have Proficiency with all Martial weapons.If you blow the horn without meeting its requirement, the summoned Berserkers attack you. If you meet the requirement, they are Friendly to you and your allies and follow your commands.If you have proficiency with a tool, add your Proficiency Bonus to any ability check you make that uses the tool. If you have proficiency in a skill that's used with that check, you have Advantage on the check too."
"Horn of Valhalla, Silver","DMG'24","270","rare","Wondrous Item, Instrument (Horn)","","","","","","","You can take a Magic action to blow this horn. In response, warrior spirits from the plane of Ysgard appear in unoccupied spaces within 60 feet of you. Each spirit uses the Berserker stat block and returns to Ysgard after 1 hour or when it drops to 0 Hit Points. The spirits look like living, breathing warriors, and they have Immunity to the Charmed and Frightened conditions. Once you use the horn, it can't be used again until 7 days have passed.A silver horn summons 2 Berserkers. They are Friendly to you and your allies and follow your commands.If you have proficiency with a tool, add your Proficiency Bonus to any ability check you make that uses the tool. If you have proficiency in a skill that's used with that check, you have Advantage on the check too."
"Horseshoes of Speed","DMG'24","270","rare","Wondrous Item","","","","","","","These horseshoes come in a set of four. As a Magic action, you can touch one of the horseshoes to the hoof of a horse or similar creature, whereupon the horseshoe affixes itself to the hoof. Removing a horseshoe also takes a Magic action.While all four horseshoes are attached to the same creature, its Speed is increased by 30 feet."
"Horseshoes of a Zephyr","DMG'24","270","very rare","Wondrous Item","","","","","","","These horseshoes come in a set of four. As a Magic action, you can touch one of the horseshoes to the hoof of a horse or similar creature, whereupon the horseshoe affixes itself to the hoof. Removing a horseshoe also takes a Magic action.While all four shoes are affixed to the hooves of a horse or similar creature, they allow the creature to move normally while floating 4 inches above a surface. This effect means the creature can cross or stand above nonsolid or unstable surfaces, such as water or lava. The creature leaves no tracks and ignores Difficult Terrain. In addition, the creature can travel for up to 12 hours a day without gaining Exhaustion levels from extended travel."
"Illuminator's Tattoo","TCE","129","common","Wondrous Item (Tattoo)","requires attunement","","","","","","Produced by a special needle, this magic tattoo features beautiful calligraphy, images of writing implements, and the like. Tattoo Attunement. To attune to this item, you hold the needle to your skin where you want the tattoo to appear, pressing the needle there throughout the attunement process. When the attunement is complete, the needle turns into the ink that becomes the tattoo, which appears on the skin.If your attunement to the tattoo ends, the tattoo vanishes, and the needle reappears in your space. Magical Scribing. While this tattoo is on your skin, you can write with your fingertip as if it were an ink pen that never runs out of ink.As an action, you can touch a piece of writing up to one page in length and speak a creature's name. The writing becomes invisible to everyone other than you and the named creature for the next 24 hours. Either of you can dismiss the invisibility by touching the script (no action required). Once used, this action can't be used again until the next dawn."
"Imbued Wood (Fernian Ash)","ERLW","277","common","Wondrous Item, Generic Variant","requires attunement","","","","","","An imbued wood focus is a rod, staff, or wand cut from a tree infused with extraplanar energy. If you're a spellcaster, you can use this item as a spellcasting focus.When you cast a damage-dealing spell using this item as your spellcasting focus, you gain a +1 bonus to one fire damage roll of the spell. Base items. This item variant can be applied to the following base items:Rod (Fernian Ash Rod)Staff (Fernian Ash Staff)Wand (Fernian Ash Wand)"
"Imbued Wood (Irian Rosewood)","ERLW","277","common","Wondrous Item, Generic Variant","requires attunement","","","","","","An imbued wood focus is a rod, staff, or wand cut from a tree infused with extraplanar energy. If you're a spellcaster, you can use this item as a spellcasting focus.When you cast a damage-dealing spell using this item as your spellcasting focus, you gain a +1 bonus to one radiant damage roll of the spell. Base items. This item variant can be applied to the following base items:Rod (Irian Rosewood Rod)Staff (Irian Rosewood Staff)Wand (Irian Rosewood Wand)"
"Imbued Wood (Kythrian Manchineel)","ERLW","277","common","Wondrous Item, Generic Variant","requires attunement","","","","","","An imbued wood focus is a rod, staff, or wand cut from a tree infused with extraplanar energy. If you're a spellcaster, you can use this item as a spellcasting focus.When you cast a damage-dealing spell using this item as your spellcasting focus, you gain a +1 bonus to one acid or poison damage roll of the spell. Base items. This item variant can be applied to the following base items:Rod (Kythrian Manchineel Rod)Staff (Kythrian Manchineel Staff)Wand (Kythrian Manchineel Wand)"
"Imbued Wood (Lamannian Oak)","ERLW","277","common","Wondrous Item, Generic Variant","requires attunement","","","","","","An imbued wood focus is a rod, staff, or wand cut from a tree infused with extraplanar energy. If you're a spellcaster, you can use this item as a spellcasting focus.When you cast a damage-dealing spell using this item as your spellcasting focus, you gain a +1 bonus to one lightning or thunder damage roll of the spell. Base items. This item variant can be applied to the following base items:Rod (Lamannian Oak Rod)Staff (Lamannian Oak Staff)Wand (Lamannian Oak Wand)"
"Imbued Wood (Mabaran Ebony)","ERLW","277","common","Wondrous Item, Generic Variant","requires attunement","","","","","","An imbued wood focus is a rod, staff, or wand cut from a tree infused with extraplanar energy. If you're a spellcaster, you can use this item as a spellcasting focus.When you cast a damage-dealing spell using this item as your spellcasting focus, you gain a +1 bonus to one necrotic damage roll of the spell. Base items. This item variant can be applied to the following base items:Rod (Mabaran Ebony Rod)Staff (Mabaran Ebony Staff)Wand (Mabaran Ebony Wand)"
"Imbued Wood (Risian Pine)","ERLW","277","common","Wondrous Item, Generic Variant","requires attunement","","","","","","An imbued wood focus is a rod, staff, or wand cut from a tree infused with extraplanar energy. If you're a spellcaster, you can use this item as a spellcasting focus.When you cast a damage-dealing spell using this item as your spellcasting focus, you gain a +1 bonus to one cold damage roll of the spell. Base items. This item variant can be applied to the following base items:Rod (Risian Pine Rod)Staff (Risian Pine Staff)Wand (Risian Pine Wand)"
"Imbued Wood (Shavarran Birch)","ERLW","277","common","Wondrous Item, Generic Variant","requires attunement","","","","","","An imbued wood focus is a rod, staff, or wand cut from a tree infused with extraplanar energy. If you're a spellcaster, you can use this item as a spellcasting focus.When you cast a damage-dealing spell using this item as your spellcasting focus, you gain a +1 bonus to one force damage roll of the spell. Base items. This item variant can be applied to the following base items:Rod (Shavarran Birch Rod)Staff (Shavarran Birch Staff)Wand (Shavarran Birch Wand)"
"Imbued Wood (Xorian Wenge)","ERLW","277","common","Wondrous Item, Generic Variant","requires attunement","","","","","","An imbued wood focus is a rod, staff, or wand cut from a tree infused with extraplanar energy. If you're a spellcaster, you can use this item as a spellcasting focus.When you cast a damage-dealing spell using this item as your spellcasting focus, you gain a +1 bonus to one psychic damage roll of the spell. Base items. This item variant can be applied to the following base items:Rod (Xorian Wenge Rod)Staff (Xorian Wenge Staff)Wand (Xorian Wenge Wand)"
"Imbued Wood Focus","ERLW","277","common","Wondrous Item, Spellcasting Focus","requires attunement","","","","","","An imbued wood focus is a rod, staff, or wand cut from a tree infused with extraplanar energy. If you're a spellcaster, you can use this as a spellcasting focus.When you cast a damage-dealing spell using this item as your spellcasting focus, you gain a +1 bonus to one damage roll of the spell, provided the damage is of the type associated with the item's wood. The types of wood and their associated damage types are listed in the Imbued Wood Focus table.Imbued Wood FocusWoodDamage TypeFernian AshFireIrian RosewoodRadiantKythrian ManchineelAcid or poisonLamannian OakLightning or thunderMabaran EbonyNecroticRisian PineColdShavarran BirchForceXorian WengePsychicMultiple variations of this item exist, as listed below:Imbued Wood (Fernian Ash)Imbued Wood (Irian Rosewood)Imbued Wood (Kythrian Manchineel)Imbued Wood (Lamannian Oak)Imbued Wood (Mabaran Ebony)Imbued Wood (Risian Pine)Imbued Wood (Shavarran Birch)Imbued Wood (Xorian Wenge)"
"Immovable Rod","DMG'24","270","uncommon","Rod","","","","","2 lb.","","This iron rod has a button on one end. You can take a Utilize action to press the button, which causes the rod to become magically fixed in place. Until you or another creature takes a Utilize action to push the button again, the rod doesn't move, even if it defies gravity. The rod can hold up to 8,000 pounds of weight. More weight causes the rod to deactivate and fall. A creature can take a Utilize action to make a DC 30 Strength (Athletics) check, moving the fixed rod up to 10 feet on a successful check."
"Infernal Puzzle Box","BGDIA","224","uncommon","Wondrous Item","","","","","3 lb.","","An infernal puzzle box is a cube-shaped container 5 to 6 inches on a side, composed of airtight, interlocking parts made from materials found in the Nine Hells. Most of these boxes are made of infernal iron, though some are carved from bone or horn. Infernal puzzle boxes are used to safeguard diabolical contracts signed between devils and mortals, even after the terms of these contracts are fulfilled. An empty infernal puzzle box weighs 3 pounds regardless of the materials used to fashion it.When an object small enough to fit inside an infernal puzzle box is placed in it, the container magically seals shut around the object, and no magic can force the box open. The sealed box becomes immune to all damage as well. Every infernal puzzle box is constructed with a unique means of opening it. The trick to solving the puzzle is always mundane, never magical. Once a creature figures out the trick or sequence of steps needed to open a particular infernal puzzle box, that creature can open the box as an action, allowing access to the box's contents.A creature that spends 1 hour holding an infernal puzzle box while trying to open it can make a DC 30 Intelligence (Investigation) check. If the check succeeds, the creature figures out the trick or sequence of steps needed to open the box. If the check fails by 5 or more, the creature must make a DC 18 Wisdom saving throw, taking 42 (12d6) psychic damage on a failed save, or half as much damage on a successful one."
"Infernal Tack","MTF","167","legendary","Wondrous Item","requires attunement by a creature of evil alignment.","","","","","","A rider binds a nightmare to its service with infernal tack, which consists of a bridle, bit, reins, saddle, and stirrups, along with spurs that are worn by the rider. A nightmare equipped with infernal tack must serve whoever wears the spurs until the wearer dies or the tack is removed.You can use an action to call a nightmare equipped with infernal tack by clashing the spurs together or scraping them through blood. The nightmare appears at the start of your next turn, within 20 feet of you. It acts as your ally and takes its turn on your initiative count. It remains for 1 day, until you or it dies, or until you dismiss it as an action. If the nightmare dies, it reforms in the Nine Hells within 24 hours, after which you can summon it again.The tack doesn't conjure a nightmare; one must first be subdued so the tack can be placed on it. No nightmare accepts this forced servitude willingly, but some eventually form strong loyalties to their masters and become true partners in evil."
"Instrument of Illusions","DMG'24","271","common","Wondrous Item","","","","","","","While you are playing this musical instrument, you can take a Magic action to create harmless, illusory visual effects within a 5-foot Emanation originating from the instrument. If you are a Bard, the size of the Emanation increases to 15 feet. Sample visual effects include luminous musical notes, a spectral dancer, butterflies, and gently falling snow. The magical effects have neither substance nor sound, and they are obviously illusory. The effects end when you stop playing."
"Instrument of Scribing","DMG'24","271","common","Wondrous Item","","","","","","","This musical instrument has 3 charges and regains all expended charges daily at dawn. While you are playing it, you can take a Magic action to expend 1 charge and write a magical message on a nonmagical object or surface that you can see within 30 feet of yourself. The message can be up to six words long and is written in a language you know. If you are a Bard, you can scribe an additional seven words and make the message glow faintly, allowing it to be seen in nonmagical Darkness. Casting the Dispel Magic spell on the message erases it. Otherwise, the message fades away after 24 hours."
"Instrument of the Bards","DMG'24","272","varies","Wondrous Item","requires attunement by a bard","","","","","","An Instrument of the Bards is superior to an ordinary instrument in every way. Seven types of these instruments exist, each named after a bard college. A creature that attempts to play the instrument without being attuned to it must succeed on a DC 15 Wisdom saving throw or take 2d4 Psychic damage.You can play the instrument to cast one of its spells. Once the instrument has been used to cast a spell, it can't be used to cast that spell again until the next dawn. The spells use your spellcasting ability and spell save DC.All Instrument of the Bards can be used to cast the following spells: Fly, Invisibility, Levitate, Protection from Evil and GoodMultiple variations of this item exist, as listed below:Instrument of the Bards, Anstruth HarpInstrument of the Bards, Canaith MandolinInstrument of the Bards, Cli LyreInstrument of the Bards, Doss LuteInstrument of the Bards, Fochlucan BandoreInstrument of the Bards, Mac-Fuirmidh CitternInstrument of the Bards, Ollamh Harp"
"Instrument of the Bards, Anstruth Harp","DMG'24","272","very rare","Wondrous Item","requires attunement by a bard","","","","","","An Instrument of the Bards is superior to an ordinary instrument in every way. Seven types of these instruments exist, each named after a bard college. A creature that attempts to play the instrument without being attuned to it must succeed on a DC 15 Wisdom saving throw or take 2d4 Psychic damage.You can play Anstruth Harp to cast one of the following spells: Fly, Invisibility, Levitate, Protection from Evil and Good, Cure Wounds (level 5), Ice Storm, and Wall of Thorns. Once the Anstruth Harp has been used to cast a spell, it can't be used to cast that spell again until the next dawn. The spells use your spellcasting ability and spell save DC."
"Instrument of the Bards, Canaith Mandolin","DMG'24","272","rare","Wondrous Item","requires attunement by a bard","","","","","","An Instrument of the Bards is superior to an ordinary instrument in every way. Seven types of these instruments exist, each named after a bard college. A creature that attempts to play the instrument without being attuned to it must succeed on a DC 15 Wisdom saving throw or take 2d4 Psychic damage.You can play the Canaith Mandolin to cast one of the following spells: Fly, Invisibility, Levitate, Protection from Evil and Good, Cure Wounds (level 3), Dispel Magic, and Protection from Energy (Lightning damage only). Once the Canaith Mandolin has been used to cast a spell, it can't be used to cast that spell again until the next dawn. The spells use your spellcasting ability and spell save DC."
"Instrument of the Bards, Cli Lyre","DMG'24","272","rare","Wondrous Item, Instrument (Lyre)","requires attunement by a bard","","","","","","An Instrument of the Bards is superior to an ordinary instrument in every way. Seven types of these instruments exist, each named after a bard college. A creature that attempts to play the instrument without being attuned to it must succeed on a DC 15 Wisdom saving throw or take 2d4 Psychic damage.You can play the Cli Lyre to cast one of the following spells: Fly, Invisibility, Levitate, Protection from Evil and Good, Stone Shape, Wall of Fire, and Wind Wall. Once the Cli Lyre has been used to cast a spell, it can't be used to cast that spell again until the next dawn. The spells use your spellcasting ability and spell save DC.If you have proficiency with a tool, add your Proficiency Bonus to any ability check you make that uses the tool. If you have proficiency in a skill that's used with that check, you have Advantage on the check too."
"Instrument of the Bards, Doss Lute","DMG'24","272","uncommon","Wondrous Item, Instrument (Lute)","requires attunement by a bard","","","","","","An Instrument of the Bards is superior to an ordinary instrument in every way. Seven types of these instruments exist, each named after a bard college. A creature that attempts to play the instrument without being attuned to it must succeed on a DC 15 Wisdom saving throw or take 2d4 Psychic damage.You can play the Doss Lute to cast one of the following spells: Fly, Invisibility, Levitate, Protection from Evil and Good, Animal Friendship, Protection from Energy (Fire damage only), and Protection from Poison. Once the Doss Lute has been used to cast a spell, it can't be used to cast that spell again until the next dawn. The spells use your spellcasting ability and spell save DC.If you have proficiency with a tool, add your Proficiency Bonus to any ability check you make that uses the tool. If you have proficiency in a skill that's used with that check, you have Advantage on the check too."
"Instrument of the Bards, Fochlucan Bandore","DMG'24","272","uncommon","Wondrous Item, Instrument","requires attunement by a bard","","","","","","An Instrument of the Bards is superior to an ordinary instrument in every way. Seven types of these instruments exist, each named after a bard college. A creature that attempts to play the instrument without being attuned to it must succeed on a DC 15 Wisdom saving throw or take 2d4 Psychic damage.You can play the Fochlucan Bandore to cast one of the following spells: Fly, Invisibility, Levitate, Protection from Evil and Good, Entangle, Faerie Fire, Shillelagh, and Speak with Animals. Once the Fochlucan Bandore has been used to cast a spell, it can't be used to cast that spell again until the next dawn. The spells use your spellcasting ability and spell save DC.If you have proficiency with a tool, add your Proficiency Bonus to any ability check you make that uses the tool. If you have proficiency in a skill that's used with that check, you have Advantage on the check too."
"Instrument of the Bards, Mac-Fuirmidh Cittern","DMG'24","272","uncommon","Wondrous Item, Instrument","requires attunement by a bard","","","","","","An Instrument of the Bards is superior to an ordinary instrument in every way. Seven types of these instruments exist, each named after a bard college. A creature that attempts to play the instrument without being attuned to it must succeed on a DC 15 Wisdom saving throw or take 2d4 Psychic damage.You can play the Mac-Fuirmidh Cittern to cast one of the following spells: Fly, Invisibility, Levitate, Protection from Evil and Good, Barkskin, Cure Wounds, and Fog Cloud. Once the Mac-Fuirmidh Cittern has been used to cast a spell, it can't be used to cast that spell again until the next dawn. The spells use your spellcasting ability and spell save DC.If you have proficiency with a tool, add your Proficiency Bonus to any ability check you make that uses the tool. If you have proficiency in a skill that's used with that check, you have Advantage on the check too."
"Instrument of the Bards, Ollamh Harp","DMG'24","272","legendary","Wondrous Item","requires attunement by a bard","","","","","","An Instrument of the Bards is superior to an ordinary instrument in every way. Seven types of these instruments exist, each named after a bard college. A creature that attempts to play the instrument without being attuned to it must succeed on a DC 15 Wisdom saving throw or take 2d4 Psychic damage.You can play the Ollamh Harp to cast one of the following spells: Fly, Invisibility, Levitate, Protection from Evil and Good, Confusion, Control Weather, and Fire Storm. Once the Ollamh Harp has been used to cast a spell, it can't be used to cast that spell again until the next dawn. The spells use your spellcasting ability and spell save DC."
"Ioun Stone","DMG'24","273","varies","Wondrous Item","requires attunement","","","","","","Roughly marble sized, Ioun Stones are named after Ioun, a god of knowledge and prophecy revered on some worlds. Many types of Ioun Stones exist, each type a distinct combination of shape and color.When you take a Magic action to toss an Ioun Stone into the air, the stone orbits your head at a distance of 1d3 feet, conferring its benefit to you while doing so. You can have up to three Ioun Stones orbiting your head at the same time.Each Ioun Stone orbiting your head is considered to be an object you are wearing. The orbiting stone avoids contact with other creatures and objects, adjusting its orbit to avoid collisions and thwarting all attempts by other creatures to attack or snatch it.As a Utilize action, you can seize and stow any number of Ioun Stones orbiting your head. If your Attunement to an Ioun Stone ends while it's orbiting your head, the stone falls as though you had dropped it.The type of stone determines its rarity and effects.Multiple variations of this item exist, as listed below:Ioun Stone, AbsorptionIoun Stone, AgilityIoun Stone, AwarenessIoun Stone, FortitudeIoun Stone, Greater AbsorptionIoun Stone, InsightIoun Stone, IntellectIoun Stone, LeadershipIoun Stone, MasteryIoun Stone, ProtectionIoun Stone, RegenerationIoun Stone, ReserveIoun Stone, StrengthIoun Stone, Sustenance"
"Ioun Stone, Absorption","DMG'24","273","very rare","Wondrous Item","requires attunement","","","","","","Roughly marble sized, Ioun Stones are named after Ioun, a god of knowledge and prophecy revered on some worlds. Many types of Ioun Stones exist, each type a distinct combination of shape and color.When you take a Magic action to toss an Ioun Stone into the air, the stone orbits your head at a distance of 1d3 feet, conferring its benefit to you while doing so. You can have up to three Ioun Stones orbiting your head at the same time.Each Ioun Stone orbiting your head is considered to be an object you are wearing. The orbiting stone avoids contact with other creatures and objects, adjusting its orbit to avoid collisions and thwarting all attempts by other creatures to attack or snatch it.As a Utilize action, you can seize and stow any number of Ioun Stones orbiting your head. If your Attunement to an Ioun Stone ends while it's orbiting your head, the stone falls as though you had dropped it.While this pale lavender ellipsoid orbits your head, you can take a Reaction to cancel a spell of level 4 or lower cast by a creature you can see. A canceled spell has no effect, and any resources used to cast it are wasted. Once the stone has canceled 20 levels of spells, it burns out, turns dull gray, and loses its magic."
"Ioun Stone, Agility","DMG'24","273","very rare","Wondrous Item","requires attunement","","","","","","Roughly marble sized, Ioun Stones are named after Ioun, a god of knowledge and prophecy revered on some worlds. Many types of Ioun Stones exist, each type a distinct combination of shape and color.When you take a Magic action to toss an Ioun Stone into the air, the stone orbits your head at a distance of 1d3 feet, conferring its benefit to you while doing so. You can have up to three Ioun Stones orbiting your head at the same time.Each Ioun Stone orbiting your head is considered to be an object you are wearing. The orbiting stone avoids contact with other creatures and objects, adjusting its orbit to avoid collisions and thwarting all attempts by other creatures to attack or snatch it.As a Utilize action, you can seize and stow any number of Ioun Stones orbiting your head. If your Attunement to an Ioun Stone ends while it's orbiting your head, the stone falls as though you had dropped it.Your Dexterity increases by 2, to a maximum of 20, while this deep-red sphere orbits your head."
"Ioun Stone, Awareness","DMG'24","273","rare","Wondrous Item","requires attunement","","","","","","Roughly marble sized, Ioun Stones are named after Ioun, a god of knowledge and prophecy revered on some worlds. Many types of Ioun Stones exist, each type a distinct combination of shape and color.When you take a Magic action to toss an Ioun Stone into the air, the stone orbits your head at a distance of 1d3 feet, conferring its benefit to you while doing so. You can have up to three Ioun Stones orbiting your head at the same time.Each Ioun Stone orbiting your head is considered to be an object you are wearing. The orbiting stone avoids contact with other creatures and objects, adjusting its orbit to avoid collisions and thwarting all attempts by other creatures to attack or snatch it.As a Utilize action, you can seize and stow any number of Ioun Stones orbiting your head. If your Attunement to an Ioun Stone ends while it's orbiting your head, the stone falls as though you had dropped it.While this dark-blue rhomboid orbits your head, you have Advantage on Initiative rolls and Wisdom (Perception) checks."
"Ioun Stone, Fortitude","DMG'24","273","very rare","Wondrous Item","requires attunement","","","","","","Roughly marble sized, Ioun Stones are named after Ioun, a god of knowledge and prophecy revered on some worlds. Many types of Ioun Stones exist, each type a distinct combination of shape and color.When you take a Magic action to toss an Ioun Stone into the air, the stone orbits your head at a distance of 1d3 feet, conferring its benefit to you while doing so. You can have up to three Ioun Stones orbiting your head at the same time.Each Ioun Stone orbiting your head is considered to be an object you are wearing. The orbiting stone avoids contact with other creatures and objects, adjusting its orbit to avoid collisions and thwarting all attempts by other creatures to attack or snatch it.As a Utilize action, you can seize and stow any number of Ioun Stones orbiting your head. If your Attunement to an Ioun Stone ends while it's orbiting your head, the stone falls as though you had dropped it.Your Constitution increases by 2, to a maximum of 20, while this pink rhomboid orbits your head."
"Ioun Stone, Greater Absorption","DMG'24","273","legendary","Wondrous Item","requires attunement","","","","","","Roughly marble sized, Ioun Stones are named after Ioun, a god of knowledge and prophecy revered on some worlds. Many types of Ioun Stones exist, each type a distinct combination of shape and color.When you take a Magic action to toss an Ioun Stone into the air, the stone orbits your head at a distance of 1d3 feet, conferring its benefit to you while doing so. You can have up to three Ioun Stones orbiting your head at the same time.Each Ioun Stone orbiting your head is considered to be an object you are wearing. The orbiting stone avoids contact with other creatures and objects, adjusting its orbit to avoid collisions and thwarting all attempts by other creatures to attack or snatch it.As a Utilize action, you can seize and stow any number of Ioun Stones orbiting your head. If your Attunement to an Ioun Stone ends while it's orbiting your head, the stone falls as though you had dropped it.While this marbled lavender and green ellipsoid orbits your head, you can take a Reaction to cancel a spell of level 8 or lower cast by a creature you can see. A canceled spell has no effect, and any resources used to cast it are wasted. Once the stone has canceled 20 levels of spells, it burns out, turns dull gray, and loses its magic."
"Ioun Stone, Insight","DMG'24","273","very rare","Wondrous Item","requires attunement","","","","","","Roughly marble sized, Ioun Stones are named after Ioun, a god of knowledge and prophecy revered on some worlds. Many types of Ioun Stones exist, each type a distinct combination of shape and color.When you take a Magic action to toss an Ioun Stone into the air, the stone orbits your head at a distance of 1d3 feet, conferring its benefit to you while doing so. You can have up to three Ioun Stones orbiting your head at the same time.Each Ioun Stone orbiting your head is considered to be an object you are wearing. The orbiting stone avoids contact with other creatures and objects, adjusting its orbit to avoid collisions and thwarting all attempts by other creatures to attack or snatch it.As a Utilize action, you can seize and stow any number of Ioun Stones orbiting your head. If your Attunement to an Ioun Stone ends while it's orbiting your head, the stone falls as though you had dropped it.Your Wisdom increases by 2, to a maximum of 20, while this incandescent blue sphere orbits your head."
"Ioun Stone, Intellect","DMG'24","273","very rare","Wondrous Item","requires attunement","","","","","","Roughly marble sized, Ioun Stones are named after Ioun, a god of knowledge and prophecy revered on some worlds. Many types of Ioun Stones exist, each type a distinct combination of shape and color.When you take a Magic action to toss an Ioun Stone into the air, the stone orbits your head at a distance of 1d3 feet, conferring its benefit to you while doing so. You can have up to three Ioun Stones orbiting your head at the same time.Each Ioun Stone orbiting your head is considered to be an object you are wearing. The orbiting stone avoids contact with other creatures and objects, adjusting its orbit to avoid collisions and thwarting all attempts by other creatures to attack or snatch it.As a Utilize action, you can seize and stow any number of Ioun Stones orbiting your head. If your Attunement to an Ioun Stone ends while it's orbiting your head, the stone falls as though you had dropped it.Your Intelligence increases by 2, to a maximum of 20, while this marbled scarlet and blue sphere orbits your head."
"Ioun Stone, Leadership","DMG'24","273","very rare","Wondrous Item","requires attunement","","","","","","Roughly marble sized, Ioun Stones are named after Ioun, a god of knowledge and prophecy revered on some worlds. Many types of Ioun Stones exist, each type a distinct combination of shape and color.When you take a Magic action to toss an Ioun Stone into the air, the stone orbits your head at a distance of 1d3 feet, conferring its benefit to you while doing so. You can have up to three Ioun Stones orbiting your head at the same time.Each Ioun Stone orbiting your head is considered to be an object you are wearing. The orbiting stone avoids contact with other creatures and objects, adjusting its orbit to avoid collisions and thwarting all attempts by other creatures to attack or snatch it.As a Utilize action, you can seize and stow any number of Ioun Stones orbiting your head. If your Attunement to an Ioun Stone ends while it's orbiting your head, the stone falls as though you had dropped it.Your Charisma increases by 2, to a maximum of 20, while this marbled pink and green sphere orbits your head."
"Ioun Stone, Mastery","DMG'24","273","legendary","Wondrous Item","requires attunement","","","","","","Roughly marble sized, Ioun Stones are named after Ioun, a god of knowledge and prophecy revered on some worlds. Many types of Ioun Stones exist, each type a distinct combination of shape and color.When you take a Magic action to toss an Ioun Stone into the air, the stone orbits your head at a distance of 1d3 feet, conferring its benefit to you while doing so. You can have up to three Ioun Stones orbiting your head at the same time.Each Ioun Stone orbiting your head is considered to be an object you are wearing. The orbiting stone avoids contact with other creatures and objects, adjusting its orbit to avoid collisions and thwarting all attempts by other creatures to attack or snatch it.As a Utilize action, you can seize and stow any number of Ioun Stones orbiting your head. If your Attunement to an Ioun Stone ends while it's orbiting your head, the stone falls as though you had dropped it.Your Proficiency Bonus increases by 1 while this pale green prism orbits your head."
"Ioun Stone, Protection","DMG'24","273","rare","Wondrous Item","requires attunement","","","","","","Roughly marble sized, Ioun Stones are named after Ioun, a god of knowledge and prophecy revered on some worlds. Many types of Ioun Stones exist, each type a distinct combination of shape and color.When you take a Magic action to toss an Ioun Stone into the air, the stone orbits your head at a distance of 1d3 feet, conferring its benefit to you while doing so. You can have up to three Ioun Stones orbiting your head at the same time.Each Ioun Stone orbiting your head is considered to be an object you are wearing. The orbiting stone avoids contact with other creatures and objects, adjusting its orbit to avoid collisions and thwarting all attempts by other creatures to attack or snatch it.As a Utilize action, you can seize and stow any number of Ioun Stones orbiting your head. If your Attunement to an Ioun Stone ends while it's orbiting your head, the stone falls as though you had dropped it.You gain a +1 bonus to Armor Class while this dusty-rose prism orbits your head."
"Ioun Stone, Regeneration","DMG'24","273","legendary","Wondrous Item","requires attunement","","","","","","Roughly marble sized, Ioun Stones are named after Ioun, a god of knowledge and prophecy revered on some worlds. Many types of Ioun Stones exist, each type a distinct combination of shape and color.When you take a Magic action to toss an Ioun Stone into the air, the stone orbits your head at a distance of 1d3 feet, conferring its benefit to you while doing so. You can have up to three Ioun Stones orbiting your head at the same time.Each Ioun Stone orbiting your head is considered to be an object you are wearing. The orbiting stone avoids contact with other creatures and objects, adjusting its orbit to avoid collisions and thwarting all attempts by other creatures to attack or snatch it.As a Utilize action, you can seize and stow any number of Ioun Stones orbiting your head. If your Attunement to an Ioun Stone ends while it's orbiting your head, the stone falls as though you had dropped it.You regain 15 Hit Points at the end of each hour this pearly white spindle orbits your head if you have at least 1 Hit Point."
"Ioun Stone, Reserve","DMG'24","273","rare","Wondrous Item","requires attunement","","","","","","Roughly marble sized, Ioun Stones are named after Ioun, a god of knowledge and prophecy revered on some worlds. Many types of Ioun Stones exist, each type a distinct combination of shape and color.When you take a Magic action to toss an Ioun Stone into the air, the stone orbits your head at a distance of 1d3 feet, conferring its benefit to you while doing so. You can have up to three Ioun Stones orbiting your head at the same time.Each Ioun Stone orbiting your head is considered to be an object you are wearing. The orbiting stone avoids contact with other creatures and objects, adjusting its orbit to avoid collisions and thwarting all attempts by other creatures to attack or snatch it.As a Utilize action, you can seize and stow any number of Ioun Stones orbiting your head. If your Attunement to an Ioun Stone ends while it's orbiting your head, the stone falls as though you had dropped it.This vibrant purple prism stores spells cast into it, holding them until you use them. The stone can store up to 4 levels of spells at a time. When found, it contains 1d4 levels of stored spells chosen by the DM.Any creature can cast a spell of level 1 through 4 into the stone by touching it as the spell is cast. The spell has no effect, other than to be stored in the stone. If the stone can't hold the spell, the spell is expended without effect. The level of the slot used to cast the spell determines how much space it uses.While this stone orbits your head, you can cast any spell stored in it. The spell uses the slot level, spell save DC, spell attack bonus, and spellcasting ability of the original caster but is otherwise treated as if you cast the spell. The spell cast from the stone is no longer stored in it, freeing up space."
"Ioun Stone, Strength","DMG'24","273","very rare","Wondrous Item","requires attunement","","","","","","Roughly marble sized, Ioun Stones are named after Ioun, a god of knowledge and prophecy revered on some worlds. Many types of Ioun Stones exist, each type a distinct combination of shape and color.When you take a Magic action to toss an Ioun Stone into the air, the stone orbits your head at a distance of 1d3 feet, conferring its benefit to you while doing so. You can have up to three Ioun Stones orbiting your head at the same time.Each Ioun Stone orbiting your head is considered to be an object you are wearing. The orbiting stone avoids contact with other creatures and objects, adjusting its orbit to avoid collisions and thwarting all attempts by other creatures to attack or snatch it.As a Utilize action, you can seize and stow any number of Ioun Stones orbiting your head. If your Attunement to an Ioun Stone ends while it's orbiting your head, the stone falls as though you had dropped it.Your Strength increases by 2, to a maximum of 20, while this pale blue rhomboid orbits your head."
"Ioun Stone, Sustenance","DMG'24","273","rare","Wondrous Item","requires attunement","","","","","","Roughly marble sized, Ioun Stones are named after Ioun, a god of knowledge and prophecy revered on some worlds. Many types of Ioun Stones exist, each type a distinct combination of shape and color.When you take a Magic action to toss an Ioun Stone into the air, the stone orbits your head at a distance of 1d3 feet, conferring its benefit to you while doing so. You can have up to three Ioun Stones orbiting your head at the same time.Each Ioun Stone orbiting your head is considered to be an object you are wearing. The orbiting stone avoids contact with other creatures and objects, adjusting its orbit to avoid collisions and thwarting all attempts by other creatures to attack or snatch it.As a Utilize action, you can seize and stow any number of Ioun Stones orbiting your head. If your Attunement to an Ioun Stone ends while it's orbiting your head, the stone falls as though you had dropped it.You don't need to eat or drink while this clear spindle orbits your head."
"Iron Bands of Bilarro","DMG'24","274","rare","Wondrous Item","","","","","1 lb.","","This rusty iron sphere measures 3 inches in diameter and weighs 1 pound. You can take a Magic action to throw the sphere at a Huge or smaller creature you can see within 60 feet of yourself. As the sphere moves through the air, it opens into a tangle of metal bands.Make a ranged attack roll with an attack bonus equal to your Dexterity modifier plus your Proficiency Bonus. On a hit, the target has the Restrained condition until you take a Bonus Action to issue a command that releases it. Doing so or missing with the attack causes the bands to contract and become a sphere once more.A creature that can touch the bands, including the one Restrained, can take an action to make a DC 20 Strength (Athletics) check to break the iron bands. On a successful check, the item is destroyed, and the Restrained creature is freed. On a failed check, any further attempts made by that creature automatically fail until 24 hours have elapsed.Once the bands are used, they can't be used again until the next dawn."
"Iron Flask","DMG'24","274","legendary","Wondrous Item","","","","","","","While holding this brass-stoppered iron flask, you can take a Magic action to target a creature that you can see within 60 feet of yourself. If the flask is empty and the target is native to a plane of existence other than the one you're on, the target must succeed on a DC 17 Wisdom saving throw or be trapped in the flask. If the target has been trapped by the flask before, it has Advantage on the save. Once trapped, a creature remains in the flask until released. The flask can hold only one creature at a time. A creature trapped in the flask doesn't age and doesn't need to breathe, eat, or drink.You can take a Magic action to remove the flask's stopper and release the creature in the flask. The creature then obeys your commands for 1 hour, understanding those commands even if it doesn't know the language in which the commands are given. If you issue no commands or give the creature a command that is likely to result in its death or imprisonment, it defends itself but otherwise takes no actions. At the end of the duration, the creature acts in accordance with its normal disposition and alignment.An Identify spell reveals if the flask contains a creature, but the only way to determine the type of creature is to open the flask. A newly discovered Iron Flask might already contain a creature chosen by the DM or determined randomly by rolling on the following table (see the Monster Manual for the creature's stat block).1d100Contents01-50No creature51Arcanaloth52-54Bone Devil55-56Cambion57-58Dao59Deva60-61Djinni62-63Efreeti64-65Erinyes66-67Fomorian68Githyanki Knight69Githzerai Zerth70-71Glabrezu72-74Hezrou75Incubus76-77Invisible Stalker78-79Marid80Marilith81-82Mezzoloth83-84Nalfeshnee85-86Night Hag87-88Nycaloth89Planetar90-91Red Slaad92-93Salamander94Solar95Succubus96Ultroloth97-99Vrock00Xorn"
"Javelin of Lightning","DMG'24","275","uncommon","Weapon (Javelin), Simple Weapon, Melee Weapon","","1d6 Piercing","Thrown (30/120 ft.)","Mastery: Slow","2 lb.","","Each time you make an attack roll with this magic weapon and hit, you can have it deal Lightning damage instead of Piercing damage. Lightning Bolt. When you throw this weapon at a target no farther than 120 feet from you, you can forgo making a ranged attack roll and instead turn the weapon into a bolt of lightning. This bolt forms a 5-foot-wide Line between you and the target. The target and each other creature in the Line (excluding you) makes a DC 13 Dexterity saving throw, taking 4d6 Lightning damage on a failed save or half as much damage on a successful one. Immediately after dealing this damage, the weapon reappears in your hand. This property can't be used again until the next dawn. Thrown. If a weapon has the Thrown property, you can throw the weapon to make a ranged attack, and you can draw that weapon as part of the attack. If the weapon is a Melee weapon, use the same ability modifier for the attack and damage rolls that you use for a melee attack with that weapon. Mastery: Slow. If you hit a creature with this weapon and deal damage to it, you can reduce its Speed by 10 feet until the start of your next turn. If the creature is hit more than once by weapons that have this property, the Speed reduction doesn't exceed 10 feet."
"Keoghtom's Ointment","DMG'24","275","uncommon","Wondrous Item","","","","","","","This glass jar, 3 inches in diameter, contains 1d4 + 1 doses of a thick mixture that smells faintly of aloe. The jar and its contents weigh 1/2 pound.As a Utilize action, you can swallow one dose of the ointment or apply it to a creature within 5 feet of yourself. The creature that receives it regains 2d8 + 2 Hit Points and ceases to have the Poisoned condition."
"Keycharm","ERLW","277","common","Wondrous Item","requires attunement by a creature with the Mark of Warding","","","","","","This small stylized key plays a vital role in the work of House Kundarak. If you cast the alarm, arcane lock, or glyph of warding spell, you can tie the effect to the keycharm so that whoever holds it receives the notification from the alarm spell, bypasses the lock of the arcane lock spell, or avoids triggering the glyph placed by the glyph of warding spell. In addition, the holder (who needn't be attuned to the item) can take an action to end any one spell tied to it, provided the holder knows the command word you set for ending the tied spells. The keycharm can have up to three tied spells at one time."
"Kyrzin's Ooze","ERLW","278","very rare","Wondrous Item","requires attunement","","","","","","This opalescent, symbiotic goo comes sealed in a jar and slowly shifts and moves, as if endlessly exploring the jar's interior. To attune to this item, you must first drink the contents of the jar, unlocking the following properties. Resistant. While attuned to Kyrzin's ooze, you have resistance to poison and acid damage, and you're immune to the poisoned condition. Amorphous. As an action, you can speak a command word and cause your body to assume the amorphous qualities of an ooze. For the next minute, you (along with any equipment you're wearing or carrying) can move through a space as narrow as 1 inch wide without squeezing. Once you use this property, it can't be used again until the next dawn. Acid Breath. As an action, you can exhale acid in a 30-foot line that is 5 feet wide. Each creature in that line must make a DC 15 Dexterity saving throw, taking 36 (8d8) acid damage on a failed save, or half as much damage on a successful one. Once you use this property, it can't be used again until the next dawn. Symbiotic Nature. The ooze can't be removed from you while you're attuned to it, and you can't voluntarily end your attunement to it. If you're targeted by a spell that ends a curse, your attunement to the ooze ends, as it seeps out of you.If you die while the ooze is inside you, it bursts out and engulfs you, turning your corpse into a black pudding allied with the daelkyr."
"Lantern of Revealing","DMG'24","275","uncommon","Wondrous Item","","","","","","","While lit, this hooded lantern burns for 6 hours on 1 pint of oil, shedding Bright Light in a 30-foot radius and Dim Light for an additional 30 feet. Invisible creatures and objects are visible as long as they are in the lantern's Bright Light. You can take a Utilize action to lower the hood, reducing the lantern's light to Dim Light in a 5-foot radius."
"Libram of Souls and Flesh","TCE","129","rare","Wondrous Item, Spellcasting Focus","requires attunement by a wizard","","","","3 lb.","","With covers made of skin and fittings of bone, this tome is cold to the touch, and it whispers faintly. When found, the book contains the following spells, which are wizard spells for you while you are attuned to the book: animate dead, circle of death, false life, finger of death, speak with dead, summon undead, and vampiric touch. It functions as a spellbook for you.While you are holding the book, you can use it as a spellcasting focus for your wizard spells.The book has 3 charges, and it regains 1d3 expended charges daily at dawn. You can use the charges in the following ways while holding it:If you spend 1 minute studying the book, you can expend 1 charge to replace one of your prepared wizard spells with a different spell in the book. The new spell must be of the necromancy school.As an action, you can expend 1 charge to take on a semblance of undeath for 10 minutes. For the duration, you take on a deathly appearance, and undead creatures are indifferent to you, unless you have damaged them. You also appear undead to all outward inspection and to spells used to determine the target's status. The effect ends if you deal damage or force a creature to make a saving throw."
"Lifewell Tattoo","TCE","129","very rare","Wondrous Item (Tattoo)","requires attunement","","","","","","Produced by a special needle, this magic tattoo features symbols of life and rebirth. Tattoo Attunement. To attune to this item, you hold the needle to your skin where you want the tattoo to appear, pressing the needle there throughout the attunement process. When the attunement is complete, the needle turns into the ink that becomes the tattoo, which appears on the skin.If your attunement to the tattoo ends, the tattoo vanishes, and the needle reappears in your space. Necrotic Resistance. You have resistance to necrotic damage. Life Ward. When you would be reduced to 0 hit points, you drop to 1 hit point instead. Once used, this property can't be used again until the next dawn."
"Lightning Absorbing Tattoo","TCE","119","very rare","Wondrous Item (Tattoo)","requires attunement","","","","","","Produced by a special needle, this magic tattoo features designs that emphasize one color (yellow). Tattoo Attunement. To attune to this item, you hold the needle to your skin where you want the tattoo to appear, pressing the needle there throughout the attunement process. When the attunement is complete, the needle turns into the ink that becomes the tattoo, which appears on the skin.If your attunement to the tattoo ends, the tattoo vanishes, and the needle reappears in your space. Damage Resistance. While the tattoo is on your skin, you have resistance to lightning damage. Damage Absorption. When you take lightning damage, you can use your reaction to gain immunity against that instance of the damage, and you regain a number of hit points equal to half the damage you would have taken. Once this reaction is used, it can't be used again until the next dawn."
"Living Armor","ERLW","278","very rare","Generic Variant","requires attunement","","","","","","This hideous armor is formed from black chitin, beneath which veins pulse and red sinews glisten. To attune to this item, you must wear it for the entire attunement period, during which tendrils on the inside burrow into you.While wearing this armor, you have a +1 bonus to Armor Class, and you have resistance to the following damage types: necrotic, poison, and psychic. Symbiotic Nature. The armor can't be removed from you while you're attuned to it, and you can't voluntarily end your attunement to it. If you're targeted by a spell that ends a curse, your attunement to the armor ends, and it detaches from you.The armor requires fresh blood be fed to it. Immediately after you finish any long rest, you must either feed half of your remaining Hit Dice to the armor (round up) or take 1 level of exhaustion. Base items. This item variant can be applied to the following base items:Breastplate (Living Breastplate)Chain Mail (Living Chain Mail)Chain Shirt (Living Chain Shirt)Half Plate Armor (Living Half Plate Armor)Hide Armor (Living Hide Armor)Leather Armor (Living Leather Armor)Padded Armor (Living Padded Armor)Plate Armor (Living Plate Armor)Ring Mail (Living Ring Mail)Scale Mail (Living Scale Mail)Spiked Armor (Living Spiked Armor)Splint Armor (Living Splint Armor)Studded Leather Armor (Living Studded Leather Armor)"
"Living Gloves","ERLW","278","uncommon","Wondrous Item","requires attunement","","","","","","These symbiotic gloves—made of thin chitin and sinew—pulse with a life of their own. To attune to them, you must wear them for the entire attunement period, during which the gloves bond with your skin.While attuned to these gloves, you gain one of the following proficiencies (your choice when you attune to the gloves):Sleight of HandThieves' toolsOne kind of artisan's tools of your choiceOne kind of musical instrument of your choiceWhen you make an ability check using the chosen proficiency, you add double your proficiency bonus to the check, instead of your normal proficiency bonus. Symbiotic Nature. The gloves can't be removed from you while you're attuned to them, and you can't voluntarily end your attunement to them. If you're targeted by a spell that ends a curse, your attunement to the gloves ends, and they can be removed."
"Living Loot Satchel","AI","25","varies","Wondrous Item","","","","","","","As a rank 2 hoardsperson, you are granted the use of a living loot satchel, which is an uncommon magic item. It functions as a bag of holding and is available in a variety of colors and styles.Class-Based Living Loot SatchelClassSatchelBarbarianBroad belt with a dozen hanging pocketsBardLute caseClericHollowed-out holy tomeDruidMade from natural, organic, locally sourced woven fibersFighterA thick, battle-scarred iron lockboxPaladinA metal case with fine engraving and scrollworkRangerA fur-lined bindleRogueA nondescript coin pouchSorcererA battered leather satchel, prone to spitting out multicolored sparks at the seamsWarlockA patchwork monster-leather satchel with a ""purely decorative"" fanged mouth.WizardA pocket dimension hidden up your sleeve or inside your hatThe living loot satchel is a kind of magical being that safeguards the franchise's funds and valuables. Its innards are connected to a secure coffer within Head Office's vault in Waterdeep, to which the satchel periodically transfers the franchise's wealth. As an action, you can transfer any amount of your franchise funds back to your satchel with a successful DC 15 Dexterity (Sleight of Hand) check. Secret Satchel. As a rank 3 hoardsperson, your living loot satchel gets an upgrade to function as the replica chest used for the Leomund's secret chest spell, becoming a rare magic item. You can open the secret chest through your living loot satchel to deposit or withdraw items—even items that wouldn't normally fit in your satchel, but which fit within the chest. Thanks to Head Office striking deals you don't want to know about with extraplanar creatures you really don't want to know about, there is no chance for the spell to end. That Thing You Need. At rank 3, you can use a bonus action to reach into your living loot satchel and make a DC 15 Dexterity (Sleight of Hand) check. On a success, you draw forth an item of your choice on the Adventuring Gear table in chapter 5 of the Player's Handbook. The item must be of a size that can fit into your secret chest and be worth no more than 15 gp. Once you attempt to draw five items from your satchel, you cannot draw forth any more items until the next dawn. Portable Hole Satchel. At rank 4, your living loot satchel receives another upgrade, becoming a very rare magic item. The secret chest accessed by your satchel now has the storage capacity of a portable hole—6 feet in diameter and 10 feet deep. As before, you can place any appropriately sized object into the portable-hole-sized chest, even if it wouldn't normally fit into your satchel. That Expensive Thing You Need. Also at rank 4, when you use your That Thing You Need feature, you can requisition any item of up to 250 gp in value, as long as it would fit into the confines of your satchel's portable hole."
"Lock of Trickery","DMG'24","275","common","Wondrous Item","","","","","","","This lock appears to be an ordinary Lock (of the type described in chapter 6 of the Player's Handbook) and comes with a single key. The tumblers in this lock magically adjust to thwart burglars. Dexterity checks made to pick the lock have Disadvantage."
"Luba's Tarokka of Souls","TCE","129","artifact","Wondrous Item","requires attunement","","","","","","Not all lingering spirits are tragic souls, lost on their way to the hereafter. Some languish as prisoners, souls so wicked mortals dare not free them upon an unsuspecting afterlife.Created by a figure of Vistani legend, Luba's Tarokka of Souls shaped the destiny of countless heroes. The prophecies of this deck of cards also revealed great evils and guided its creator into the path of nefarious forces. Untold times the deck's creator, Mother Luba, narrowly escaped doom, spared only by her keen insights. But even for her, not all wickedness could be escaped. In the most dire cases, Mother Luba managed to ensnare beings of pure evil amid the strands of fate, imprisoning them within her tarokka deck. There these foul spirits dwell still, trapped within a nether-realm hidden amid shuffling cards, waiting for fate to turn foul—as it inevitably will.Like all tarokka decks, the Tarokka of Souls is a lavishly illustrated collection of fifty-four cards, comprising the fourteen cards of the high deck and forty other cards divided into four suits: coins, glyphs, stars, and swords. Random Properties. The artifact has the following random properties, which you can determine by rolling on the tables in the ""Artifacts"" section of the Dungeon Master's Guide:2 minor detrimental properties2 minor beneficial properties Spells. While holding the deck, you can use an action to cast one of the following spells (save DC 18) from it: comprehend languages, detect evil and good, detect magic, detect poison and disease, locate object, or scrying. Once you use the deck to cast a spell, you can't cast that spell again from it until the next dawn. Enduring Vision. While holding the deck, you automatically succeed on Constitution saving throws made to maintain your concentration on divination spells. Twist of Fate. As an action, you can draw a card from the deck and twist the fortune of another creature you can see within 15 feet of you. Choose one of the following effects:Weal. The creature has advantage on attack rolls, ability checks, and saving throws for the next hour.Woe. The creature has disadvantage on attack rolls, ability checks, and saving throws for the next hour.The deck can be used in this way twice, and you regain all expended uses at the next dawn. Prisoners of Fate. Whenever you use the Twist of Fate property, there is a chance that one of the souls trapped in the deck escapes. Roll d100 and consult the Souls of the Tarokka table. If you roll one of the high cards, the soul associated with it escapes. You can find its statistics in the Monster Manual. If you roll a soul that has already escaped, roll again.Souls of the Tarokkad100CardSoul1ArtifactFlameskull2BeastWraith3BrokenBanshee4DarklordVampire5DonjonMummy6ExecutionerDeath knight7GhostGhost8HorsemanMummy lord9InnocentGhost10MarionetteMummy11MistsWraith12RavenVampire spawn13SeerVampire14TempterVampire spawn15-100——The released soul appears at a random location within 10d10 miles of you and terrorizes the living. Until the released soul is destroyed, it gains the benefit of a weal from the deck's Twist of Fate property, and both you and the original target of Twist of Fate suffer the effect of woe. Shuffling Fate. If you go 7 days without using the Twist of Fate property, your attunement to Luba's Tarokka of Souls ends, and you can't attune to it again until after another creature uses Twist of Fate on you. Destroying the Deck. Luba's Tarokka of Souls can be destroyed only if all fourteen souls within are released and destroyed. This reveals a fifteenth soul, a lich, that inhabits the Nether card, which appears only when the fourteen souls are defeated. If this ancient entity is destroyed, the Nether card vanishes and the deck becomes a normal tarokka deck, with no special properties, but it includes a new card of the DM's design. Mother Luba and the Vistani. The creator of the Tarokka of Souls, Mother Luba was one of the most influential leaders of the Vistani. For untold generations, the Vistani have wandered the Shadowfell, which includes terrifying demiplanes like the vampire-haunted realm of Barovia. These travelers have learned many secrets of these domains and encountered countless others wandering amid the Shadowfell's horrors. Most Vistani bands accept well-intentioned wayfarers from diverse walks and of disparate origins, embracing any who seek to find a home amid the endless roads and vistas hidden amid the mists.A halfling Vistani, Mother Luba led one of the largest groups of Vistani in the Shadowfell. She hailed from the same world that Count Strahd von Zarovich and Madam Eva came from, and she created a community of kindness and resilience-ever rare to find in the Plane of Shadow. She led her people in welcoming strangers, feeding the hungry, and defying the cruel. She and Madam Eva were once friends, until Madam Eva began bargaining with the creatures of the night. ""We may wander amid the shadows,"" Mother Luba said. ""But we must ever serve as a light to our fellow travelers.""Some years ago, Mother Luba disappeared into the mists, leaving behind only the Tarokka of Souls. It is said that if you draw the Mists card from it, you can hear the whispers of her kind voice."
"Luck Blade","DMG'24","275","legendary","Generic Variant","requires attunement","","","","","","You gain a +1 bonus to attack rolls and damage rolls made with this magic weapon. While the weapon is on your person, you also gain a +1 bonus to saving throws. Luck. If the weapon is on your person, you can call on its luck (no action required) to reroll one failed D20 Test if you don't have the Incapacitated condition. You must use the second roll. Once used, this property can't be used again until the next dawn. Wish. The weapon has 1d3 charges. While holding it, you can expend 1 charge and cast Wish from it. Once used, this property can't be used again until the next dawn. The weapon loses this property if it has no charges. Base items. This item variant can be applied to the following base items:Glaive (Luck Glaive)Greatsword (Luck Greatsword)Longsword (Luck Longsword)Rapier (Luck Rapier)Scimitar (Luck Scimitar)Shortsword (Luck Shortsword)Sickle (Luck Sickle)"
"Lute of Thunderous Thumping","DMG'24","275","very rare","Weapon (Club), Simple Weapon, Melee Weapon","","1d4 Bludgeoning","Light","Mastery: Slow","2 lb.","","This reinforced lute can be wielded as a magic Club that deals an extra 2d8 Thunder damage on a hit. Sing and Swing. If you're a Bard, you can use your Charisma modifier instead of your Strength modifier when making a melee attack roll with the lute, provided you sing or hum while making the attack. Light. When you take the Attack action on your turn and attack with a Light weapon, you can make one extra attack as a Bonus Action later on the same turn. That extra attack must be made with a different Light weapon, and you don't add your ability modifier to the extra attack's damage unless that modifier is negative. For example, you can attack with a Shortsword in one hand and a Dagger in the other using the Attack action and a Bonus Action, but you don't add your Strength or Dexterity modifier to the damage roll of the Bonus Action unless that modifier is negative. Mastery: Slow. If you hit a creature with this weapon and deal damage to it, you can reduce its Speed by 10 feet until the start of your next turn. If the creature is hit more than once by weapons that have this property, the Speed reduction doesn't exceed 10 feet."
"Lyre of Building","TCE","131","rare","Wondrous Item, Instrument (Lyre)","requires attunement by a bard","","","","2 lb.","","While holding this lyre, you can cast mending as an action. You can also play the lyre as a reaction when an object or a structure you can see within 300 feet of you takes damage, causing it to be immune to that damage and any further damage of the same type until the start of your next turn.In addition, you can play the lyre as an action to cast fabricate, move earth, passwall, or summon construct, and that spell can't be cast from it again until the next dawn.If you have proficiency with a given musical instrument, you can add your proficiency bonus to any ability checks you make to play music with the instrument. A bard can use a musical instrument as a spellcasting focus. Each type of musical instrument requires a separate proficiency.See the Tool Proficiencies entry for more information.Proficiency with a musical instrument indicates you are familiar with the techniques used to play it. You also have knowledge of some songs commonly performed with that instrument. History. Your expertise aids you in recalling lore related to your instrument. Performance. Your ability to put on a good show is improved when you incorporate an instrument into your act. Compose a Tune. As part of a long rest, you can compose a new tune and lyrics for your instrument. You might use this ability to impress a noble or spread scandalous rumors with a catchy tune.Musical InstrumentActivityDCIdentify a tune10Improvise a tune20"
"Mace of Disruption","DMG'24","276","rare","Weapon (Mace), Simple Weapon, Melee Weapon","requires attunement","1d6 Bludgeoning","","Mastery: Sap","4 lb.","","When you hit a Fiend or an Undead with this magic weapon, that creature takes an extra 2d6 Radiant damage. If the target has 25 Hit Points or fewer after taking this damage, it must succeed on a DC 15 Wisdom saving throw or be destroyed. On a successful save, the creature has the Frightened condition until the end of your next turn. Light. While you hold this weapon, it sheds Bright Light in a 20-foot radius and Dim Light for an additional 20 feet. Mastery: Sap. If you hit a creature with this weapon, that creature has Disadvantage on its next attack roll before the start of your next turn."
"Mace of Smiting","DMG'24","276","rare","Weapon (Mace), Simple Weapon, Melee Weapon","","1d6 Bludgeoning","","Mastery: Sap","4 lb.","","You gain a +1 bonus to attack rolls and damage rolls made with this magic weapon. The bonus increases to +3 when you use the weapon to attack a Construct.When you roll a 20 on an attack roll made with this weapon, the target takes an extra 7 Bludgeoning damage, or 14 Bludgeoning damage if it's a Construct. If a Construct has 25 Hit Points or fewer after taking this damage, it is destroyed. Mastery: Sap. If you hit a creature with this weapon, that creature has Disadvantage on its next attack roll before the start of your next turn."
"Mace of Terror","DMG'24","276","rare","Weapon (Mace), Simple Weapon, Melee Weapon","requires attunement","1d6 Bludgeoning","","Mastery: Sap","4 lb.","","This magic weapon has 3 charges and regains 1d3 expended charges daily at dawn. While holding the weapon, you can take a Magic action and expend 1 charge to release a wave of terror from it. Each creature of your choice within 30 feet of you must succeed on a DC 15 Wisdom saving throw or have the Frightened condition for 1 minute. While Frightened in this way, a creature must spend its turns trying to move as far away from you as it can, and it can't make Opportunity Attacks. For its action, it can use only the Dash action or try to escape from an effect that prevents it from moving. If it has nowhere it can move, the creature can take the Dodge action. At the end of each of its turns, a creature repeats the save, ending the effect on itself on a success. Mastery: Sap. If you hit a creature with this weapon, that creature has Disadvantage on its next attack roll before the start of your next turn."
"Magen Handbell","NF","undefined","rare","Wondrous Item","","","","","","","While holding this brass handbell, you can take a Magic action to ring it and summon a Terran Magen (see appendix B). The magen appears in an unoccupied space you choose within 30 feet of yourself, understands your languages, obeys your commands, and takes its turn immediately after you on your Initiative count. The magen disappears after 1 hour, when it dies, or when you dismiss it as a Bonus Action. The bell can't be used this way again for 1d6 days. Berserk Magen. Whenever the magen summoned by this item starts its turn Bloodied, roll 1d6. On a 6, the magen goes berserk.While berserk, the magen no longer obeys your commands, and you can't dismiss it as a Bonus Action. On each of its turns, the berserk magen attacks the nearest creature it can see. If no creature is near enough for the magen to move to and attack, the magen attacks an object. The magen remains berserk until it disappears, or until a creature holding the handbell takes an Influence action and succeeds on a DC 15 Charisma (Persuasion) check to regain control of the magen."
"Manifold Tool","EFA","112","common","Wondrous Item","requires attunement","","","","","","This tool takes the form of a wrench, a screwdriver, or another basic tool. As a Magic action, you can touch the item and transform it into a type of Artisan's Tools of your choice. Whatever form the tool takes, you have proficiency with it when you use it."
"Mantle of Spell Resistance","DMG'24","276","rare","Wondrous Item","requires attunement","","","","","","You have Advantage on saving throws against spells while you wear this cloak."
"Manual of Bodily Health","DMG'24","277","very rare","Wondrous Item","","","","","5 lb.","","This book contains health and diet tips, and its words are charged with magic. If you spend 48 hours over a period of 6 days or fewer studying the book's contents and practicing its guidelines, your Constitution increases by 2, to a maximum of 30. The manual then loses its magic, but regains it in a century."
"Manual of Clay Golems","DMG'24","277","very rare","Wondrous Item","","","","","5 lb.","","This tome contains information and incantations necessary to make a clay golem. To decipher and use the manual, you must be a spellcaster with at least two 5th-level spell slots. A creature that can't use a manual of golems and attempts to read it takes 6d6 psychic damage.To create a clay golem, you must spend 30 days, working without interruption with the manual at hand and resting no more than 8 hours per day. You must also pay 65,000 gp to purchase supplies.Once you finish creating the golem, the book is consumed in eldritch flames. The golem becomes animate when the ashes of the manual are sprinkled on it. It is under your control, and it understands and obeys your spoken commands."
"Manual of Flesh Golems","DMG'24","277","very rare","Wondrous Item","","","","","5 lb.","","This tome contains information and incantations necessary to make a flesh golem. To decipher and use the manual, you must be a spellcaster with at least two 5th-level spell slots. A creature that can't use a manual of golems and attempts to read it takes 6d6 psychic damage.To create a flesh golem, you must spend 60 days, working without interruption with the manual at hand and resting no more than 8 hours per day. You must also pay 50,000 gp to purchase supplies.Once you finish creating the golem, the book is consumed in eldritch flames. The golem becomes animate when the ashes of the manual are sprinkled on it. It is under your control, and it understands and obeys your spoken commands."
"Manual of Gainful Exercise","DMG'24","277","very rare","Wondrous Item","","","","","5 lb.","","This book describes fitness exercises, and its words are charged with magic. If you spend 48 hours over a period of 6 days or fewer studying the book's contents and practicing its guidelines, your Strength increases by 2, to a maximum of 30. The manual then loses its magic, but regains it in a century."
"Manual of Golems","DMG'24","277","very rare","Wondrous Item","","","","","5 lb.","","This tome contains information and incantations necessary to make a particular type of golem. To decipher and use the manual, you must be a spellcaster with at least two 5th-level spell slots. A creature that can't use a manual of golems and attempts to read it takes 6d6 psychic damage.d20GolemTimeCost1-5Manual of Clay Golems30 days65,000 GP6-17Manual of Flesh Golems60 days50,000 GP18Manual of Iron Golems120 days100,000 GP19-20Manual of Stone Golems90 days80,000 GPTo create a golem, you must spend the time shown on the table, working without interruption with the manual at hand and resting no more than 8 hours per day. You must also pay the specified cost to purchase supplies.Once you finish creating the golem, the book is consumed in eldritch flames. The golem becomes animate when the ashes of the manual are sprinkled on it. It is under your control, and it understands and obeys your spoken commands."
"Manual of Iron Golems","DMG'24","277","very rare","Wondrous Item","","","","","5 lb.","","This tome contains information and incantations necessary to make a iron golem. To decipher and use the manual, you must be a spellcaster with at least two 5th-level spell slots. A creature that can't use a manual of golems and attempts to read it takes 6d6 psychic damage.To create an iron golem, you must spend 120 days, working without interruption with the manual at hand and resting no more than 8 hours per day. You must also pay 100,000 gp to purchase supplies.Once you finish creating the golem, the book is consumed in eldritch flames. The golem becomes animate when the ashes of the manual are sprinkled on it. It is under your control, and it understands and obeys your spoken commands."
"Manual of Quickness of Action","DMG'24","278","very rare","Wondrous Item","","","","","5 lb.","","This book contains coordination and balance exercises, and its words are charged with magic. If you spend 48 hours over a period of 6 days or fewer studying the book's contents and practicing its guidelines, your Dexterity increases by 2, to a maximum of 30. The manual then loses its magic, but regains it in a century."
"Manual of Stone Golems","DMG'24","277","very rare","Wondrous Item","","","","","5 lb.","","This tome contains information and incantations necessary to make a stone golem. To decipher and use the manual, you must be a spellcaster with at least two 5th-level spell slots. A creature that can't use a manual of golems and attempts to read it takes 6d6 psychic damage.To create a stone golem, you must spend 90 days, working without interruption with the manual at hand and resting no more than 8 hours per day. You must also pay 80,000 gp to purchase supplies.Once you finish creating the golem, the book is consumed in eldritch flames. The golem becomes animate when the ashes of the manual are sprinkled on it. It is under your control, and it understands and obeys your spoken commands."
"Mariner's Armor","DMG'24","278","uncommon","Generic Variant","","","","","","","While wearing this armor, you have a Swim Speed equal to your Speed. In addition, if you start your turn underwater with 0 Hit Points, you immediately regain 1d4 Hit Points. The armor can't heal anyone again until the next dawn.The armor is decorated with fish and shell motifs. Base items. This item variant can be applied to the following base items:Breastplate (Mariner's Breastplate)Chain Mail (Mariner's Chain Mail)Chain Shirt (Mariner's Chain Shirt)Half Plate Armor (Mariner's Half Plate Armor)Hide Armor (Mariner's Hide Armor)Leather Armor (Mariner's Leather Armor)Padded Armor (Mariner's Padded Armor)Plate Armor (Mariner's Plate Armor)Ring Mail (Mariner's Ring Mail)Scale Mail (Mariner's Scale Mail)Splint Armor (Mariner's Splint Armor)Studded Leather Armor (Mariner's Studded Leather Armor)"
"Mask of Changed Appearance","NF","undefined","common","Wondrous Item","","","","","","","This jeweled mask has 3 charges. As a Magic action, you can expend 1 charge and change your face's appearance. You can't make yourself look like a different person, but you can smooth or deepen your wrinkles, whiten your teeth, hide or accentuate bags under your eyes, or perform other minor cosmetic changes. While your appearance is changed, the mask has the Invisible condition. Your changed appearance lasts 1 hour. Regaining Charges. The mask regains 1d3 expended charges daily at dawn. If you expend the last charge, roll 1d20. On a 1, the mask explodes in a harmless cloud of sweet-swelling powder and is destroyed."
"Mask of the Dragon Queen","RoT","94","artifact","Wondrous Item","requires attunement","","","","","","Individually, the five dragon masks resemble the dragons they are named for. When two or more of the dragon masks are assembled, however, they transform magically into the Mask of the Dragon Queen. Each mask shrinks to become the modeled head of a chromatic dragon, appearing to roar its devotion to Tiamat where all the masks brought together are arranged crown-like on the wearer's head. Below the five masks, a new mask shapes itself, granting the wearer a draconic visage that covers the face, neck, and shoulders.While you are attuned to and wear this mask, you can have any of the properties from any one mask. Additionally, you gain the Damage Absorption from each of the five dragon masks, and you gain five uses of the Legendary Resistance property."
"Masquerade Tattoo","TCE","131","common","Wondrous Item (Tattoo)","requires attunement","","","","","","Produced by a special needle, this magic tattoo appears on your body as whatever you desire. Tattoo Attunement. To attune to this item, you hold the needle to your skin where you want the tattoo to appear, pressing the needle there throughout the attunement process. When the attunement is complete, the needle turns into the ink that becomes the tattoo, which appears on the skin.If your attunement to the tattoo ends, the tattoo vanishes, and the needle reappears in your space. Fluid Ink. As a bonus action, you can shape the tattoo into any color or pattern and move it to any area of your skin. Whatever form it takes, it is always obviously a tattoo. It can range in size from no smaller than a copper piece to an intricate work of art that covers all your skin. Disguise Self. As an action, you can use the tattoo to cast the disguise self spell (DC 13 to discern the disguise). Once the spell is cast from the tattoo, it can't be cast from the tattoo again until the next dawn."
"Matalotok","BGDIA","224","legendary","Weapon (Warhammer), Martial Weapon, Melee Weapon","requires attunement","1d8 Bludgeoning","versatile (1d10), range 20/60 ft.","","2 lb.","","Matalotok, the Frost Father, is an ancient hammer fashioned by Thrym, the god of frost giants. The favored weapon of the demon lord Kostchtchie, Matalotok is frigid to the touch and wreathed in mist.You are immune to cold damage while holding Matalotok. Whenever it deals damage to a creature, the hammer radiates a burst of intense cold in a 30-foot-radius sphere. Each creature in that area takes 10 (3d6) cold damage. Versatile. This weapon can be used with one or two hands. A damage value in parentheses appears with the property—the damage when the weapon is used with two hands to make a melee attack."
"Medallion of Thoughts","DMG'24","278","uncommon","Wondrous Item","requires attunement","","","","1 lb.","","The medallion has 5 charges. While wearing it, you can expend 1 charge to cast Detect Thoughts (save DC 13) from it. The medallion regains 1d4 expended charges daily at dawn."
"Mighty Servant of Leuk-o","TCE","131","artifact","Wondrous Item","requires attunement","","","","","","Named for the warlord who infamously employed it, the Mighty Servant of Leuk-o is a fantastically powerful, 10-foot-tall machine that turns into an animate construct when piloted. Crafted of a gleaming black alloy of unknown origin, the servant is often described as a combination of a disproportioned dwarf and an oversized beetle. The servant contains enough space for 1 ton of cargo and a crew compartment within, from which up to two Medium creatures can control it-and potentially execute a spree of unstoppable destruction.Tales of the servant's origins involve more conjecture than fact, often referring to otherworldly beings, the mysterious Barrier Peaks in Oerth, and the supposedly related device known as the Machine of Lum the Mad. The best details on the device's origins and operation can be found in the Mind of Metal, a tome of artificer's secrets that connects the device to the traditions of the lost Olman people, and which was written by Lum the Mad's several times over granddaughter, Lum the Maestro, while she reconstructed the long disassembled Mighty Servant of Leuk-o. Dangerous Attunement. Two creatures can be attuned to the servant at a time. If a third creature tries to attune to it, nothing happens.The servant's controls are accessed by a hatch in its upper back, which is easily opened while there are no creatures attuned to the artifact.Attuning to the artifact requires two hours, which can be undertaken as part of a long rest, during which time you must be inside the servant, interacting with its controls. While crew members are attuning themselves, any creature or structure outside and within 50 feet of the servant has a 25 percent chance of being accidentally targeted by one of its Destructive Fist attacks once during the attunement. This process must be undergone every time a creature attunes itself to the artifact. Controlling the Servant. While any creatures are attuned to the artifact, attuned creatures can open the hatch as easily as any other door. Other creatures can open the hatch as an action with a successful DC 25 Dexterity check using thieves' tools. A knock spell cast on the hatch also opens it until the start of the caster's next turn.A creature can enter or exit through the hatch by spending 10 feet of movement. Those inside the servant have total cover from effects originating outside it. The controls within it allow creatures to see outside without obstruction.While you are inside the servant, you can command it by using the controls. During your turn (for either attuned creature), you can command it in the following ways:Open or close the hatch (no action required, once per turn)Move the servant up to its speed (no action required)As an action, you can command the servant to take one of the actions in its stat block or some other action.When a creature provokes an opportunity attack from the servant, you can use your reaction to command the servant to make one Destructive Fist attack against that creature.While there are no attuned creatures inside the servant, it is an inert object. Ghost in the Machine. Upon his death, the soul of the mighty warlord Leuk-o was drawn into the artifact and has become its animating force. The servant has been known to attack or move of its own accord, particularly if doing so will cause destruction. Once every 24 hours, the servant, at the DM's discretion, takes one action while uncrewed.If the servant loses half of its hit points or more, each creature attuned to it must succeed on a DC 20 Wisdom saving throw or be charmed for 24 hours. While charmed in this way, the creature goes on a destructive spree, seeking to destroy structures and attack any unattuned creatures within sight of the servant, starting with those threatening the artifact-preferably using the servant, if possible. Self-Destruct. By inputting a specific series of lever pulls and button presses, the servant's two crew members can cause it to explode. The self-destruct code is not revealed to crew members when they attune to the artifact. If the code is discovered (the DM determines how), it requires two attuned crew members to be inside the servant and spend their actions on 3 consecutive rounds performing the command. Should the crew members begin the process of entering the code, though, the servant uses its Ghost in the Machine property and turns the crew members against each other.If the crew members successfully implement the code, at the end of the third round, the servant explodes. Every creature in a 100-foot-radius sphere centered on the servant must make a DC 25 Dexterity saving throw. On a failed save, a creature takes 87 (25d6) force damage, 87 (25d6) lightning damage, and 87 (25d6) thunder damage. On a successful save, a creature takes half as much damage. Objects and structures in the area take triple damage. Creatures inside the servant are slain instantly and leave behind no remains.This does not destroy the servant permanently. Rather, 2d6 days later, its parts—left arm, left leg, right arm, right leg, lower torso, and upper torso—drop from the sky in random places within 1,000 miles of the explosion. If brought within 5 feet of one another, the pieces reconnect and reform the servant. Destroying the Servant. The servant can be destroyed in two ways. After it has self-destructed, its disconnected pieces can be melted down in one of the forge-temples of its ancient Olman creators. Alternatively, if the servant strikes the Machine of Lum the Mad, both artifacts explode in an eruption that is three times the size and three times the damage as the servant's self-destruct property."
"Mind Blade","VGM","81","rare","Generic Variant","requires attunement by a specific individual","","","","","","Mind flayers can turn any nonmagical sword into a mind blade. Only one creature can attune to it: either a specific mind flayer or one of its thralls. In the hands of any other creature, the mind blade functions as a normal sword of its kind. In the hands of its intended wielder, the mind blade is a magic weapon that deals an extra 2d6 psychic damage to any target it hits. Base items. This item variant can be applied to the following base items:Double-Bladed Scimitar (Mind Blade Double-Bladed Scimitar)Greatsword (Mind Blade Greatsword)Longsword (Mind Blade Longsword)Rapier (Mind Blade Rapier)Scimitar (Mind Blade Scimitar)Shortsword (Mind Blade Shortsword)"
"Mind Carapace Armor","VGM","81","uncommon","Generic Variant","requires attunement by a specific individual","","","","","","Any nonmagical suit of heavy armor can be turned by mind flayers into mind carapace armor. Only one creature can attune to it: either a specific mind flayer or one of its thralls. While worn by any other creature, the mind carapace armor functions as normal armor of its kind. To its intended wearer, the armor grants advantage on Intelligence, Wisdom, and Charisma saving throws and makes its wearer immune to the frightened condition. Base items. This item variant can be applied to the following base items:Chain Mail (Mind Carapace Chain Mail)Plate Armor (Mind Carapace Plate Armor)Ring Mail (Mind Carapace Ring Mail)Splint Armor (Mind Carapace Splint Armor)"
"Mind Lash","VGM","81","rare","Melee Weapon","requires attunement by a mind flayer","1d4 Slashing","finesse, reach","","3 lb.","","In the hands of any creature other than a mind flayer, a mind lash functions as a normal whip. In the hands of an illithid, this magic weapon strips away a creature's will to survive as it also strips away flesh, dealing an extra 2d4 psychic damage to any target it hits. Any creature that takes psychic damage from the mind lash must also succeed on a DC 15 Wisdom saving throw or have disadvantage on Intelligence, Wisdom, and Charisma saving throws for 1 minute. The creature can repeat the saving throw at the end of each of its turns, ending the effect on itself on a success. Finesse. When making an attack with a finesse weapon, you use your choice of your Strength or Dexterity modifier for the attack and damage rolls. You must use the same modifier for both rolls. Reach. This weapon adds 5 feet to your reach when you attack with it. This property also determines your reach for opportunity attacks with a reach weapon."
"Mind Sharpener","EFA","112","uncommon","Ring","requires attunement","","","","","","The item has 4 charges. When you fail a Constitution saving throw to maintain Concentration, you can take a Reaction and expend 1 of the item's charges to succeed instead. The item regains 1d4 expended charges daily at dawn."
"Mirror of Life Trapping","DMG'24","278","very rare","Wondrous Item","","","","","50 lb.","","When this 4-foot-tall, 2-foot-wide mirror is viewed indirectly, its surface shows faint images of creatures. The mirror weighs 50 pounds, and it has AC 11, HP 10, Immunity to Poison and Psychic damage, and Vulnerability to Bludgeoning damage. It shatters and is destroyed when reduced to 0 Hit Points.If the mirror is hanging on a vertical surface and you are within 5 feet of it, you can take a Magic action and use a command word to activate it. It remains activated until you take a Magic action and repeat the command word to deactivate it.Any creature other than you that sees its reflection in the activated mirror while within 30 feet of the mirror must succeed on a DC 15 Charisma saving throw or be trapped, along with anything it is wearing or carrying, in one of the mirror's twelve extradimensional cells. A creature that knows the mirror's nature makes the save with Advantage, and Constructs succeed on the save automatically.An extradimensional cell is an infinite expanse filled with thick fog that reduces visibility to 10 feet. Creatures trapped in the mirror's cells don't age, and they don't need to eat, drink, or sleep. A creature trapped within a cell can escape using magic that permits planar travel. Otherwise, the creature is confined to the cell until freed.If the mirror traps a creature but its twelve extradimensional cells are already occupied, the mirror frees one trapped creature at random to accommodate the new prisoner. A freed creature appears in an unoccupied space within sight of the mirror but facing away from it. If the mirror is shattered, all creatures it contains are freed and appear in unoccupied spaces near it.While within 5 feet of the mirror, you can take a Magic action to name one creature trapped in it or call out a particular cell by number. The creature named or contained in the named cell appears as an image on the mirror's surface. You and the creature can then communicate.In a similar way, you can take a Magic action and use a second command word to free one creature trapped in the mirror. The freed creature appears, along with its possessions, in the unoccupied space nearest to the mirror and facing away from it.Placing the mirror inside an extradimensional space created by a Bag of Holding, Portable Hole, or similar item instantly destroys both items and opens a gate to the Astral Plane. The gate originates where the one item was placed inside the other. Any creature within 10 feet of the gate and not behind Total Cover is sucked through it to a random location on the Astral Plane. The gate then closes. The gate is one-way only and can't be reopened."
"Mithral +1 Armor","AI","156","rare","Generic Variant","","","","","","","You have a +1 bonus to AC while wearing this armor.Mithral is a light, flexible metal. A mithral chain shirt or breastplate can be worn under normal clothes. If the armor normally imposes disadvantage on Dexterity (Stealth) checks or has a Strength requirement, the mithral version of the armor doesn't. Base items. This item variant can be applied to the following base items:Breastplate (Mithral +1 Breastplate)Chain Mail (Mithral +1 Chain Mail)Chain Shirt (Mithral +1 Chain Shirt)Half Plate Armor (Mithral +1 Half Plate Armor)Plate Armor (Mithral +1 Plate Armor)Ring Mail (Mithral +1 Ring Mail)Scale Mail (Mithral +1 Scale Mail)Spiked Armor (Mithral +1 Spiked Armor)Splint Armor (Mithral +1 Splint Armor)"
"Mithral Armor","DMG'24","279","uncommon","Generic Variant","","","","","","","Mithral is a light, flexible metal. A mithral chain shirt or breastplate can be worn under normal clothes.If the armor normally imposes disadvantage on Dexterity (Stealth) checks or has a Strength requirement, the mithral version of the armor doesn't. Base items. This item variant can be applied to the following base items:Breastplate (Mithral Breastplate)Chain Mail (Mithral Chain Mail)Chain Shirt (Mithral Chain Shirt)Half Plate Armor (Mithral Half Plate Armor)Plate Armor (Mithral Plate Armor)Ring Mail (Mithral Ring Mail)Scale Mail (Mithral Scale Mail)Splint Armor (Mithral Splint Armor)"
"Moon-Touched Sword","DMG'24","280","common","Generic Variant","","","","","","","In Darkness, the unsheathed blade of this weapon sheds moonlight, creating Bright Light in a 15-foot radius and Dim Light for an additional 15 feet. Base items. This item variant can be applied to the following base items:Double-Bladed Scimitar (Moon-Touched Double-Bladed Scimitar)Greatsword (Moon-Touched Greatsword)Longsword (Moon-Touched Longsword)Rapier (Moon-Touched Rapier)Scimitar (Moon-Touched Scimitar)Shortsword (Moon-Touched Shortsword)"
"Moonblade","DMG'24","279","legendary","Generic Variant","requires attunement by a creature of the weapon's choice","","","","","","Of all the magic items created by elves, one of the most prized and jealously guarded is a Moonblade. In ancient times, nearly all elven noble houses claimed one such weapon. Over the centuries, some of these weapons have faded from the world, their magic lost as family lines have become extinct. Others have vanished with their bearers during great quests. Thus, only a few of these weapons remain.Every Moonblade longs for a bearer whose disposition and goals are compatible with its own. If you try to attune to a Moonblade that doesn't want you as its bearer, the weapon not only rejects you but also places a curse on you, causing you to make D20 Tests with Disadvantage for 24 hours or until the curse is ended by a Remove Curse spell or similar magic. If you're accepted by the weapon and try to attune to it, you become attuned to it instantly, and a new rune appears on it. You remain attuned to the weapon until you die or the weapon is destroyed. A Moonblade functions like a nonmagical weapon of its kind for anyone other than its chosen bearer.A Moonblade has one rune on it for each bearer it has willingly served (typically 1d6 + 1). The first rune grants a +1 bonus to attack rolls and damage rolls made with this magic weapon. Each rune beyond the first grants the Moonblade an additional property. The DM chooses each property or determines it randomly by rolling on the Moonblade Properties table. Minor Property. In addition to its aforementioned properties, each Moonblade has a minor property determined by rolling on the Magic Item's Minor Property table. Sentience. A Moonblade is a sentient weapon with an Intelligence of 12, a Wisdom of 10, and a Charisma of 12. It has hearing and Darkvision out to 120 feet. Its alignment matches that of its creator.The weapon communicates by transmitting emotions, sending a tingling sensation through the wielder's hand when it wants to communicate something it has sensed. It can communicate through visions or dreams when the wielder is either in a trance or asleep. Personality. A Moonblade has a personality similar to that of its creator. Once a Moonblade has decided on an owner, it believes that only that person should wield it, even if the bearer's alignment differs from that of the weapon's or the bearer's goals later clash with the weapon's goals.Moonblade Properties1d100Property01-60Increase the weapon's bonus to attack rolls and damage rolls by 1, to a maximum of +3. Reroll if the Moonblade already has a +3 bonus.61-75When you hit with an attack roll using the Moonblade, you deal an extra 1d6 Force damage. Each time the weapon gains this property after the first, the extra damage increases by 1d6, to a maximum of 3d6. Reroll if the Moonblade already deals an extra 3d6 Force damage on a hit.76-80The Moonblade gains Thrown with a normal range of 20 feet and a long range of 60 feet. Each time you throw the weapon, it flies back to your hand after the attack.81-85The Moonblade scores a Critical Hit on a roll of 19 or 20 on the d20.86-95You can take a Bonus Action to cause the Moonblade to flash brightly. Each other creature that is within 30 feet of you and not behind Total Cover must succeed on a DC 15 Constitution saving throw or have the Blinded condition for 1 minute. A creature repeats the save at the end of each of its turns, ending the effect on itself on a success. You can't use this property again until you finish a Short or Long Rest.96-99The Moonblade has the properties of a Ring of Spell Storing.100You can take a Magic action to conjure a spectral entity that resembles a shadowy elf if you don't already have one serving you. The entity appears in an unoccupied space within 120 feet of you. It uses the Shadow stat block with these changes: it is a Fey, has a Neutral alignment, and doesn't create new shadows. You control this entity, deciding how it acts and moves. It remains until it drops to 0 Hit Points or you dismiss it as a Magic action. Base items. This item variant can be applied to the following base items:Greatsword (Moonblade Greatsword)Longsword (Moonblade Longsword)Rapier (Moonblade Rapier)Scimitar (Moonblade Scimitar)Shortsword (Moonblade Shortsword)"
"Mystery Key","DMG'24","280","common","Wondrous Item","","","","","","","A question mark is worked into the head of this key. The key has a 5 percent chance of unlocking any lock into which it's inserted. Once it unlocks something, the key disappears."
"Mythallar Bracelet","NF","undefined","common","Wondrous Item","","","","","","","Three small, crystal beads made from a decommissioned mythallar are strung on this leather bracelet. As a Magic action, you can pluck one bead from the bracelet to gain Advantage on Strength (Athletics) checks for 1 minute.A bead disappears immediately after it's plucked. Once all three beads have been plucked, the bracelet loses its magic."
"Mythallar Cloak","NF","undefined","rare","Wondrous Item","requires attunement","","","","","","This electric-blue cloak is studded with sewn-in crystals that are shards of a decommissioned mythallar. The cloak has 10 charges and regains 1d10 expended charges daily at dawn.While wearing the cloak, you can take a Bonus Action and expend 1 charge to activate the cloak's magic. The magic lasts for 1 minute or until you end it early (no action required).While the cloak's magic is active, you gain a Fly Speed of 30 feet and can hover. Additionally, once on each of your turns when you hit a creature with an attack roll and deal damage, you can cause the target to take an extra 1d4 Radiant damage. If you are aloft when the cloak's magic ends, you fall."
"Nature's Mantle","DMG'24","280","uncommon","Wondrous Item, Spellcasting Focus","requires attunement by a druid or ranger","","","","","","This cloak shifts color and texture to blend with the terrain surrounding you. While wearing the cloak, you can use it as a Spellcasting Focus for your Druid and Ranger spells.While you are in an area that is Lightly Obscured, you can Hide as a Bonus Action even if you are being directly observed."
"Necklace of Adaptation","DMG'24","280","uncommon","Wondrous Item","requires attunement","","","","1 lb.","","While wearing this necklace, you can breathe normally in any environment, and you have Advantage on saving throws made to avoid or end the Poisoned condition."
"Necklace of Fireballs","DMG'24","280","rare","Wondrous Item","","","","","1 lb.","","This necklace has 1d6 + 3 beads hanging from it. You can take a Magic action to detach a bead and throw it up to 60 feet away. When it reaches the end of its trajectory, the bead detonates as a level 3 Fireball (save DC 15).You can hurl multiple beads, or even the whole necklace, at one time. When you do so, increase the damage of the Fireball by 1d6 for each bead after the first (maximum 12d6)."
"Necklace of Prayer Beads","DMG'24","281","rare","Wondrous Item","requires attunement by a cleric, druid, or paladin","","","","1 lb.","","This necklace has 1d4 + 2 magic beads made from aquamarine, black pearl, or topaz. It also has many nonmagical beads made from stones such as amber, bloodstone, citrine, coral, jade, pearl, or quartz. If a magic bead is removed from the necklace, that bead loses its magic.Six types of magic beads exist. The DM decides the type of each bead on the necklace or determines it randomly by rolling on the table below. A necklace can have more than one bead of the same type. To use one, you must be wearing the necklace. Each bead contains a spell that you can cast from it as a Bonus Action (using your spell save DC if a save is necessary). Once a magic bead's spell is cast, that bead can't be used again until the next dawn.1d20BeadSpell1-6Bead of BlessingBless7-12Bead of CuringCure Wounds (level 2 version)13-16Bead of FavorGreater Restoration17-18Bead of SmitingShining Smite19Bead of SummonsGuardian of Faith20Bead of Wind WalkingWind Walk"
"Necrotic Absorbing Tattoo","TCE","119","very rare","Wondrous Item (Tattoo)","requires attunement","","","","","","Produced by a special needle, this magic tattoo features designs that emphasize one color (black). Tattoo Attunement. To attune to this item, you hold the needle to your skin where you want the tattoo to appear, pressing the needle there throughout the attunement process. When the attunement is complete, the needle turns into the ink that becomes the tattoo, which appears on the skin.If your attunement to the tattoo ends, the tattoo vanishes, and the needle reappears in your space. Damage Resistance. While the tattoo is on your skin, you have resistance to necrotic damage. Damage Absorption. When you take necrotic damage, you can use your reaction to gain immunity against that instance of the damage, and you regain a number of hit points equal to half the damage you would have taken. Once this reaction is used, it can't be used again until the next dawn."
"Nine Lives Stealer","DMG'24","281","very rare","Generic Variant","requires attunement","","","","","","You gain a +2 bonus to attack rolls and damage rolls made with this magic weapon. Life Stealing. The weapon has 1d8 + 1 charges. When you attack a creature that has fewer than 100 Hit Points with this weapon and roll a 20 on the d20 for the attack roll, the creature must succeed on a DC 15 Constitution saving throw or be slain instantly as the sword tears its life force from its body. Constructs and Undead succeed on the save automatically. The weapon loses 1 charge if the creature is slain. When the weapon has no charges remaining, it loses this property. Base items. This item variant can be applied to the following base items:Antimatter Rifle (Nine Lives Stealer Antimatter Rifle)Automatic Rifle (Nine Lives Stealer Automatic Rifle)Battleaxe (Nine Lives Stealer Battleaxe)Blowgun (Nine Lives Stealer Blowgun)Club (Nine Lives Stealer Club)Dagger (Nine Lives Stealer Dagger)Dart (Nine Lives Stealer Dart)Double-Bladed Scimitar (Nine Lives Stealer Double-Bladed Scimitar)Flail (Nine Lives Stealer Flail)Glaive (Nine Lives Stealer Glaive)Greataxe (Nine Lives Stealer Greataxe)Greatclub (Nine Lives Stealer Greatclub)Greatsword (Nine Lives Stealer Greatsword)Halberd (Nine Lives Stealer Halberd)Hand Crossbow (Nine Lives Stealer Hand Crossbow)Handaxe (Nine Lives Stealer Handaxe)Heavy Crossbow (Nine Lives Stealer Heavy Crossbow)Hooked Shortspear (Nine Lives Stealer Hooked Shortspear)Hoopak (Nine Lives Stealer Hoopak)Hunting Rifle (Nine Lives Stealer Hunting Rifle)Javelin (Nine Lives Stealer Javelin)Lance (Nine Lives Stealer Lance)Laser Pistol (Nine Lives Stealer Laser Pistol)Laser Rifle (Nine Lives Stealer Laser Rifle)Light Crossbow (Nine Lives Stealer Light Crossbow)Light Hammer (Nine Lives Stealer Light Hammer)Light Repeating Crossbow (Nine Lives Stealer Light Repeating Crossbow)Longbow (Nine Lives Stealer Longbow)Longsword (Nine Lives Stealer Longsword)Mace (Nine Lives Stealer Mace)Maul (Nine Lives Stealer Maul)Morningstar (Nine Lives Stealer Morningstar)Musket (Nine Lives Stealer Musket)Pike (Nine Lives Stealer Pike)Pistol (Nine Lives Stealer Pistol)Quarterstaff (Nine Lives Stealer Quarterstaff)Rapier (Nine Lives Stealer Rapier)Revolver (Nine Lives Stealer Revolver)Scimitar (Nine Lives Stealer Scimitar)Semiautomatic Pistol (Nine Lives Stealer Semiautomatic Pistol)Shortbow (Nine Lives Stealer Shortbow)Shortsword (Nine Lives Stealer Shortsword)Shotgun (Nine Lives Stealer Shotgun)Sickle (Nine Lives Stealer Sickle)Sling (Nine Lives Stealer Sling)Spear (Nine Lives Stealer Spear)Staff (Nine Lives Stealer Staff)Trident (Nine Lives Stealer Trident)War Pick (Nine Lives Stealer War Pick)Warhammer (Nine Lives Stealer Warhammer)Whip (Nine Lives Stealer Whip)Wooden Staff (Nine Lives Stealer Wooden Staff)Yklwa (Nine Lives Stealer Yklwa)"
"Nolzur's Marvelous Pigments","DMG'24","281","very rare","Wondrous Item","","","","","","","This fine wooden box contains 1d4 pots of pigment and a brush (weighing 1 pound in total). Using the brush and expending 1 pot of pigment, you can paint any number of three-dimensional objects and terrain features (such as walls, doors, trees, flowers, weapons, webs, and pits), provided these elements are all confined to a 20-foot Cube. The effort takes 10 minutes (regardless of the number of elements you create), during which time you must remain in the Cube, and requires Concentration. If your Concentration is broken or you leave the Cube before the work is done, all the painted elements vanish, and the pot of pigment is wasted.When the work is done, all the painted objects and terrain features become real. Thus, painting a door on a wall creates an actual door, which can be opened to whatever is beyond. Painting a pit creates a real pit, the entire depth of which must lie within the 20-foot Cube.No object created by a pot of pigment can have a value greater than 25 GP, and the total value of all objects created by a pot of pigment can't exceed 500 GP. If you paint objects of greater value (such as a large pile of gold), they look authentic, but close inspection reveals they're made from paste, cookies, or some other worthless material.If you paint a form of energy such as fire or lightning, the energy dissipates as soon as you complete the painting, doing no harm."
"Oathbow","DMG'24","282","very rare","Generic Variant","requires attunement","","","","","","When you nock an arrow on this bow, it whispers in Elvish, ""Swift defeat to my enemies."" When you use this weapon to make a ranged attack, you can utter or sign the following command words: ""Swift death to you who have wronged me."" The target of your attack becomes your sworn enemy until it dies or until dawn 7 days later. You can have only one such sworn enemy at a time. When your sworn enemy dies, you can choose a new one after the next dawn.When you make a ranged attack roll with this weapon against your sworn enemy, you have Advantage on the roll. In addition, your target gains no benefit from Half Cover or Three-Quarters Cover, and you suffer no Disadvantage due to long range. If the attack hits, your sworn enemy takes an extra 3d6 Piercing damage.While your sworn enemy lives, you have Disadvantage on attack rolls with all other weapons. Base items. This item variant can be applied to the following base items:Longbow (Oath Longbow)Shortbow (Oath Shortbow)"
"Obsidian Flint Dragon Plate","BGDIA","224","legendary","Heavy Armor (Plate Armor)","","AC 18","","","65 lb.","","You gain a +2 bonus to AC and resistance to poison damage while you wear this armor. In addition, you gain advantage on ability checks and saving throws made to avoid or end the grappled condition on yourself.The wearer has Disadvantage on Dexterity (Stealth) checks.If the wearer has a Strength score lower than 15, their speed is reduced by 10 feet."
"Obviator's Lenses","AI","30","varies","Wondrous Item","","","","","","","Also at rank 2, you gain the use of an uncommon magic item taking the form of a pair of spectacles, a spyglass, a monocle, or any other device with one or two lenses. When you look through the obviator's lenses, you use a bonus action to make them function as eyes of minute seeing or eyes of the eagle. Once you make this choice, it cannot be changed until the next dawn. Enhanced Lenses. At rank 4, your obviator's lenses gain additional power and become a rare magic item. The lenses now function as both eyes of the eagle and eyes of minute seeing.Additionally, you can focus the power of the lenses to gain accuracy in combat, gaining advantage on a weapon attack roll (no action required). If that attack hits, roll one additional weapon damage die. This property of the lenses can't be used again until the next dawn."
"Occultant Abacus","AI","31","varies","Wondrous Item","requires attunement","","","","","","Head office grants you the use of a unique item known as an occultant abacus (sometimes just referred to as an occultant), whose beads resemble tiny skulls. Read the Kill. Also at rank 1, your occultant abacus not only tracks your franchise's kills, it helps you determine the impact of those kills on the franchise's fate. Over a period of 1 minute, you can study a creature killed by someone in your franchise within the last 24 hours, then grant the character who slew it a d10. Once within the next hour, that character can add the d10 to an attack roll, ability check, or saving throw. If it's not clear who administered the killing blow, you grant this benefit to a random creature involved in the fight. Once you use this feature, you can't use it again until you finish a long rest.d6Reading1Using a tiny bellows to pump one last breath into a corpse.2Reading the entrails with special reading-the-entrails glasses.3Burning a small piece of the body and looking for shapes in the smoke.4A cautious, reasoned, professional guesstimate.5Careful measurements. The distance between nostrils. The difference between the index finger and the middle finger. The elasticity of the ear lobe.6You take a long, careful look, and then decide based on which fellow franchisee has been nice to you lately. Eldritch Occultant. Starting at rank 2, your occultant abacus becomes an uncommon magic item that can track lives both eliminated and saved. While holding your occultant abacus within 5 feet of a creature killed within the past 24 hours, you can cast the augury spell. The course of action you inquire about with the spell does not need to have any connection to the dead creature. This property of the occultant abacus can't be used again until the next dawn. Bring Out Your Dead. Also at rank 2, you regain the use of your Read the Kill feature after you finish a short or long rest. Bead of Instant Karma. At rank 3, one of the beads on your occultant abacus channels the power of instant karma, turning the occultant abacus into a rare magic item. As a reaction, you can target one creature you can see that is about to attempt an ability check, attack roll, or saving throw, either granting advantage or imposing disadvantage on the roll. The bead crumbles to dust when used, reappearing on your occultant abacus at the next dawn. Bead of Diverted Karma. At rank 4, one of the beads on your occultant abacus allows you to divert karma to where it's needed, turning the occultant abacus into a very rare magic item. While the bead is unused, you know automatically when any creature you can see is about to make an ability check, attack roll, or saving throw with disadvantage. When such a roll is made, you can use a reaction to grant a d10 to a different creature you can see. That creature can add the d10 to any ability check, attack roll, or saving throw it makes within the next minute. The bead crumbles to dust when used, reappearing on your occultant abacus at the next dawn. Correct the Balance. As a rank 4 occultant, you learn that sometimes the death of a creature has unintended consequences. Within seven days of a creature's death, you can use your occultant abacus to divine ways to reverse or mitigate events resulting from that death. As an action, make a DC 15 Intelligence (Religion) check. On a success, you learn the relevant information based on the nature of the creature and its place in the world.If you fail the check, this property of the occultant abacus can't be used again until the next dawn. If you succeed on the check, this property can't be used again until dawn seven days later."
"Oil of Etherealness","DMG'24","282","rare","Potion","","","","","½ lb.","","One vial of this oil can cover one Medium or smaller creature, along with the equipment it's wearing and carrying (one additional vial is required for each size category above Medium). Applying the oil takes 10 minutes. The affected creature then gains the effect of the Etherealness spell for 1 hour.Beads of this cloudy, gray oil form on the outside of its container and quickly evaporate."
"Oil of Sharpness","DMG'24","282","very rare","Potion","","","","","½ lb.","","One vial of this oil can coat one Melee weapon or twenty pieces of ammunition, but only ammunition and Melee weapons that are nonmagical and deal Slashing or Piercing damage are affected. Applying the oil takes 1 minute, after which the oil magically seeps into whatever it coats, turning the coated weapon into a +3 Weapon or the coated ammunition into +3 Ammunition.This clear, gelatinous oil sparkles with tiny, ultrathin silver shards."
"Oil of Slipperiness","DMG'24","283","uncommon","Potion","","","","","½ lb.","","One vial of this oil can cover one Medium or smaller creature, along with the equipment it's wearing and carrying (one additional vial is required for each size category above Medium). Applying the oil takes 10 minutes. The affected creature then gains the effect of the Freedom of Movement spell for 8 hours.Alternatively, the oil can be poured on the ground as a Magic action, where it covers a 10-foot square, duplicating the effect of the Grease spell in that area for 8 hours.This sticky, black unguent is thick and heavy, but it flows quickly when poured."
"Orb of Direction","DMG'24","283","common","Wondrous Item","","","","","3 lb.","","This orb can be used as an Arcane Focus.While holding this orb, you can take a Magic action to determine which way is magnetic north. Nothing happens if the orb is used in a location that has no magnetic north."
"Orb of Dragonkind","DMG'24","283","artifact","Wondrous Item","requires attunement","","","","3 lb.","","Long ago, in the Dragonlance setting, elves and humans waged a terrible war against chromatic dragons. When the world seemed doomed, the wizards of the Towers of High Sorcery came together and forged five Orbs of Dragonkind to help defeat the dragons. One orb was taken to each of the five towers, and there they were used to speed the war toward a victorious end. The wizards used the orbs to lure dragons to them, then destroyed the dragons with powerful magic.As the Towers of High Sorcery fell in later ages, the orbs were destroyed or faded into legend, and only three are thought to survive. Their magic has been warped over the centuries. Their primary purpose of calling dragons still functions, but they also allow some measure of control over dragons.Each orb contains the essence of an evil dragon, a presence that resents any attempt to coax magic from it. Those who try to wield an orb's magic but lack sufficient force of personality might find themselves under the orb's control.An orb is an etched crystal globe about 10 inches in diameter. When used, it grows to about 20 inches in diameter, and mist swirls inside it.While attuned to an orb, you can take a Magic action to peer into the orb's depths. You must then make a DC 15 Charisma saving throw. On a successful save, you control the orb for as long as you remain attuned to it. On a failed save, the orb imposes the Charmed condition on you for as long as you remain attuned to it.While you are Charmed by the orb, you can't voluntarily end your Attunement to it, and the orb casts Suggestion on you at will (save DC 18), urging you to work toward the evil ends it desires. The dragon essence within the orb might want many things: the annihilation of a particular society or organization, freedom from the orb, to spread suffering in the world, to advance the worship of Tiamat, or something else the DM decides. Random Properties. An Orb of Dragonkind has the following random properties:2 minor beneficial properties1 minor detrimental property1 major detrimental property Spells. The orb has 7 charges and regains 1d4 + 3 expended charges daily at dawn. If you control the orb, you can cast one of the spells on the following table from it. The table indicates how many charges you must expend to cast the spell.SpellCharge CostCure Wounds (level 9 version)4Daylight1Death Ward2Detect Magic0Scrying (save DC 18)3 Call Dragons. While you control the orb, you can take a Magic action to cause the orb to issue a telepathic call that extends in all directions for 40 miles. Chromatic dragons in range feel compelled to come to the orb as soon as possible by the most direct route. Dragon deities such as Tiamat are unaffected by this call. Chromatic dragons drawn to the orb might be Hostile toward you for compelling them against their will. Once you have used this property, it can't be used again for 1 hour. Destroying an Orb. An Orb of Dragonkind has AC 20 and is destroyed if it takes damage from a +3 Weapon or a Disintegrate spell. Nothing else can harm it."
"Orb of Shielding","ERLW","278","common","Wondrous Item, Spellcasting Focus","requires attunement","","","","3 lb.","","An orb of shielding is a polished, spherical chunk of crystal or stone aligned to one of the planes of existence. If you're a spellcaster, you can use this orb as a spellcasting focus.If you're holding the orb when you take damage of the type associated with the orb's material, you can use your reaction to reduce the damage by 1d4 (to a minimum of 0). The materials and their associated damage types are listed in the Orb of Shielding table.Orb of ShieldingPlanar MaterialDamage TypeFernian basaltFireIrian quartzRadiantKythrian SkarnAcid and poisonLamannian flintLightning and thunderMabaran obsidianNecroticRisian shaleColdShavarran chertForceXorian marblePsychicMultiple variations of this item exist, as listed below:Orb of Shielding (Fernian Basalt)Orb of Shielding (Irian Quartz)Orb of Shielding (Kythrian Skarn)Orb of Shielding (Lamannian Flint)Orb of Shielding (Mabaran Obsidian)Orb of Shielding (Risian Shale)Orb of Shielding (Shavarran Chert)Orb of Shielding (Xorian Marble)"
"Orb of Shielding (Fernian Basalt)","ERLW","278","common","Wondrous Item, Generic Variant","requires attunement","","","","","","An orb of shielding is a polished, spherical chunk of crystal or stone aligned to one of the planes of existence. If you're a spellcaster, you can use this orb as a spellcasting focus.If you're holding the orb when you take fire damage, you can use your reaction to reduce the damage by 1d4 (to a minimum of 0). Base items. This item variant can be applied to the following base items:Crystal (Fernian Basalt Crystal)Orb (Fernian Basalt Orb)"
"Orb of Shielding (Irian Quartz)","ERLW","278","common","Wondrous Item, Generic Variant","requires attunement","","","","","","An orb of shielding is a polished, spherical chunk of crystal or stone aligned to one of the planes of existence. If you're a spellcaster, you can use this orb as a spellcasting focus.If you're holding the orb when you take radiant damage, you can use your reaction to reduce the damage by 1d4 (to a minimum of 0). Base items. This item variant can be applied to the following base items:Crystal (Irian Quartz Crystal)Orb (Irian Quartz Orb)"
"Orb of Shielding (Kythrian Skarn)","ERLW","278","common","Wondrous Item, Generic Variant","requires attunement","","","","","","An orb of shielding is a polished, spherical chunk of crystal or stone aligned to one of the planes of existence. If you're a spellcaster, you can use this orb as a spellcasting focus.If you're holding the orb when you take acid or poison damage, you can use your reaction to reduce the damage by 1d4 (to a minimum of 0). Base items. This item variant can be applied to the following base items:Crystal (Kythrian Skarn Crystal)Orb (Kythrian Skarn Orb)"
"Orb of Shielding (Lamannian Flint)","ERLW","278","common","Wondrous Item, Generic Variant","requires attunement","","","","","","An orb of shielding is a polished, spherical chunk of crystal or stone aligned to one of the planes of existence. If you're a spellcaster, you can use this orb as a spellcasting focus.If you're holding the orb when you take lightning or thunder damage, you can use your reaction to reduce the damage by 1d4 (to a minimum of 0). Base items. This item variant can be applied to the following base items:Crystal (Lamannian Flint Crystal)Orb (Lamannian Flint Orb)"
"Orb of Shielding (Mabaran Obsidian)","ERLW","278","common","Wondrous Item, Generic Variant","requires attunement","","","","","","An orb of shielding is a polished, spherical chunk of crystal or stone aligned to one of the planes of existence. If you're a spellcaster, you can use this orb as a spellcasting focus.If you're holding the orb when you take necrotic damage, you can use your reaction to reduce the damage by 1d4 (to a minimum of 0). Base items. This item variant can be applied to the following base items:Crystal (Mabaran Obsidian Crystal)Orb (Mabaran Obsidian Orb)"
"Orb of Shielding (Risian Shale)","ERLW","278","common","Wondrous Item, Generic Variant","requires attunement","","","","","","An orb of shielding is a polished, spherical chunk of crystal or stone aligned to one of the planes of existence. If you're a spellcaster, you can use this orb as a spellcasting focus.If you're holding the orb when you take cold damage, you can use your reaction to reduce the damage by 1d4 (to a minimum of 0). Base items. This item variant can be applied to the following base items:Crystal (Risian Shale Crystal)Orb (Risian Shale Orb)"
"Orb of Shielding (Shavarran Chert)","ERLW","278","common","Wondrous Item, Generic Variant","requires attunement","","","","","","An orb of shielding is a polished, spherical chunk of crystal or stone aligned to one of the planes of existence. If you're a spellcaster, you can use this orb as a spellcasting focus.If you're holding the orb when you take force damage, you can use your reaction to reduce the damage by 1d4 (to a minimum of 0). Base items. This item variant can be applied to the following base items:Crystal (Shavarran Chert Crystal)Orb (Shavarran Chert Orb)"
"Orb of Shielding (Xorian Marble)","ERLW","278","common","Wondrous Item, Generic Variant","requires attunement","","","","","","An orb of shielding is a polished, spherical chunk of crystal or stone aligned to one of the planes of existence. If you're a spellcaster, you can use this orb as a spellcasting focus.If you're holding the orb when you take psychic damage, you can use your reaction to reduce the damage by 1d4 (to a minimum of 0). Base items. This item variant can be applied to the following base items:Crystal (Xorian Marble Crystal)Orb (Xorian Marble Orb)"
"Orb of Time","DMG'24","284","common","Wondrous Item","","","","","3 lb.","","This orb can be used as an Arcane Focus.While holding the orb, you can take a Magic action to determine whether it is morning, afternoon, evening, or nighttime. This property functions only on the Material Plane."
"Orrery of the Wanderer","AI","220","artifact","Wondrous Item, Other","requires attunement","","","","","","This delicate and exquisitely crafted clockwork orrery features multiple geared components whose sweeping hands and dials represent the complex interplay of planar and magical realms. Standing two feet high, the orrery housing is a wondrous device imbued with magic of its own, but the power of its six clockwork components makes the artifact even more potent.The Orrery of the Wanderer was created by a renowned clockwork mage known only as Lottie. She crafted the relic as a means of tapping into the power of the planes, and to channel the divination and foretelling powers of the stars. But Lottie soon realized that her creation was far more powerful than she had intended. As it tapped into planar magic, the orrery began to manifest the darkness and malevolence inherent to some of the planes. Eventually, it would impress upon its owner a desire to open portals into the most cursed and dangerous worlds, including the Far Realm.To prevent the orrery from ever being so used, Lottie scattered the components that powered it, secreting them across the world. But the orrery's instinct for survival is strong, and its components have a way of inexorably coming together over decades or centuries, found by treasure hunters, stolen by monsters, found and stolen again—and moving closer to each other all the time.Random Properties. The orrery has the following randomly determined properties:2 minor beneficial properties1 major beneficial property1 major detrimental propertiesThe random properties of the orrery might function only when all its components are installed, or might function sporadically if any components are missing. The Sum of Its Parts. Each of the six components that powers the Orrery of the Wanderer is a powerful magic relic in its own right:The chronolometerThe dimensional loopThe far gearThe rotor of returnThe timepiece of travelThe wheel of starsCreatures can attune to the orrery's components individually. If attuned to an individual component, a creature must hold the component to make use of its features. A creature can also attune to the orrery and all the components installed in it. Attuning to an installed component doesn't count against the number of magic items you can normally attune to.While a component is not installed in the orrery, its magic might function sporadically or with unpredictable side effects, as determined by the DM. Future Echoes. With or without its components, the orrery lets you catch momentary glimpses of the future that warn you of danger. As long as the orrery is within 30 feet of you, you gain a +1 bonus to AC. Into the Void. With or without its components, the attuned orrery infuses your spirit with the tumultuous energy of the planes. Over time, your alignment changes to chaotic neutral, and you are compelled to engage with and explore the most dangerous planar realms. Master of Travel. While all six components of the Orrery of the Wanderer are installed, the artifact has 7 charges. While touching the orrery, you can use an action and expend 1 or more charges to cast one of the following spells (save DC 17): contact other plane (3 charges), demiplane (6 charges), gate (7 charges), plane shift (5 charges), or teleportation circle (3 charges). The orrery regains 1d4 + 4 expended charges daily at dawn."
"Outer Essence Shard","TCE","133","rare","Wondrous Item, Spellcasting Focus","requires attunement by a sorcerer","","","","1 lb.","","This flickering crystal holds the essence of an Outer Plane. As an action, you can attach the shard to a Tiny object (such as a weapon or a piece of jewelry) or detach it. It falls off if your attunement to it ends. You can use the shard as a spellcasting focus while you hold or wear it.Roll a d4 and consult the Outer Essence Shards table to determine the shard's essence and property. When you use a Metamagic option on a spell while you are holding or wearing the shard, you can use that property.Outer Essence Shardsd4PropertyShard1LawfulOuter Essence Shard (Lawful)2ChaoticOuter Essence Shard (Chaotic)3GoodOuter Essence Shard (Good)4EvilOuter Essence Shard (Evil)"
"Outer Essence Shard (Chaotic)","TCE","133","rare","Wondrous Item, Spellcasting Focus","requires attunement by a sorcerer","","","","1 lb.","","This flickering crystal holds the essence of an Outer Plane. As an action, you can attach the shard to a Tiny object (such as a weapon or a piece of jewelry) or detach it. It falls off if your attunement to it ends. You can use the shard as a spellcasting focus while you hold or wear it.When you use a Metamagic option on a spell while you are holding or wearing the shard, you can use that property. Property. Choose one creature who takes damage from the spell. That target has disadvantage on attack rolls and ability checks made before the start of your next turn."
"Outer Essence Shard (Evil)","TCE","133","rare","Wondrous Item, Spellcasting Focus","requires attunement by a sorcerer","","","","1 lb.","","This flickering crystal holds the essence of an Outer Plane. As an action, you can attach the shard to a Tiny object (such as a weapon or a piece of jewelry) or detach it. It falls off if your attunement to it ends. You can use the shard as a spellcasting focus while you hold or wear it.When you use a Metamagic option on a spell while you are holding or wearing the shard, you can use that property. Property. Choose one creature who takes damage from the spell. That target takes an extra 3d6 necrotic damage."
"Outer Essence Shard (Good)","TCE","133","rare","Wondrous Item, Spellcasting Focus","requires attunement by a sorcerer","","","","1 lb.","","This flickering crystal holds the essence of an Outer Plane. As an action, you can attach the shard to a Tiny object (such as a weapon or a piece of jewelry) or detach it. It falls off if your attunement to it ends. You can use the shard as a spellcasting focus while you hold or wear it.When you use a Metamagic option on a spell while you are holding or wearing the shard, you can use that property. Property. You or one creature of your choice that you can see within 30 feet of you gains 3d6 temporary hit points."
"Outer Essence Shard (Lawful)","TCE","133","rare","Wondrous Item, Spellcasting Focus","requires attunement by a sorcerer","","","","1 lb.","","This flickering crystal holds the essence of an Outer Plane. As an action, you can attach the shard to a Tiny object (such as a weapon or a piece of jewelry) or detach it. It falls off if your attunement to it ends. You can use the shard as a spellcasting focus while you hold or wear it.When you use a Metamagic option on a spell while you are holding or wearing the shard, you can use that property. Property. You can end one of the following conditions affecting yourself or one creature you can see within 30 feet of you: charmed, blinded, deafened, frightened, poisoned, or stunned."
"Pearl of Power","DMG'24","284","uncommon","Wondrous Item","requires attunement by a spellcaster","","","","","","While this pearl is on your person, you can take a Magic action to regain one expended spell slot of level 3 or lower. Once you use the pearl, it can't be used again until the next dawn."
"Perfume of Bewitching","DMG'24","284","common","Wondrous Item","","","","","","","This tiny vial contains magic perfume, enough for one use. You can take a Magic action to apply the perfume to yourself, and its effect lasts 1 hour. For the duration, you have Advantage on all Charisma (Deception and Persuasion) checks made to influence a creature within 5 feet of yourself."
"Periapt of Health","DMG'24","284","uncommon","Wondrous Item","requires attunement","","","","1 lb.","","While wearing this pendant, you can take a Magic action to regain 2d4 + 2 Hit Points. Once used, this property can't be used again until the next dawn.In addition, you have Advantage on saving throws to avoid or end the Poisoned condition while you wear this pendant."
"Periapt of Proof against Poison","DMG'24","284","rare","Wondrous Item","requires attunement","","","","1 lb.","","This delicate silver chain has a brilliant-cut black gem pendant. While you wear it, you have Immunity to the Poisoned condition and Poison damage."
"Periapt of Wound Closure","DMG'24","284","uncommon","Wondrous Item","requires attunement","","","","1 lb.","","While wearing this pendant, you gain the following benefits. Life Preservation. Whenever you make a Death Saving Throw, you can change a roll of 9 or lower to a 10, turning a failed save into a successful one. Natural Healing Boost. Whenever you roll a Hit Point Die to regain Hit Points, double the number of Hit Points it restores."
"Philter of Love","DMG'24","285","uncommon","Potion","","","","","½ lb.","","The next time you see a creature within 10 minutes after drinking this philter, you are charmed by that creature and have the Charmed condition for 1 hour.This rose-hued, effervescent liquid contains one easy-to-miss bubble shaped like a heart."
"Piercer","AI","121","rare","Weapon (Shortsword), Martial Weapon, Melee Weapon","requires attunement","1d6 Piercing","finesse, light","","2 lb.","","You have a +1 bonus to attack and damage rolls made with this magic weapon.A character attuned to the sword regains the maximum possible number of hit points from expended Hit Dice. However, the attuned character must eat twice as much food each day (a minimum of 2 pounds) to avoid exhaustion (see ""The Environment"" in chapter 8 of the Player's Handbook.) Finesse. When making an attack with a finesse weapon, you use your choice of your Strength or Dexterity modifier for the attack and damage rolls. You must use the same modifier for both rolls. Light. A light weapon is small and easy to handle, making it ideal for use when fighting with two weapons."
"Pipe of Smoke Monsters","DMG'24","285","common","Wondrous Item","","","","","","","While smoking this pipe, you can take a Magic action to exhale a puff of smoke that takes the form of a creature, such as a dragon, a flumph, or a slaad. The form must be small enough to fit in a 1-foot cube and loses its shape after a few seconds, becoming an ordinary puff of smoke."
"Pipes of Haunting","DMG'24","285","uncommon","Wondrous Item","","","","","","","These pipes have 3 charges and regain 1d3 expended charges daily at dawn. You can take a Magic action to play them and expend 1 charge to create an eerie, spellbinding tune. Each creature of your choice within 30 feet of you must succeed on a DC 15 Wisdom saving throw or have the Frightened condition for 1 minute. A creature that fails the save repeats it at the end of each of its turns, ending the effect on itself on a success. A creature that succeeds on its save is immune to the effect of these pipes for 24 hours."
"Pipes of the Sewers","DMG'24","285","uncommon","Wondrous Item","requires attunement","","","","","","While these pipes are on your person, ordinary rats and giant rats are Indifferent toward you and won't attack you unless you threaten or harm them.The pipes have 3 charges and regain 1d3 expended charges daily at dawn. If you play the pipes as a Magic action, you can take a Bonus Action to expend 1 to 3 charges, calling forth one Swarm of Rats with each expended charge if enough rats are within half a mile of you to be called in this fashion (as determined by the DM). If there aren't enough rats to form a swarm, the charge is wasted. Called swarms move toward the music by the shortest available route but aren't under your control otherwise.Whenever a Swarm of Rats that isn't under another creature's control comes within 30 feet of you while you are playing the pipes, the swarm makes a DC 15 Wisdom saving throw. On a successful save, the swarm behaves as it normally would and can't be swayed by the pipes' music for the next 24 hours. On a failed save, the swarm is swayed by the pipes' music and becomes Friendly to you and your allies for as long as you continue to play the pipes each round as a Magic action. A Friendly swarm obeys your commands. If you issue no commands to a Friendly swarm, it defends itself but otherwise takes no actions. If a Friendly swarm starts its turn more than 30 feet away from you, your control over that swarm ends, and the swarm behaves as it normally would and can't be swayed by the pipes' music for the next 24 hours."
"Planecaller's Codex","TCE","134","rare","Wondrous Item, Spellcasting Focus","requires attunement by a wizard","","","","3 lb.","","The pages of this book are bound in fiend hide, and its cover is embossed with a diagram of the Great Wheel of the multiverse. When found, the book contains the following spells: banishment, find familiar, gate, magic circle, planar binding, and summon elemental. It functions as a spellbook for you.While you are holding the book, you can use it as a spellcasting focus for your wizard spells.The book has 3 charges, and it regains 1d3 expended charges daily at dawn. You can use the charges in the following ways while holding it:If you spend 1 minute studying the book, you can expend 1 charge to replace one of your prepared wizard spells with a different spell in the book. The new spell must be of the conjuration school.When you cast a conjuration spell that summons or creates one creature, you can expend 1 charge to grant that creature advantage on attack rolls for 1 minute."
"Plate Armor of Etherealness (*)","DMG'24","286","legendary","Generic Variant","requires attunement","","","","","","* This generic variant has the same name and source as the item Plate Armor of Etherealness.While you're wearing this armor, you can take a Magic action and use a command word to gain the effect of the Etherealness spell. The spell ends immediately if you remove the armor or take a Magic action to repeat the command word. This property of the armor can't be used again until the next dawn. Base items. This item variant can be applied to the following base items:Half Plate Armor (Half Plate Armor of Etherealness)Plate Armor (Plate Armor of Etherealness)"
"Poison Absorbing Tattoo","TCE","119","very rare","Wondrous Item (Tattoo)","requires attunement","","","","","","Produced by a special needle, this magic tattoo features designs that emphasize one color (violet). Tattoo Attunement. To attune to this item, you hold the needle to your skin where you want the tattoo to appear, pressing the needle there throughout the attunement process. When the attunement is complete, the needle turns into the ink that becomes the tattoo, which appears on the skin.If your attunement to the tattoo ends, the tattoo vanishes, and the needle reappears in your space. Damage Resistance. While the tattoo is on your skin, you have resistance to poison damage. Damage Absorption. When you take poison damage, you can use your reaction to gain immunity against that instance of the damage, and you regain a number of hit points equal to half the damage you would have taken. Once this reaction is used, it can't be used again until the next dawn."
"Pole of Angling","DMG'24","286","common","Wondrous Item","","","","","","","This item functions as a Pole. While holding it, you can take a Magic action to cause it to transform into a fishing pole with a hook, a line, and a reel, or have the fishing pole revert to a Pole."
"Pole of Collapsing","DMG'24","286","common","Wondrous Item","","","","","","","This item functions as a Pole. While holding it, you can take a Magic action to collapse it into a 1-foot-long rod for ease of storage (the pole's weight doesn't change) or cause the 1-foot-long rod to revert to a Pole. The rod elongates only as far as the surrounding space allows."
"Portable Hole","DMG'24","286","rare","Wondrous Item","","","","","","","This fine black cloth, soft as silk, is folded up to the dimensions of a handkerchief. It unfolds into a circular sheet 6 feet in diameter.You can take a Magic action to unfold a Portable Hole and place it on or against a solid surface, whereupon the Portable Hole creates an extradimensional hole 10 feet deep. The cylindrical space within the hole exists on a different plane of existence, so it can't be used to create open passages. Any creature inside an open Portable Hole can exit the hole by climbing out of it.You can take a Magic action to close a Portable Hole by taking hold of the edges of the cloth and folding it up. Folding the cloth closes the hole, and any creatures or objects within remain in the extradimensional space. No matter what's in it, the hole weighs next to nothing.If the hole is folded up, a creature within the hole's extradimensional space can take an action to make a DC 10 Strength (Athletics) check. On a successful check, the creature forces its way out and appears within 5 feet of the Portable Hole. A closed Portable Hole holds enough air for 1 hour of breathing, divided by the number of breathing creatures inside.Placing a Portable Hole inside an extradimensional space created by a Bag of Holding, Heward's Handy Haversack, or similar item instantly destroys both items and opens a gate to the Astral Plane. The gate originates where the one item was placed inside the other. Any creature within 10 feet of the gate and not behind Total Cover is sucked through it and deposited in a random location on the Astral Plane. The gate then closes. The gate is one-way only and can't be reopened."
"Portfolio Keeper","AI","33","varies","Wondrous Item","","","","","","","At rank 2, you gain the use of a weathered leather pouch that is an uncommon magic item. The portfolio keeper holds and organizes notes, brochures, and business cards bearing your contact information. It also has an inexhaustible supply of brochures related to your franchise's current branding scheme.When you meet someone for the first time, their details and a rough sketch are magically stored on a small parchment card in the portfolio keeper. You can access the details of any such stored card as a bonus action. Cards of Sending. At rank 3, the power of your portfolio keeper becomes more potent, making it a rare magic item. When you give out a business card stored in your portfolio keeper, you can choose to have the card allow its recipient to contact you through your sending stone as if they had cast a sending spell. A business card loses this power seven days after it has been given out, and no more than five cards can have this power at one time.You can also use your sending stone to cast sending and contact anyone who has one of your business cards. Once you use this feature of the stone, you cannot use it again until dawn seven days later. Charming Introduction. Also at rank 4, you are able to make a focused effort to keep a potential customer's attention. When you provide a humanoid with a business card from your portfolio keeper, you can cast charm person on them (save DC 15). The spell ends prematurely if the character loses the business card."
"Pot of Awakening","DMG'24","289","common","Wondrous Item","","","","","","","If you plant an ordinary shrub in this 10-pound clay pot and let it grow for 30 days, the shrub magically transforms into an Awakened Shrub at the end of that time. When the shrub awakens, its roots break the pot, destroying it.The awakened shrub is Friendly toward you and obeys your commands. Absent commands from you, it does nothing."
"Potion of Acid Resistance","DMG'24","289","uncommon","Potion","","","","","½ lb.","","When you drink this potion, you have Resistance to Acid damage for 1 hour."
"Potion of Animal Friendship","DMG'24","287","uncommon","Potion","","","","","½ lb.","","When you drink this potion, you can cast the level 3 version of the Animal Friendship spell (save DC 13).Agitating this potion's muddy liquid brings little bits into view: a fish scale, a hummingbird feather, a cat claw, or a squirrel hair."
"Potion of Clairvoyance","DMG'24","287","rare","Potion","","","","","½ lb.","","When you drink this potion, you gain the effect of the Clairvoyance spell (no Concentration required).An eyeball bobs in this potion's yellowish liquid but vanishes when the potion is opened."
"Potion of Climbing","DMG'24","287","common","Potion","","","","","½ lb.","","When you drink this potion, you gain a Climb Speed equal to your Speed for 1 hour. During this time, you have Advantage on Strength (Athletics) checks to climb.This potion is separated into brown, silver, and gray layers resembling bands of stone. Shaking the bottle fails to mix the colors."
"Potion of Cloud Giant Strength","DMG'24","288","very rare","Potion","","","","","½ lb.","","When you drink this potion, your Strength score changes to 27 for 1 hour. The potion has no effect on you if your Strength is equal to or greater than that score.This potion's transparent liquid has floating in it a sliver of fingernail from a cloud giant."
"Potion of Cold Resistance","DMG'24","289","uncommon","Potion","","","","","½ lb.","","When you drink this potion, you have Resistance to Cold damage for 1 hour."
"Potion of Comprehension","DMG'24","287","common","Potion","","","","","½ lb.","","When you drink this potion, you gain the effect of the Comprehend Languages spell for 1 hour.This potion's liquid is a clear concoction with bits of salt and soot swirling in it."
"Potion of Diminution","DMG'24","287","rare","Potion","","","","","½ lb.","","When you drink this potion, you gain the ""reduce"" effect of the Enlarge/Reduce spell for 1d4 hours (no Concentration required).The red in the potion's liquid continuously contracts to a tiny bead and then expands to color the clear liquid around it. Shaking the bottle fails to interrupt this process."
"Potion of Fire Breath","DMG'24","187","uncommon","Potion","","","","","½ lb.","","After drinking this potion, you can take a Bonus Action to exhale fire at a target within 30 feet of yourself. The target makes a DC 13 Dexterity saving throw, taking 4d6 Fire damage on a failed save or half as much damage on a successful one. The effect ends after you exhale the fire three times or when 1 hour has passed.This potion's orange liquid flickers, and smoke fills the top of the container and wafts out whenever it is opened."
"Potion of Fire Giant Strength","DMG'24","288","rare","Potion","","","","","½ lb.","","When you drink this potion, your Strength score changes to 25 for 1 hour. The potion has no effect on you if your Strength is equal to or greater than that score.This potion's transparent liquid has floating in it a sliver of fingernail from a fire giant."
"Potion of Fire Resistance","DMG'24","289","uncommon","Potion","","","","","½ lb.","","When you drink this potion, you have Resistance to Fire damage for 1 hour."
"Potion of Flying","DMG'24","287","very rare","Potion","","","","","½ lb.","","When you drink this potion, you gain a Fly Speed equal to your Speed for 1 hour and can hover. If you're in the air when the potion wears off, you fall unless you have some other means of staying aloft.This potion's clear liquid floats at the top of its container and has cloudy white impurities drifting in it."
"Potion of Force Resistance","DMG'24","289","uncommon","Potion","","","","","½ lb.","","When you drink this potion, you have Resistance to Force damage for 1 hour."
"Potion of Frost Giant Strength","DMG'24","288","rare","Potion","","","","","½ lb.","","When you drink this potion, your Strength score changes to 23 for 1 hour. The potion has no effect on you if your Strength is equal to or greater than that score.This potion's transparent liquid has floating in it a sliver of fingernail from a frost giant."
"Potion of Gaseous Form","DMG'24","287","rare","Potion","","","","","½ lb.","","When you drink this potion, you gain the effect of the Gaseous Form spell for 1 hour (no Concentration required) or until you end the effect as a Bonus Action.This potion's container seems to hold fog that moves and pours like water."
"Potion of Giant Strength","DMG'24","288","varies","Potion","","","","","½ lb.","","Multiple variations of this item exist, as listed below:Potion of Hill Giant StrengthPotion of Frost Giant StrengthPotion of Stone Giant StrengthPotion of Fire Giant StrengthPotion of Cloud Giant StrengthPotion of Storm Giant Strength"
"Potion of Greater Healing","DMG'24","288","uncommon","Potion","","","","","½ lb.","","You regain 4d4 + 4 Hit Points when you drink this potion. The potion's red liquid glimmers when agitated."
"Potion of Greater Invisibility","DMG'24","288","very rare","Potion","","","","","½ lb.","","This potion's container looks empty but feels as though it holds liquid. When you drink the potion, you have the Invisible condition for 1 hour."
"Potion of Growth","DMG'24","288","uncommon","Potion","","","","","½ lb.","","When you drink this potion, you gain the ""enlarge"" effect of the Enlarge/Reduce spell for 10 minutes (no Concentration required).The red in the potion's liquid continuously expands from a tiny bead to color the clear liquid around it and then contracts. Shaking the bottle fails to interrupt this process."
"Potion of Healing","DMG'24","288","common","Potion","","","","","½ lb.","50 GP","This potion is a magic item. As a Bonus Action, you can drink it or administer it to another creature within 5 feet of yourself. The creature that drinks the magical red fluid in this vial regains 2d4 + 2 Hit Points. The potion's red liquid glimmers when agitated."
"Potion of Heroism","DMG'24","288","rare","Potion","","","","","½ lb.","","When you drink this potion, you gain 10 Temporary Hit Points that last for 1 hour. For the same duration, you are under the effect of the Bless spell (no Concentration required).This potion's blue liquid bubbles and steams as if boiling."
"Potion of Hill Giant Strength","DMG'24","288","uncommon","Potion","","","","","½ lb.","","When you drink this potion, your Strength score changes to 21 for 1 hour. The potion has no effect on you if your Strength is equal to or greater than that score.This potion's transparent liquid has floating in it a sliver of fingernail from a hill giant."
"Potion of Invisibility","DMG'24","288","rare","Potion","","","","","½ lb.","","This potion's container looks empty but feels as though it holds liquid. When you drink the potion, you have the Invisible condition for 1 hour. The effect ends early if you make an attack roll, deal damage, or cast a spell."
"Potion of Invulnerability","DMG'24","288","rare","Potion","","","","","½ lb.","","For 1 minute after you drink this potion, you have Resistance to all damage.This potion's syrupy liquid looks like liquefied iron."
"Potion of Lightning Resistance","DMG'24","289","uncommon","Potion","","","","","½ lb.","","When you drink this potion, you have Resistance to Lightning damage for 1 hour."
"Potion of Longevity","DMG'24","288","very rare","Potion","","","","","½ lb.","","When you drink this potion, your physical age is reduced by 1d6 + 6 years, to a minimum of 13 years. Each time you subsequently drink a Potion of Longevity, there is 10 percent cumulative chance that you instead age by 1d6 + 6 years.Suspended in this amber liquid is a tiny heart that, against all reason, is still beating. These ingredients vanish when the potion is opened."
"Potion of Mind Reading","DMG'24","288","rare","Potion","","","","","½ lb.","","When you drink this potion, you gain the effect of the Detect Thoughts spell (save DC 13) for 10 minutes (no Concentration required).This potion's dense, purple liquid has an ovoid cloud of pink floating in it."
"Potion of Necrotic Resistance","DMG'24","289","uncommon","Potion","","","","","½ lb.","","When you drink this potion, you have Resistance to Necrotic damage for 1 hour."
"Potion of Poison","DMG'24","288","uncommon","Potion","","","","","½ lb.","","This concoction looks, smells, and tastes like a Potion of Healing or another beneficial potion. However, it is actually poison masked by illusion magic. Identify reveals its true nature.If you drink this potion, you take 4d6 Poison damage and must succeed on a DC 13 Constitution saving throw or have the Poisoned condition for 1 hour."
"Potion of Poison Resistance","DMG'24","289","uncommon","Potion","","","","","½ lb.","","When you drink this potion, you have Resistance to Poison damage for 1 hour."
"Potion of Psychic Resistance","DMG'24","289","uncommon","Potion","","","","","½ lb.","","When you drink this potion, you have Resistance to Psychic damage for 1 hour."
"Potion of Pugilism","DMG'24","289","uncommon","Potion","","","","","½ lb.","","After you drink this potion, each Unarmed Strike you make deals an extra 1d6 Force damage on a hit. This effect lasts 10 minutes.This potion is a thick green fluid that tastes like spinach."
"Potion of Radiant Resistance","DMG'24","289","uncommon","Potion","","","","","½ lb.","","When you drink this potion, you have Resistance to Radiant damage for 1 hour."
"Potion of Resistance","DMG'24","289","uncommon","Potion","","","","","½ lb.","","When you drink this potion, you have Resistance to one type of damage for 1 hour. The DM chooses the type or determines it randomly by rolling on the following table.d10Damage Type1Acid2Cold3Fire4Force5Lightning6Necrotic7Poison8Psychic9Radiant10Thunder"
"Potion of Speed","DMG'24","289","very rare","Potion","","","","","½ lb.","","When you drink this potion, you gain the effect of the Haste spell for 1 minute (no Concentration required) without suffering the wave of lethargy that typically occurs when the effect ends.This potion's yellow fluid is streaked with black and swirls on its own."
"Potion of Stone Giant Strength","DMG'24","288","rare","Potion","","","","","½ lb.","","When you drink this potion, your Strength score changes to 23 for 1 hour. The potion has no effect on you if your Strength is equal to or greater than that score.This potion's transparent liquid has floating in it a sliver of fingernail from a stone giant."
"Potion of Storm Giant Strength","DMG'24","288","legendary","Potion","","","","","½ lb.","","When you drink this potion, your Strength score changes to 29 for 1 hour. The potion has no effect on you if your Strength is equal to or greater than that score.This potion's transparent liquid has floating in it a sliver of fingernail from a storm giant."
"Potion of Superior Healing","DMG'24","288","rare","Potion","","","","","½ lb.","","You regain 8d4 + 8 Hit Points when you drink this potion. The potion's red liquid glimmers when agitated."
"Potion of Supreme Healing","DMG'24","288","very rare","Potion","","","","","½ lb.","","You regain 10d4 + 20 Hit Points when you drink this potion. The potion's red liquid glimmers when agitated."
"Potion of Thunder Resistance","DMG'24","289","uncommon","Potion","","","","","½ lb.","","When you drink this potion, you have Resistance to Thunder damage for 1 hour."
"Potion of Vitality","DMG'24","289","very rare","Potion","","","","","½ lb.","","When you drink this potion, it removes any Exhaustion levels you have and ends the Poisoned condition on you. For the next 24 hours, you regain the maximum number of Hit Points for any Hit Point Die you spend.This potion's crimson liquid regularly pulses with dull light, calling to mind a heartbeat."
"Potion of Water Breathing","DMG'24","289","uncommon","Potion","","","","","½ lb.","","You can breathe underwater for 24 hours after drinking this potion.This potion's cloudy green fluid smells of the sea and has a jellyfish-like bubble floating in it."
"Potions of Healing","DMG'24","288","varies","Potion","","","","","½ lb.","","Multiple variations of this item exist, as listed below:Potion of HealingPotion of Greater HealingPotion of Superior HealingPotion of Supreme Healing"
"Prosthetic Limb","DMG'24","290","common","Wondrous Item","","","","","","","This magic item replaces a lost limb—a hand, an arm, a foot, a leg, or a similar body part. While the prosthetic is attached, it functions identically to the part it replaces. You can detach or reattach it as a Magic action, and it can't be removed against your will while you are alive."
"Protective Verses","TCE","134","rare","Wondrous Item, Spellcasting Focus","requires attunement by a wizard","","","","3 lb.","","This leather-bound spellbook is reinforced with iron and silver fittings and an iron lock (DC 20 to open). As an action, you can touch the book's cover and cause it to lock as if you cast arcane lock on it. When found, the book contains the following spells: arcane lock, dispel magic, globe of invulnerability, glyph of warding, Mordenkainen's private sanctum, protection from evil, and symbol. It functions as a spellbook for you.While you are holding the book, you can use it as a spellcasting focus for your wizard spells.The book has 3 charges, and it regains 1d3 expended charges daily at dawn. You can use the charges in the following ways while holding it:If you spend 1 minute studying the book, you can expend 1 charge to replace one of your prepared wizard spells with a different spell in the book. The new spell must be of the abjuration school.When you cast an abjuration spell, you can expend 1 charge to grant a creature you can see within 30 feet of you 2d10 temporary hit points."
"Psychic Absorbing Tattoo","TCE","119","very rare","Wondrous Item (Tattoo)","requires attunement","","","","","","Produced by a special needle, this magic tattoo features designs that emphasize one color (silver). Tattoo Attunement. To attune to this item, you hold the needle to your skin where you want the tattoo to appear, pressing the needle there throughout the attunement process. When the attunement is complete, the needle turns into the ink that becomes the tattoo, which appears on the skin.If your attunement to the tattoo ends, the tattoo vanishes, and the needle reappears in your space. Damage Resistance. While the tattoo is on your skin, you have resistance to psychic damage. Damage Absorption. When you take psychic damage, you can use your reaction to gain immunity against that instance of the damage, and you regain a number of hit points equal to half the damage you would have taken. Once this reaction is used, it can't be used again until the next dawn."
"Quaal's Feather Token","DMG'24","290","varies","Wondrous Item","","","","","","","This object looks like a feather. Different types of feather tokens exist, each with a different single-use effect. The DM chooses the kind of token or determines it randomly by rolling on the Quaal's Feather Tokens table. The type of token determines its rarity.Quaal's Feather Tokens1d100TokenRarity01-20AnchorUncommon21-35BirdRare36-50FanUncommon51-65Swan BoatRare66-90TreeUncommon91-00WhipRare"
"Quaal's Feather Token, Anchor","DMG'24","290","uncommon","Wondrous Item","","","","","","","This object looks like a feather.You can take a Magic action to touch the token to a boat or ship. For the next 24 hours, the vessel can't be moved by any means. Touching the token to the vessel again ends the effect. When the effect ends, the token disappears."
"Quaal's Feather Token, Bird","DMG'24","290","rare","Wondrous Item","","","","","","","This object looks like a feather.You can take a Magic action to toss the token 5 feet into the air. The token disappears and an enormous, multicolored bird takes its place. The bird has the statistics of a Roc, but it can't attack. It obeys your simple commands and can carry up to 500 pounds while flying at its maximum speed (16 miles per hour for a maximum of 144 miles per day, with a 1-hour rest for every 3 hours of flying) or 1,000 pounds at half that speed. The bird disappears after flying its maximum distance for a day or if it drops to 0 Hit Points. You can dismiss the bird as a Magic action."
"Quaal's Feather Token, Fan","DMG'24","290","uncommon","Wondrous Item","","","","","","","This object looks like a feather.If you are on a boat or ship, you can take a Magic action to toss the token up to 10 feet in the air. The token disappears, and a giant flapping fan takes its place. The fan floats and creates a strong wind. This wind can fill the sails of one ship, increasing its speed by 5 miles per hour for 8 hours. You can dismiss the fan as a Magic action."
"Quaal's Feather Token, Swan Boat","DMG'24","290","rare","Wondrous Item","","","","","","","This object looks like a feather.You can take a Magic action to touch the token to a body of water at least 60 feet in diameter. The token disappears, and a 50-foot-long, 20-foot-wide boat shaped like a swan takes its place. The boat is self-propelled and moves across water at a speed of 6 miles per hour. You can take a Magic action while on the boat to command it to move or to turn up to 90 degrees. The boat remains for 24 hours and then disappears. You can dismiss the boat as a Magic action."
"Quaal's Feather Token, Tree","DMG'24","290","uncommon","Wondrous Item","","","","","","","This object looks like a feather.You must be outdoors to use this token. You can take a Magic action to touch it to an unoccupied space on the ground. The token disappears, and in its place a nonmagical oak tree springs into existence. The tree is 60 feet tall and has a 5-foot-diameter trunk, and its branches at the top spread out in a 20-foot radius."
"Quaal's Feather Token, Whip","DMG'24","290","rare","Wondrous Item","","","","","","","This object looks like a feather.You can take a Magic action to throw the token to a point within 10 feet of yourself. The token disappears, and a floating whip takes its place. You can then take a Bonus Action to make a melee spell attack against a creature within 10 feet of the whip, with an attack bonus of +9. On a hit, the target takes 1d6 + 5 Force damage.As a Bonus Action, you can direct the whip to fly up to 20 feet and repeat the attack against a creature within 10 feet of the whip. The whip disappears after 1 hour, when you take a Magic action to dismiss it, or when you die or have the Incapacitated condition."
"Quarterstaff of the Acrobat","DMG'24","291","very rare","Staff, Weapon (Quarterstaff), Simple Weapon, Melee Weapon","requires attunement","1d6 Bludgeoning","Thrown (30/120 ft.), Versatile (1d8)","Mastery: Topple","4 lb.","","You have a +2 bonus to attack rolls and damage rolls made with this magic weapon.While holding this weapon, you can cause it to emit green Dim Light out to 10 feet, either as a Bonus Action or after you roll Initiative, or you can extinguish the light as a Bonus Action.While holding this weapon, you can take a Bonus Action to alter its form, turning it into a 6-inch rod (for ease of storage) or a 10-foot pole, or reverting it a Quarterstaff; the weapon will elongate only as far as the surrounding space allows.In certain forms, the weapon has the following additional properties. Acrobatic Assist (Quarterstaff and 10-Foot Pole Forms Only). While holding this weapon, you have Advantage on Dexterity (Acrobatics) checks. Attack Deflection (Quarterstaff Form Only). When you are hit by an attack while holding the weapon, you can take a Reaction to twirl the weapon around you, gaining a +5 bonus to your Armor Class against the triggering attack, potentially causing the attack to miss you. You can't use this property again until you finish a Short or Long Rest. Ranged Weapon (Quarterstaff Form Only). This weapon has Thrown with a normal range of 30 feet and a long range of 120 feet. Immediately after you make a ranged attack with the weapon, it flies back to your hand. Thrown. If a weapon has the Thrown property, you can throw the weapon to make a ranged attack, and you can draw that weapon as part of the attack. If the weapon is a Melee weapon, use the same ability modifier for the attack and damage rolls that you use for a melee attack with that weapon. Versatile. A Versatile weapon can be used with one or two hands. A damage value in parentheses appears with the property. The weapon deals that damage when used with two hands to make a melee attack. Mastery: Topple. If you hit a creature with this weapon, you can force the creature to make a Constitution saving throw (DC 8 plus the ability modifier used to make the attack roll and your Proficiency Bonus). On a failed save, the creature has the Prone condition."
"Quiver of Ehlonna","DMG'24","189","uncommon","Wondrous Item","","","","","2 lb.","","Each of the quiver's three compartments connects to an extradimensional space that allows the quiver to hold numerous items while never weighing more than 2 pounds. The shortest compartment can hold up to 60 Arrows, Bolts, or similar objects. The midsize compartment holds up to 18 Javelins or similar objects. The longest compartment holds up to 6 long objects, such as bows, Quarterstaff's, or Spears.You can draw any item the quiver contains as if doing so from a regular quiver or scabbard."
"Radiant Absorbing Tattoo","TCE","119","very rare","Wondrous Item (Tattoo)","requires attunement","","","","","","Produced by a special needle, this magic tattoo features designs that emphasize one color (gold). Tattoo Attunement. To attune to this item, you hold the needle to your skin where you want the tattoo to appear, pressing the needle there throughout the attunement process. When the attunement is complete, the needle turns into the ink that becomes the tattoo, which appears on the skin.If your attunement to the tattoo ends, the tattoo vanishes, and the needle reappears in your space. Damage Resistance. While the tattoo is on your skin, you have resistance to radiant damage. Damage Absorption. When you take radiant damage, you can use your reaction to gain immunity against that instance of the damage, and you regain a number of hit points equal to half the damage you would have taken. Once this reaction is used, it can't be used again until the next dawn."
"Red Dragon Scale Mail","DMG'24","254","very rare","Medium Armor (Scale Mail)","requires attunement","AC 14 + Dex (max 2)","","","45 lb.","","Dragon Scale Mail is made of the scales of one kind of dragon. Sometimes dragons collect their cast-off scales and gift them. Other times, hunters carefully preserve the hide of a dead dragon. In either case, Dragon Scale Mail is highly valued.While wearing this armor, you gain a +1 bonus to Armor Class, you have Advantage on saving throws against the breath weapons of Dragons, and you have Resistance to Fire damage.Additionally, you can focus your senses as a Magic action to discern the distance and direction to the closest red dragon within 30 miles of yourself. This action can't be used again until the next dawn.The wearer has Disadvantage on Dexterity (Stealth) checks."
"Repeating Shot","EFA","112","uncommon","Generic Variant","requires attunement","","","","","","This magic weapon grants a +1 bonus to attack and damage rolls made with it when it's used to make a ranged attack, and it ignores the Loading property if it has that property.If the weapon lacks ammunition, it produces its own, automatically creating one piece of magic ammunition when the wielder makes a ranged attack roll with it. The ammunition created by the weapon vanishes the instant after it hits or misses a target. Base items. This item variant can be applied to the following base items:Blowgun (Repeating Blowgun)Hand Crossbow (Repeating Hand Crossbow)Heavy Crossbow (Repeating Heavy Crossbow)Light Crossbow (Repeating Light Crossbow)Longbow (Repeating Longbow)Musket (Repeating Musket)Pistol (Repeating Pistol)Shortbow (Repeating Shortbow)Sling (Repeating Sling)"
"Repulsion Shield","EFA","112","uncommon","Shield (Shield)","","AC +2","","","6 lb.","","You gain a +1 bonus to Armor Class while wielding this shield.The shield has 4 charges. While holding it, when a Large or smaller creature within 5 feet of you hits you with a melee attack roll, you can take a Reaction to expend 1 of the shield's charges and push the attacker up to 15 feet straight away. The shield regains 1d4 expended charges daily at dawn."
"Returning Weapon","EFA","112","uncommon","Generic Variant","","","","","","","This magic weapon grants a +1 bonus to attack and damage rolls made with it, and it returns to your hand immediately after you use it to make a ranged attack roll. Base items. This item variant can be applied to the following base items:Dagger (Returning Dagger)Dart (Returning Dart)Handaxe (Returning Handaxe)Javelin (Returning Javelin)Light Hammer (Returning Light Hammer)Spear (Returning Spear)Trident (Returning Trident)"
"Reveler's Concertina","TCE","134","rare","Wondrous Item, Instrument","requires attunement by a bard","","","","","","While holding this concertina, you gain a +2 bonus to the saving throw DC of your bard spells.As an action, you can use the concertina to cast Otto's irresistible dance from the item. This property of the concertina can't be used again until the next dawn.If you have proficiency with a given musical instrument, you can add your proficiency bonus to any ability checks you make to play music with the instrument. A bard can use a musical instrument as a spellcasting focus. Each type of musical instrument requires a separate proficiency.See the Tool Proficiencies entry for more information.Proficiency with a musical instrument indicates you are familiar with the techniques used to play it. You also have knowledge of some songs commonly performed with that instrument. History. Your expertise aids you in recalling lore related to your instrument. Performance. Your ability to put on a good show is improved when you incorporate an instrument into your act. Compose a Tune. As part of a long rest, you can compose a new tune and lyrics for your instrument. You might use this ability to impress a noble or spread scandalous rumors with a catchy tune.Musical InstrumentActivityDCIdentify a tune10Improvise a tune20"
"Ring of Acid Resistance","DMG'24","294","rare","Ring","","","","","","","You have Resistance to Acid damage while wearing this ring. The ring is set with pearl."
"Ring of Animal Influence","DMG'24","292","rare","Ring","","","","","","","This ring has 3 charges, and it regains 1d3 expended charges daily at dawn. While wearing the ring, you can expend 1 charge to cast one of the following spells (save DC 13) from it:Animal FriendshipFear (affects Beasts only)Speak with Animals"
"Ring of Cold Resistance","DMG'24","294","rare","Ring","","","","","","","You have Resistance to Cold damage while wearing this ring. The ring is set with tourmaline."
"Ring of Djinni Summoning","DMG'24","292","legendary","Ring","requires attunement","","","","","","While wearing this ring, you can take a Magic action to summon a particular Djinni from the Elemental Plane of Air. The djinni appears in an unoccupied space you choose within 120 feet of yourself. It remains as long as you maintain Concentration, to a maximum of 1 hour, or until it drops to 0 Hit Points.While summoned, the djinni is Friendly to you and your allies, and it obeys your commands. If you fail to command it, the djinni defends itself against attackers but takes no other actions.After the djinni departs, it can't be summoned again for 24 hours, and the ring becomes nonmagical if the djinni dies.Rings of Djinni Summoning are often created by the djinn they summon and given to mortals as gifts of friendship or tokens of esteem."
"Ring of Elemental Command","DMG'24","292","legendary","Ring","requires attunement","","","","","","Multiple variations of this item exist, as listed below:Ring of Elemental Command (Air)Ring of Elemental Command (Earth)Ring of Elemental Command (Fire)Ring of Elemental Command (Water)"
"Ring of Elemental Command (Air)","DMG'24","292","legendary","Ring","requires attunement","","","","","","The Ring of Elemental Command (air) is linked to the Elemental Plane of Air. Every Ring of Elemental Command has the following two properties:Elemental Bane. While wearing the ring, you have Advantage on attack rolls against Elementals and they have Disadvantage on attack rolls against you.Elemental Compulsion. While wearing the ring, you can take a Magic action to try to compel an Elemental you see within 60 feet of yourself. The Elemental makes a DC 18 Wisdom saving throw. On a failed save, the Elemental has the Charmed condition until the start your next turn, and you determine what it does with its move and action on its next turn. Elemental Focus. While wearing the ring, you benefit from additional properties corresponding to the ring's linked Elemental Plane:Air. You know Auran, you have Resistance to Lightning damage, and you have a Fly Speed equal to your Speed and can hover. Spellcasting. The ring has 5 charges and regains 1d4 + 1 expended charges daily at dawn. While wearing the ring, you can cast a spell from it. A spell cast from the ring has a save DC of 18. Choose the spell from the following list: Chain Lightning (3 charges), Feather Fall (0 charges), Gust of Wind (2 charges), Wind Wall (1 charge)"
"Ring of Elemental Command (Earth)","DMG'24","292","legendary","Ring","requires attunement","","","","","","The Ring of Elemental Command (earth) is linked to the Elemental Plane of Earth. Every Ring of Elemental Command has the following two properties:Elemental Bane. While wearing the ring, you have Advantage on attack rolls against Elementals and they have Disadvantage on attack rolls against you.Elemental Compulsion. While wearing the ring, you can take a Magic action to try to compel an Elemental you see within 60 feet of yourself. The Elemental makes a DC 18 Wisdom saving throw. On a failed save, the Elemental has the Charmed condition until the start your next turn, and you determine what it does with its move and action on its next turn. Elemental Focus. While wearing the ring, you benefit from additional properties corresponding to the ring's linked Elemental Plane:Earth. You know Terran, and you have Resistance to Acid damage. Terrain composed of rubble, rocks, or dirt isn't Difficult Terrain for you. In addition, you can move through solid earth or rock as if those areas were Difficult Terrain without disturbing the matter through which you pass. If you end your turn in solid earth or rock, you are shunted out to the nearest unoccupied space you last occupied. Spellcasting. The ring has 5 charges and regains 1d4 + 1 expended charges daily at dawn. While wearing the ring, you can cast a spell from it. A spell cast from the ring has a save DC of 18. Choose the spell from the following list: Earthquake (5 charges), Stone Shape (2 charges), Stoneskin (3 charges), Wall of Stone (3 charges)"
"Ring of Elemental Command (Fire)","DMG'24","292","legendary","Ring","requires attunement","","","","","","The Ring of Elemental Command (fire) is linked to the Elemental Plane of Fire. Every Ring of Elemental Command has the following two properties:Elemental Bane. While wearing the ring, you have Advantage on attack rolls against Elementals and they have Disadvantage on attack rolls against you.Elemental Compulsion. While wearing the ring, you can take a Magic action to try to compel an Elemental you see within 60 feet of yourself. The Elemental makes a DC 18 Wisdom saving throw. On a failed save, the Elemental has the Charmed condition until the start your next turn, and you determine what it does with its move and action on its next turn. Elemental Focus. While wearing the ring, you benefit from additional properties corresponding to the ring's linked Elemental Plane:Fire. You know Ignan, and you have Immunity to Fire damage. Spellcasting. The ring has 5 charges and regains 1d4 + 1 expended charges daily at dawn. While wearing the ring, you can cast a spell from it. A spell cast from the ring has a save DC of 18. Choose the spell from the following list: Burning Hands (1 charge), Fireball (2 charges), Fire Storm (4 charges), Wall of Fire (3 charges)"
"Ring of Elemental Command (Water)","DMG'24","292","legendary","Ring","requires attunement","","","","","","The Ring of Elemental Command (water) is linked to the Elemental Plane of Water. Every Ring of Elemental Command has the following two properties:Elemental Bane. While wearing the ring, you have Advantage on attack rolls against Elementals and they have Disadvantage on attack rolls against you.Elemental Compulsion. While wearing the ring, you can take a Magic action to try to compel an Elemental you see within 60 feet of yourself. The Elemental makes a DC 18 Wisdom saving throw. On a failed save, the Elemental has the Charmed condition until the start your next turn, and you determine what it does with its move and action on its next turn. Elemental Focus. While wearing the ring, you benefit from additional properties corresponding to the ring's linked Elemental Plane:Water. You know Aquan, you gain a Swim Speed of 60 feet, and you can breathe underwater. Spellcasting. The ring has 5 charges and regains 1d4 + 1 expended charges daily at dawn. While wearing the ring, you can cast a spell from it. A spell cast from the ring has a save DC of 18. Choose the spell from the following list: Create or Destroy Water (1 charge), Ice Storm (2 charges), Tsunami (5 charges), Wall of Ice (3 charges), Water Walk (2 charges)"
"Ring of Evasion","DMG'24","293","rare","Ring","requires attunement","","","","","","This ring has 3 charges, and it regains 1d3 expended charges daily at dawn. When you fail a Dexterity saving throw while wearing the ring, you can take a Reaction to expend 1 charge to succeed on that save instead."
"Ring of Feather Falling","DMG'24","293","rare","Ring","requires attunement","","","","","","When you fall while wearing this ring, you descend 60 feet per round and take no damage from falling."
"Ring of Fire Resistance","DMG'24","294","rare","Ring","","","","","","","You have Resistance to Fire damage while wearing this ring. The ring is set with garnet."
"Ring of Force Resistance","DMG'24","294","rare","Ring","","","","","","","You have Resistance to Force damage while wearing this ring. The ring is set with sapphire."
"Ring of Free Action","DMG'24","293","rare","Ring","requires attunement","","","","","","While you wear this ring, Difficult Terrain doesn't cost you extra movement. In addition, magic can neither reduce any of your Speeds nor cause you to have the Paralyzed or Restrained condition."
"Ring of Invisibility","DMG'24","293","legendary","Ring","requires attunement","","","","","","While wearing this ring, you can take a Magic action to give yourself the Invisible condition. You remain Invisible until the ring is removed or until you take a Bonus Action to become visible again."
"Ring of Jumping","DMG'24","293","uncommon","Ring","requires attunement","","","","","","While wearing this ring, you can cast Jump from it, but can target only yourself when you do so."
"Ring of Lightning Resistance","DMG'24","294","rare","Ring","","","","","","","You have Resistance to Lightning damage while wearing this ring. The ring is set with citrine."
"Ring of Mind Shielding","DMG'24","293","uncommon","Ring","requires attunement","","","","","","While wearing this ring, you are immune to magic that allows other creatures to read your thoughts, determine whether you are lying, know your alignment, or know your creature type. Creatures can telepathically communicate with you only if you allow it.You can take a Magic action to cause the ring to become imperceptible until you take another Magic action to make it perceptible, until you remove the ring, or until you die.If you die while wearing the ring, your soul enters it, unless it already houses a soul. You can remain in the ring or depart for the afterlife. As long as your soul is in the ring, you can telepathically communicate with any creature wearing it. A wearer can't prevent this telepathic communication."
"Ring of Necrotic Resistance","DMG'24","294","rare","Ring","","","","","","","You have Resistance to Necrotic damage while wearing this ring. The ring is set with jet."
"Ring of Poison Resistance","DMG'24","294","rare","Ring","","","","","","","You have Resistance to Poison damage while wearing this ring. The ring is set with amethyst."
"Ring of Protection","DMG'24","294","rare","Ring","requires attunement","","","","","","You gain a +1 bonus to Armor Class and saving throws while wearing this ring."
"Ring of Psychic Resistance","DMG'24","294","rare","Ring","","","","","","","You have Resistance to Psychic damage while wearing this ring. The ring is set with jade."
"Ring of Radiant Resistance","DMG'24","294","rare","Ring","","","","","","","You have Resistance to Radiant damage while wearing this ring. The ring is set with topaz."
"Ring of Regeneration","DMG'24","294","very rare","Ring","requires attunement","","","","","","While wearing this ring, you regain 1d6 Hit Points every 10 minutes if you have at least 1 Hit Point. If you lose a body part, the ring causes the missing part to regrow and return to full functionality after 1d6 + 1 days if you have at least 1 Hit Point the whole time."
"Ring of Resistance","DMG'24","294","rare","Ring","","","","","","","You have Resistance to one damage type while wearing this ring. The gemstone in the ring indicates the type, which the DM chooses or determines randomly by rolling on the following table.d10Damage TypeGem1AcidPearl2ColdTourmaline3FireGarnet4ForceSapphire5LightningCitrine6NecroticJet7PoisonAmethyst8PsychicJade9RadiantTopaz10ThunderSpinel"
"Ring of Shooting Stars","DMG'24","294","very rare","Ring","requires attunement","","","","","","You can cast Dancing Lights or Light from the ring.The ring has 6 charges and regains 1d6 expended charges daily at dawn. You can expend its charges to use the properties below. Faerie Fire. You can expend 1 charge to cast Faerie Fire from the ring. Lightning Spheres. You can expend 2 charges as a Magic action to create up to four 3-foot-diameter spheres of lightning.Each sphere appears in an unoccupied space you can see within 120 feet of yourself. The spheres last as long as you maintain Concentration, up to 1 minute. Each sphere sheds Dim Light in a 30-foot radius.As a Bonus Action, you can move each sphere up to 30 feet, but no farther than 120 feet away from yourself. The first time the sphere comes within 5 feet of a creature other than you that isn't behind Total Cover, the sphere discharges lightning at that creature and disappears. That creature makes a DC 15 Dexterity saving throw. On a failed save, the creature takes Lightning damage based on the number of spheres you created, as shown in the following table. On a successful save, the creature takes half as much damage.Number of SpheresLightning Damage14d1225d432d642d4 Shooting Stars. You can expend 1 to 3 charges as a Magic action. For every charge you expend, you launch a glowing mote of light from the ring at a point you can see within 60 feet of yourself. Each creature in a 15-foot Cube originating from that point is showered in sparks and makes a DC 15 Dexterity saving throw, taking 5d4 Radiant damage on a failed save or half as much damage on a successful one."
"Ring of Spell Storing","DMG'24","295","rare","Ring","requires attunement","","","","","","This ring stores spells cast into it, holding them until the attuned wearer uses them. The ring can store up to 5 levels worth of spells at a time. When found, it contains 1d6 - 1 levels of stored spells chosen by the DM.Any creature can cast a spell of level 1 through 5 into the ring by touching the ring as the spell is cast. The spell has no effect other than to be stored in the ring. If the ring can't hold the spell, the spell is expended without effect. The level of the slot used to cast the spell determines how much space it uses.While wearing this ring, you can cast any spell stored in it. The spell uses the slot level, spell save DC, spell attack bonus, and spellcasting ability of the original caster but is otherwise treated as if you cast the spell. The spell cast from the ring is no longer stored in it, freeing up space."
"Ring of Spell Turning","DMG'24","295","legendary","Ring","requires attunement","","","","","","While wearing this ring, you have Advantage on saving throws against spells. If you succeed on the save for a spell of level 7 or lower, the spell has no effect on you. If that spell targeted only you and didn't create an area of effect, you can take a Reaction to deflect the spell back at the spell's caster; the caster must make a saving throw against the spell using their own spell save DC."
"Ring of Swimming","DMG'24","295","uncommon","Ring","","","","","","","You have a Swim Speed of 40 feet while wearing this ring."
"Ring of Telekinesis","DMG'24","295","very rare","Ring","requires attunement","","","","","","While wearing this ring, you can cast Telekinesis from it."
"Ring of Three Wishes","DMG'24","296","legendary","Ring","","","","","","","While wearing this ring, you can expend 1 of its 3 charges to cast Wish from it. The ring becomes nonmagical when you use the last charge."
"Ring of Thunder Resistance","DMG'24","294","rare","Ring","","","","","","","You have Resistance to Thunder damage while wearing this ring. The ring is set with spinel."
"Ring of Warmth","DMG'24","296","uncommon","Ring","requires attunement","","","","","","If you take Cold damage while wearing this ring, the ring reduces the damage you take by 2d8.In addition, while wearing this ring, you and everything you wear and carry are unharmed by temperatures of 0 degrees Fahrenheit or lower."
"Ring of Water Walking","DMG'24","296","uncommon","Ring","","","","","","","While wearing this ring, you cast Water Walk from it, targeting only yourself."
"Ring of X-ray Vision","DMG'24","296","rare","Ring","requires attunement","","","","","","While wearing this ring, you can take a Magic action to gain X-ray vision with a range of 30 feet for 1 minute. To you, solid objects within that radius appear transparent and don't prevent light from passing through them. The vision can penetrate 1 foot of stone, 1 inch of common metal, or up to 3 feet of wood or dirt. Thicker substances or a thin sheet of lead block the vision.Whenever you use the ring again before taking a Long Rest, you must succeed on a DC 15 Constitution saving throw or gain 1 Exhaustion level."
"Ring of the Ram","DMG'24","296","rare","Ring","requires attunement","","","","","","This ring has 3 charges and regains 1d3 expended charges daily at dawn. While wearing the ring, you can take a Magic action to expend 1 to 3 charges to make a ranged spell attack against one creature you can see within 60 feet of yourself. The ring produces a spectral ram's head and makes its attack roll with a +7 bonus. On a hit, for each charge you spend, the target takes 2d10 Force damage and is pushed 5 feet away from you.Alternatively, you can expend 1 to 3 of the ring's charges as a Magic action to try to break a nonmagical object you can see within 60 feet of yourself that isn't being worn or carried. The ring makes a Strength check with a +5 bonus for each charge you spend."
"Rival Coin","DMG'24","296","common","Wondrous Item","","","","","","","This gold coin has a creature embossed on each side. The two depicted creatures must be famous rivals or enemies of each other. For example, a Rival Coin might show Iggwilv on one side and Mordenkainen on the other, or Venger on one side and Tiamat on the other. One of these figures is on the ""heads"" side of the coin, the other on the ""tails"" side.The coin has 1 charge and regains its expended charge daily at dawn. You can take a Magic action to toss the coin, expending its charge. Roll any die to determine whether the coin comes up heads (on an even number) or tails (on an odd number). The roll also determines the effect:Heads. Target one creature you can see within 60 feet of yourself. The target makes a DC 13 Wisdom saving throw. On a failed save, the target takes 2d4 Psychic damage and has Disadvantage on the next attack roll it makes before the end of its next turn. On a successful save, the target takes half as much damage only.Tails. You take 1d4 Psychic damage."
"Robe of Eyes","DMG'24","297","rare","Wondrous Item","requires attunement","","","","","","This robe is adorned with eyelike patterns. While you wear the robe, you gain the following benefits:All-Around Vision. The robe gives you Advantage on Wisdom (Perception) checks that rely on sight.Special Senses. You have Darkvision and Truesight, both with a range of 120 feet. Drawbacks. A Light spell cast on the robe or a Daylight spell cast within 5 feet of the robe gives you the Blinded condition for 1 minute. At the end of each of your turns, you make a Constitution saving throw (DC 11 for Light or DC 15 for Daylight), ending the condition on yourself on a success."
"Robe of Scintillating Colors","DMG'24","297","very rare","Wondrous Item","requires attunement","","","","","","This robe has 3 charges, and it regains 1d3 expended charges daily at dawn. While you wear it, you can take a Magic action and expend 1 charge to cause the garment to display a shifting pattern of dazzling hues until the end of your next turn. During this time, the robe sheds Bright Light in a 30-foot radius and Dim Light for an additional 30 feet, and creatures that can see you have Disadvantage on attack rolls against you. Any creature in the Bright Light that can see you when the robe's power is activated must succeed on a DC 15 Wisdom saving throw or have the Stunned condition until the effect ends."
"Robe of Stars","DMG'24","297","very rare","Wondrous Item","requires attunement","","","","","","This black or dark-blue robe is embroidered with small white or silver stars. You gain a +1 bonus to saving throws while you wear it.Six stars, located on the robe's upper-front portion, are particularly large. While wearing this robe, you can take a Magic action to remove one of the stars and expend it to cast the level 5 version of Magic Missile. Daily at dusk, 1d6 removed stars reappear on the robe.While you wear the robe, you can take a Magic action to enter the Astral Plane along with everything you are wearing and carrying. You remain there until you take a Magic action to return to the plane you were on. You reappear in the last space you occupied or, if that space is occupied, the nearest unoccupied space."
"Robe of Useful Items","DMG'24","298","uncommon","Wondrous Item","","","","","","","This robe has cloth patches of various shapes and colors covering it. While wearing the robe, you can take a Magic action to detach one of the patches, causing it to become the object or creature it represents. Once the last patch is removed, the robe becomes an ordinary garment.The robe has two of each of the following patches:Bullseye Lantern (filled and lit)DaggerMirrorPoleRope (coiled)SackIn addition, the robe has 4d4 other patches. The DM chooses the patches or determines them randomly by rolling on the following table.1d100Patch01-08Bag of 100 GP09-15Silver coffer (1 foot long, 6 inches wide and deep) worth 500 GP16-22Iron door (up to 10 feet wide and 10 feet high, barred on one side of your choice), which you can place in an opening you can reach; it conforms to fit the opening, attaching and hinging itself23-3010 gems worth 100 GP each31-44Wooden ladder (24 feet long)45-51Riding Horse with a Riding Saddle52-59Open pit (a 10-foot Cube), which you can place on the ground within 10 feet of yourself60-684 Potions of Healing69-75Rowboat (12 feet long)76-83Spell Scroll containing one spell of level 1, 2, or 3 (your choice)84-902 Mastiffs91-96Window (2 feet by 4 feet, up to 2 feet deep), which you can place on a vertical surface you can reach97-00Portable Ram"
"Robe of the Archmagi","DMG'24","298","legendary","Wondrous Item","requires attunement by a sorcerer, warlock, or wizard","","","","","","This elegant garment is made from exquisite cloth and adorned with runes.You gain these benefits while wearing the robe. Armor. If you aren't wearing armor, your base Armor Class is 15 plus your Dexterity modifier. Magic Resistance. You have Advantage on saving throws against spells and other magical effects. War Mage. Your spell save DC and spell attack bonus each increase by 2."
"Rod of Absorption","DMG'24","299","very rare","Rod","requires attunement","","","","2 lb.","","While holding this rod, you can take a Reaction to absorb a spell that is targeting only you and doesn't create an area of effect. The absorbed spell's effect is canceled, and the spell's energy—not the spell itself—is stored in the rod. The energy has the same level as the spell when it was cast. A canceled spell dissipates with no effect, and any resources used to cast it are wasted. The rod can absorb and store up to 50 levels of energy over the course of its existence. Once the rod absorbs 50 levels of energy, it can't absorb more. If you are targeted by a spell that the rod can't store, the rod has no effect on that spell.When you become attuned to the rod, you know how many levels of energy the rod has absorbed over the course of its existence and how many levels of spell energy it currently has stored.If you are a spellcaster holding the rod, you can convert energy stored in it into spell slots to cast spells you have prepared or know. You can create spell slots only of a level equal to or lower than your own spell slots, up to a maximum of level 5. You use the stored levels in place of your slots but otherwise cast the spell as normal. For example, you can use 3 levels stored in the rod as a level 3 spell slot.A newly found rod typically has 1d10 levels of spell energy stored in it. A rod that can no longer absorb spell energy and has no energy remaining becomes nonmagical."
"Rod of Alertness","DMG'24","299","very rare","Rod","requires attunement","","","","2 lb.","","This rod has the following properties. Alertness. While holding the rod, you have Advantage on Wisdom (Perception) checks and on Initiative rolls. Spells. While holding the rod, you can cast the following spells from it:Detect Evil and GoodDetect MagicDetect Poison and DiseaseSee Invisibility Protective Aura. As a Magic action, you can plant the haft end of the rod in the ground, whereupon the rod's head sheds Bright Light in a 60-foot radius and Dim Light for an additional 60 feet. While in that Bright Light, you and your allies gain a +1 bonus to Armor Class and saving throws and can sense the location of any Invisible creature that is also in the Bright Light.The rod's head stops glowing and the effect ends after 10 minutes or when a creature takes a Magic action to pull the rod from the ground. Once used, this property can't be used again until the next dawn."
"Rod of Lordly Might","DMG'24","300","legendary","Rod","requires attunement","","","","2 lb.","","This rod has a flanged head, and it functions as a magic Mace that grants a +3 bonus to attack rolls and damage rolls made with it. The rod has properties associated with six different buttons that are set in a row along the haft. It has three other properties as well, detailed below. Buttons. You can press one of the following buttons as a Bonus Action; a button's effect lasts until you push a different button or until you push the same button again, which causes the rod to revert to its normal form:Button 1. A fiery blade sprouts from the end opposite the rod's flanged head. The flames shed Bright Light in a 40-foot radius and Dim Light for an additional 40 feet, and the blade functions as a magic Longsword or Shortsword (your choice) that deals an extra 2d6 Fire damage on a hit.Button 2. The rod's flanged head folds down and two crescent-shaped blades spring out, transforming the rod into a magic Battleaxe that grants a +3 bonus to attack rolls and damage rolls made with it.Button 3. The rod's flanged head folds down, a spear point springs from the rod's tip, and the rod's handle lengthens into a 6-foot haft, transforming the rod into a magic Spear that grants a +3 bonus to attack rolls and damage rolls made with it.Button 4. The rod transforms into a climbing pole up to 50 feet long (you specify the length), though the rod's buttons remain within your reach. In surfaces as hard as granite, a spike at the bottom and three hooks at the top anchor the pole. Horizontal bars 3 inches long fold out from the sides, 1 foot apart, forming a ladder. The pole can bear up to 4,000 pounds. More weight or lack of solid anchoring causes the rod to revert to its normal form.Button 5. The rod transforms into a handheld battering ram and grants its user a +10 bonus to Strength (Athletics) checks made to break through doors, barricades, and other barriers.Button 6. The rod assumes or remains in its normal form and indicates magnetic north. (Nothing happens if this function of the rod is used in a location that has no magnetic north.) The rod also gives you knowledge of your approximate depth beneath the ground or your height above it. Drain Life. When you hit a creature with a melee attack using the rod, you can force the target to make a DC 17 Constitution saving throw. On a failed save, the target takes an extra 4d6 Necrotic damage, and you regain a number of Hit Points equal to half that Necrotic damage. Once used, this property can't be used again until the next dawn. Paralyze. When you hit a creature with a melee attack using the rod, you can force the target to make a DC 17 Constitution saving throw. On a failed save, the target has the Paralyzed condition for 1 minute. The target repeats the save at the end of each of its turns, ending the effect on a success. Once used, this property can't be used again until the next dawn. Terrify. While holding the rod, you can take a Magic action to force each creature you can see within 30 feet of yourself to make a DC 17 Wisdom saving throw. On a failed save, a target has the Frightened condition for 1 minute. A Frightened target repeats the save at the end of each of its turns, ending the effect on itself on a success. Once used, this property can't be used again until the next dawn."
"Rod of Resurrection","DMG'24","301","legendary","Rod","requires attunement by a cleric, druid, or paladin","","","","2 lb.","","The rod has 5 charges. While you hold it, you can cast one of the following spells from it: Heal (expends 1 charge) or Resurrection (expends 5 charges).The rod regains 1 expended charge daily at dawn. If you expend the last charge, roll 1d20. On a 1, the rod disappears in a harmless burst of radiance."
"Rod of Rulership","DMG'24","301","rare","Rod","requires attunement","","","","2 lb.","","You can take a Magic action to present the rod and command obedience from each creature of your choice that you can see within 120 feet of yourself. Each target must succeed on a DC 15 Wisdom saving throw or have the Charmed condition for 8 hours. While Charmed in this way, the creature regards you as its trusted leader. If harmed by you or your allies or commanded to do something contrary to its nature, a target ceases to be Charmed in this way. Once used, this property can't be used again until the next dawn."
"Rod of Security","DMG'24","301","very rare","Rod","","","","","2 lb.","","While holding this rod, you can take a Magic action to activate it. The rod then instantly transports you and up to 199 other willing creatures you can see to a demiplane. You choose the form the demiplane takes. It could be a tranquil garden, a cheery tavern, an immense palace, a tropical island, a fantastic carnival, or whatever else you can imagine. Regardless of its nature, the demiplane contains enough water and food to sustain its visitors, and the demiplane's environment can't harm its occupants. Everything else that can be interacted with there can exist only there. For example, a flower picked from a garden there disappears if it is taken outside the demiplane.For each hour spent in the demiplane, a visitor regains Hit Points as if it had spent 1 Hit Point Die. Also, creatures don't age while there, although time passes normally. Visitors can remain there for up to 200 days divided by the number of creatures present (round down).When the time runs out or you take a Magic action to end the effect, all visitors reappear in the location they occupied when you activated the rod or an unoccupied space nearest that location. Once used, this property can't be used again until 10 days have passed."
"Rod of the Pact Keeper","DMG'24","301","varies","Rod","requires attunement by a warlock","","","","2 lb.","","Multiple variations of this item exist, as listed below:+1 Rod of the Pact Keeper+2 Rod of the Pact Keeper+3 Rod of the Pact Keeper"
"Rope of Climbing","DMG'24","301","uncommon","Wondrous Item","","","","","","","This 60-foot length of rope can hold up to 3,000 pounds. While holding one end of the rope, you can take a Magic action to command the other end of the rope to animate and move toward a destination you choose, up to the rope's length away from you. That end moves 10 feet on your turn when you first command it and 10 feet at the start of each of your subsequent turns until reaching its destination or until you tell it to stop. You can also tell the rope to fasten itself securely to an object or to unfasten itself, to knot or unknot itself, or to coil itself for carrying.If you tell the rope to knot, large knots appear at 1-foot intervals along the rope. While knotted, the rope shortens to a 50-foot length and grants Advantage on ability checks made to climb using the rope.The rope has AC 20, HP 20, and Immunity to Poison and Psychic damage. It regains 1 Hit Point every 5 minutes as long as it has at least 1 Hit Point. If the rope drops to 0 Hit Points, it is destroyed."
"Rope of Entanglement","DMG'24","301","rare","Wondrous Item","","","","","","","This rope is 30 feet long. While holding one end of the rope, you can take a Magic action to command the other end to dart forward and entangle one creature you can see within 20 feet of yourself. The target must succeed on a DC 15 Dexterity saving throw or have the Restrained condition. You can release the target by letting go of your end of the rope (causing the rope to coil up in the target's space) or by using a Bonus Action to repeat the command (causing the rope to coil up in your hand).A target Restrained by the rope can take an action to make its choice of a DC 15 Strength (Athletics) or Dexterity (Acrobatics) check. On a successful check, the target is no longer Restrained by the rope. If you're still holding onto the rope when a target escapes from it, you can take a Reaction to command the rope to coil up in your hand; otherwise, the rope coils up in the target's space.The rope has AC 20, HP 20, and Immunity to Poison and Psychic damage. It regains 1 Hit Point every 5 minutes as long as it has at least 1 Hit Point. If the rope drops to 0 Hit Points, it is destroyed."
"Rope of Mending","DMG'24","302","common","Wondrous Item","","","","","","","This 50-foot coil of rope can repair itself when cut into any number of smaller pieces. As a Magic action, you can cause all pieces of the rope that are in contact with each other and not otherwise in use to knit back together. A Rope of Mending is forever shortened if a section of it is lost or destroyed."
"Rotor of Return","AI","221","very rare","Wondrous Item","requires attunement","","","","","","While attuned to this device, you have a +1 bonus to Constitution saving throws. You periodically receive flashbacks of old memories, and you can unerringly recall any event that took place within the previous 30 days. Borrow Object. You name a mundane item with a value of 50 gp or less and it appears in your hand or at your feet. This can be any item that appears in chapter 5, ""Equipment,"" of the Player's Handbook, or any similar item selected with the DM's permission. The summoned item is transported to you from somewhere else in the world, but it is generic in nature, so that you might call for a longsword but you cannot borrow a specific creature's longsword. The item vanishes 10 minutes after it appears. Once you use this feature of the rotor of return, it cannot be used again until the next dawn. Recall Code. As an action, you can set your current location as a point of return locked to the rotor. Anytime thereafter, you can use a bonus action to teleport to the rotor's point of return as long as you are within 500 feet of that point. Once you use the rotor of return to teleport, this feature cannot be used again until the next dawn. Part of a Whole. While this component is not installed in the Orrery of the Wanderer, its magic might function sporadically or with unpredictable side effects, as determined by the DM."
"Ruby of the War Mage","DMG'24","302","common","Wondrous Item, Spellcasting Focus","requires attunement by a spellcaster","","","","","","Etched with eldritch runes, this 1-inch-diameter ruby allows you to use a Simple or Martial weapon as a Spellcasting Focus for your spells. For this property to work, you must attach the ruby to the weapon by pressing the ruby against it for at least 10 minutes. Thereafter, the ruby can't be removed unless you detach it as a Magic action, the weapon is destroyed, or your Attunement to the ruby ends."
"Saddle of the Cavalier","DMG'24","199","uncommon","Wondrous Item","","","","","","","While in this saddle on a mount, you can't be dismounted against your will if you're conscious, and attack rolls against the mount have disadvantage."
"Scarab of Protection","DMG'24","302","legendary","Wondrous Item","requires attunement","","","","1 lb.","","This beetle-shaped medallion provides three benefits while it is on your person. Defense. You gain a +1 bonus to Armor Class. Preservation. The scarab has 12 charges. If you fail a saving throw against a Necromancy spell or a harmful effect originating from an Undead, you can take a Reaction to expend 1 charge and turn the failed save into a successful one. The scarab crumbles into powder and is destroyed when its last charge is expended. Spell Resistance. You have Advantage on saving throws against spells."
"Scimitar of Speed","DMG'24","302","very rare","Weapon (Scimitar), Martial Weapon, Melee Weapon","requires attunement","1d6 Slashing","Finesse, Light","Mastery: Nick","3 lb.","","You gain a +2 bonus to attack rolls and damage rolls made with this magic weapon. In addition, you can make one attack with it as a Bonus Action on each of your turns. Finesse. When making an attack with a Finesse weapon, use your choice of your Strength or Dexterity modifier for the attack and damage rolls. You must use the same modifier for both rolls. Light. When you take the Attack action on your turn and attack with a Light weapon, you can make one extra attack as a Bonus Action later on the same turn. That extra attack must be made with a different Light weapon, and you don't add your ability modifier to the extra attack's damage unless that modifier is negative. For example, you can attack with a Shortsword in one hand and a Dagger in the other using the Attack action and a Bonus Action, but you don't add your Strength or Dexterity modifier to the damage roll of the Bonus Action unless that modifier is negative. Mastery: Nick. When you make the extra attack of the Light property, you can make it as part of the Attack action instead of as a Bonus Action. You can make this extra attack only once per turn."
"Scribe's Pen","ERLW","278","common","Wondrous Item","requires attunement by a creature with the Mark of Scribing","","","","","","You can use this pen to write on any surface. You decide whether the writing is visible or invisible, but the writing is always visible to a person with the Mark of Scribing.Any creature with the Mark of Scribing can use an action to touch the invisible writing, making it visible to all.If you use the pen to write on a creature that isn't a construct, the writing fades after 7 days."
"Scroll of Protection","DMG'24","302","rare","Scroll","","","","","","","Each Scroll of Protection works against creatures of a specific creature type chosen by the DM or determined by rolling on the following table.1d100Creature Type01-10Aberrations11-15Beasts16-20Celestials21-25Constructs26-35Dragons36-45Elementals46-50Humanoids51-60Fey61-70Fiends71-75Giants76-80Monstrosities81-85Oozes86-90Plants91-00UndeadUsing a Magic action to read the scroll creates a 5-foot Emanation originating from you. For 5 minutes, creatures of the specified type can't enter or affect anything in the area. However, if you move in such a way that a creature of the specified type would be inside the area, the effect ends.As a Magic action, a creature within 5 feet of the Emanation can attempt to overcome it, which forces the creature to make a DC 15 Charisma saving throw. On a successful save, the creature ceases to be affected by the Emanation."
"Scroll of Protection (Aberrations)","DMG'24","302","rare","Scroll","","","","","","","Using a Magic action to read the scroll creates a 5-foot Emanation originating from you. For 5 minutes, Aberrations can't enter or affect anything in the area. However, if you move in such a way that an Aberration would be inside the area, the effect ends.As a Magic action, a creature within 5 feet of the Emanation can attempt to overcome it, which forces the creature to make a DC 15 Charisma saving throw. On a successful save, the creature ceases to be affected by the Emanation."
"Scroll of Protection (Beasts)","DMG'24","302","rare","Scroll","","","","","","","Using a Magic action to read the scroll creates a 5-foot Emanation originating from you. For 5 minutes, Beasts can't enter or affect anything in the area. However, if you move in such a way that an Beast would be inside the area, the effect ends.As a Magic action, a creature within 5 feet of the Emanation can attempt to overcome it, which forces the creature to make a DC 15 Charisma saving throw. On a successful save, the creature ceases to be affected by the Emanation."
"Scroll of Protection (Celestials)","DMG'24","302","rare","Scroll","","","","","","","Using a Magic action to read the scroll creates a 5-foot Emanation originating from you. For 5 minutes, Celestials can't enter or affect anything in the area. However, if you move in such a way that an Celestial would be inside the area, the effect ends.As a Magic action, a creature within 5 feet of the Emanation can attempt to overcome it, which forces the creature to make a DC 15 Charisma saving throw. On a successful save, the creature ceases to be affected by the Emanation."
"Scroll of Protection (Constructs)","DMG'24","302","rare","Scroll","","","","","","","Using a Magic action to read the scroll creates a 5-foot Emanation originating from you. For 5 minutes, Constructs can't enter or affect anything in the area. However, if you move in such a way that an Construct would be inside the area, the effect ends.As a Magic action, a creature within 5 feet of the Emanation can attempt to overcome it, which forces the creature to make a DC 15 Charisma saving throw. On a successful save, the creature ceases to be affected by the Emanation."
"Scroll of Protection (Dragons)","DMG'24","302","rare","Scroll","","","","","","","Using a Magic action to read the scroll creates a 5-foot Emanation originating from you. For 5 minutes, Dragons can't enter or affect anything in the area. However, if you move in such a way that an Dragon would be inside the area, the effect ends.As a Magic action, a creature within 5 feet of the Emanation can attempt to overcome it, which forces the creature to make a DC 15 Charisma saving throw. On a successful save, the creature ceases to be affected by the Emanation."
"Scroll of Protection (Elementals)","DMG'24","302","rare","Scroll","","","","","","","Using a Magic action to read the scroll creates a 5-foot Emanation originating from you. For 5 minutes, Elementals can't enter or affect anything in the area. However, if you move in such a way that an Elemental would be inside the area, the effect ends.As a Magic action, a creature within 5 feet of the Emanation can attempt to overcome it, which forces the creature to make a DC 15 Charisma saving throw. On a successful save, the creature ceases to be affected by the Emanation."
"Scroll of Protection (Fey)","DMG'24","302","rare","Scroll","","","","","","","Using a Magic action to read the scroll creates a 5-foot Emanation originating from you. For 5 minutes, Fey can't enter or affect anything in the area. However, if you move in such a way that an Fey would be inside the area, the effect ends.As a Magic action, a creature within 5 feet of the Emanation can attempt to overcome it, which forces the creature to make a DC 15 Charisma saving throw. On a successful save, the creature ceases to be affected by the Emanation."
"Scroll of Protection (Fiends)","DMG'24","302","rare","Scroll","","","","","","","Using a Magic action to read the scroll creates a 5-foot Emanation originating from you. For 5 minutes, Fiends can't enter or affect anything in the area. However, if you move in such a way that an Fiend would be inside the area, the effect ends.As a Magic action, a creature within 5 feet of the Emanation can attempt to overcome it, which forces the creature to make a DC 15 Charisma saving throw. On a successful save, the creature ceases to be affected by the Emanation."
"Scroll of Protection (Giants)","DMG'24","302","rare","Scroll","","","","","","","Using a Magic action to read the scroll creates a 5-foot Emanation originating from you. For 5 minutes, Giants can't enter or affect anything in the area. However, if you move in such a way that an Giant would be inside the area, the effect ends.As a Magic action, a creature within 5 feet of the Emanation can attempt to overcome it, which forces the creature to make a DC 15 Charisma saving throw. On a successful save, the creature ceases to be affected by the Emanation."
"Scroll of Protection (Humanoids)","DMG'24","302","rare","Scroll","","","","","","","Using a Magic action to read the scroll creates a 5-foot Emanation originating from you. For 5 minutes, Humanoids can't enter or affect anything in the area. However, if you move in such a way that an Humanoid would be inside the area, the effect ends.As a Magic action, a creature within 5 feet of the Emanation can attempt to overcome it, which forces the creature to make a DC 15 Charisma saving throw. On a successful save, the creature ceases to be affected by the Emanation."
"Scroll of Protection (Monstrosities)","DMG'24","302","rare","Scroll","","","","","","","Using a Magic action to read the scroll creates a 5-foot Emanation originating from you. For 5 minutes, Monstrosities can't enter or affect anything in the area. However, if you move in such a way that an Monstrosity would be inside the area, the effect ends.As a Magic action, a creature within 5 feet of the Emanation can attempt to overcome it, which forces the creature to make a DC 15 Charisma saving throw. On a successful save, the creature ceases to be affected by the Emanation."
"Scroll of Protection (Oozes)","DMG'24","302","rare","Scroll","","","","","","","Using a Magic action to read the scroll creates a 5-foot Emanation originating from you. For 5 minutes, Oozes can't enter or affect anything in the area. However, if you move in such a way that an Ooze would be inside the area, the effect ends.As a Magic action, a creature within 5 feet of the Emanation can attempt to overcome it, which forces the creature to make a DC 15 Charisma saving throw. On a successful save, the creature ceases to be affected by the Emanation."
"Scroll of Protection (Plants)","DMG'24","302","rare","Scroll","","","","","","","Using a Magic action to read the scroll creates a 5-foot Emanation originating from you. For 5 minutes, Plants can't enter or affect anything in the area. However, if you move in such a way that an Plant would be inside the area, the effect ends.As a Magic action, a creature within 5 feet of the Emanation can attempt to overcome it, which forces the creature to make a DC 15 Charisma saving throw. On a successful save, the creature ceases to be affected by the Emanation."
"Scroll of Protection (Undead)","DMG'24","302","rare","Scroll","","","","","","","Using a Magic action to read the scroll creates a 5-foot Emanation originating from you. For 5 minutes, Undead can't enter or affect anything in the area. However, if you move in such a way that an Undead would be inside the area, the effect ends.As a Magic action, a creature within 5 feet of the Emanation can attempt to overcome it, which forces the creature to make a DC 15 Charisma saving throw. On a successful save, the creature ceases to be affected by the Emanation."
"Scroll of Titan Summoning","DMG'24","303","legendary","Scroll","","","","","","","When you take a Magic action to read this scroll, a particular titan named in the scroll appears in an unoccupied space on the ground or in water that you can see within 1 mile of yourself. The DM picks a suitable titan or determines it randomly by rolling on the table below.The titan is Hostile toward all other creatures and disappears when it drops to 0 Hit Points. If the titan is summoned into a space that isn't large enough to contain it, the summoning fails, and the scroll is wasted.1d100Titan01-15Animal Lord16-30Blob of Annihilation31-45Colossus46-60Elemental Cataclysm61-75Empyrean76-90Kraken (a kraken requires a body of water large enough to contain it, or the summoning fails and the scroll is wasted)91-100Tarrasque"
"Scroll of Titan Summoning (Animal Lord)","DMG'24","303","legendary","Scroll","","","","","","","When you take a Magic action to read this scroll, an Animal Lord appears in an unoccupied space on the ground or in water that you can see within 1 mile of yourself.The Animal Lord is Hostile toward all other creatures and disappears when it drops to 0 Hit Points. If the Animal Lord is summoned into a space that isn't large enough to contain it, the summoning fails, and the scroll is wasted."
"Scroll of Titan Summoning (Blob of Annihilation)","DMG'24","303","legendary","Scroll","","","","","","","When you take a Magic action to read this scroll, a Blob of Annihilation appears in an unoccupied space on the ground or in water that you can see within 1 mile of yourself.The Blob of Annihilation is Hostile toward all other creatures and disappears when it drops to 0 Hit Points. If the Blob of Annihilation is summoned into a space that isn't large enough to contain it, the summoning fails, and the scroll is wasted."
"Scroll of Titan Summoning (Colossus)","DMG'24","303","legendary","Scroll","","","","","","","When you take a Magic action to read this scroll, a Colossus appears in an unoccupied space on the ground or in water that you can see within 1 mile of yourself.The Colossus is Hostile toward all other creatures and disappears when it drops to 0 Hit Points. If the Colossus is summoned into a space that isn't large enough to contain it, the summoning fails, and the scroll is wasted."
"Scroll of Titan Summoning (Elemental Cataclysm)","DMG'24","303","legendary","Scroll","","","","","","","When you take a Magic action to read this scroll, an Elemental Cataclysm appears in an unoccupied space on the ground or in water that you can see within 1 mile of yourself.The Elemental Cataclysm is Hostile toward all other creatures and disappears when it drops to 0 Hit Points. If the Elemental Cataclysm is summoned into a space that isn't large enough to contain it, the summoning fails, and the scroll is wasted."
"Scroll of Titan Summoning (Empyrean)","DMG'24","303","legendary","Scroll","","","","","","","When you take a Magic action to read this scroll, an Empyrean appears in an unoccupied space on the ground or in water that you can see within 1 mile of yourself.The Empyrean is Hostile toward all other creatures and disappears when it drops to 0 Hit Points. If the Empyrean is summoned into a space that isn't large enough to contain it, the summoning fails, and the scroll is wasted."
"Scroll of Titan Summoning (Kraken)","DMG'24","303","legendary","Scroll","","","","","","","When you take a Magic action to read this scroll, a Kraken appears in an unoccupied space in water that you can see within 1 mile of yourself. A kraken requires a body of water large enough to contain it, or the summoning fails and the scroll is wastedThe Kraken is Hostile toward all other creatures and disappears when it drops to 0 Hit Points. If the Kraken is summoned into a space that isn't large enough to contain it, the summoning fails, and the scroll is wasted."
"Scroll of Titan Summoning (Tarrasque)","DMG'24","303","legendary","Scroll","","","","","","","When you take a Magic action to read this scroll, a Tarrasque appears in an unoccupied space on the ground or in water that you can see within 1 mile of yourself.The Tarrasque is Hostile toward all other creatures and disappears when it drops to 0 Hit Points. If the Tarrasque is summoned into a space that isn't large enough to contain it, the summoning fails, and the scroll is wasted."
"Sending Stone","AI","33","uncommon","Wondrous Item","","","","","","","Also at rank 1, you are given use of an Acquisitions Incorporated sending stone, an uncommon magic item that resembles a gemstone in a bold setting. It functions like a normal sending stone, except that it has no matching stone and allows communication with Head Office, specific secretarians you know, and the secretarian nearest your location. You must succeed on a DC 15 Intelligence (Arcana) check to establish contact. Once the stone is successfully used, it can't be used again until the next dawn.Making contact with another secretarian assumes that they are in possession of their own sending stone.Quirks of Your Sending Stoned8quirk1It's a flip stone.2It gets great reception everywhere except in your headquarters.3It sometimes picks up other magical conversations.4It's the perfect size, shape, and weight to be used as a skipping stone.5It heats up when you use it, to the extent that it once burned through your gloves.6It has an obnoxious ringtone that you can't work out how to change.7It fails to notify you of incoming messages except for a faint pulsating glow.8It's voice activated, so that every time you talk to someone, it tries to send a message to someone else. Rumor Mill. Also at rank 2, whenever your franchise begins a major quest or mission, make a DC 15 Intelligence (History) check. On a success, you can learn up to three rumors related to creatures or organizations involved in the mission, which come to you through your sending stone. These rumors reflect current or historical knowledge possessed by Acquisitions Incorporated or the organization's many contacts. Improved Rumor Mill. At rank 3, when you use your Rumor Mill feature, the DM provides you with a sense of which parts of a particular rumor are inaccurate, if any. You do not necessarily learn the truth behind those false rumors."
"Sending Stones","DMG'24","303","uncommon","Wondrous Item","","","","","","","Sending Stones come in pairs, with each stone carved to match the other so the pairing is easily recognized. While you touch one stone, you can cast Sending from it. The target is the bearer of the other stone. If no creature bears the other stone, you know that fact as soon as you use the stone, and you don't cast the spell.Once Sending is cast using either stone, the stones can't be used again until the next dawn. If one of the stones in a pair is destroyed, the other one becomes nonmagical."
"Sentinel Shield","DMG'24","303","uncommon","Shield (Shield)","","AC +2","","","6 lb.","","While holding this Shield, you have Advantage on Initiative rolls and Wisdom (Perception) checks. The Shield is emblazoned with a symbol of an eye."
"Shadowfell Brand Tattoo","TCE","134","rare","Wondrous Item (Tattoo)","requires attunement","","","","","","Produced by a special needle, this magic tattoo is dark in color and abstract. Tattoo Attunement. To attune to this item, you hold the needle to your skin where you want the tattoo to appear, pressing the needle there throughout the attunement process. When the attunement is complete, the needle turns into the ink that becomes the tattoo, which appears on the skin.If your attunement to the tattoo ends, the tattoo vanishes, and the needle reappears in your space. Shadow Essence. You gain darkvision with a range of 60 feet, and you have advantage on Dexterity (Stealth) checks. Shadowy Defense. When you take damage, you can use your reaction to become insubstantial for a moment, halving the damage you take. Then the reaction can't be used again until the next sunset."
"Shadowfell Shard","TCE","135","rare","Wondrous Item, Spellcasting Focus","requires attunement by a sorcerer","","","","1 lb.","","This dull, cold crystal sits heavy and leaden, saturated by the Shadowfell's despair. As an action, you can attach the shard to a Tiny object (such as a weapon or a piece of jewelry) or detach it. It falls off if your attunement to it ends. You can use the shard as a spellcasting focus while you hold or wear it.When you use a Metamagic option on a spell while you are holding or wearing the shard, you can momentarily curse one creature targeted by the spell; choose one ability score, and until the end of your next turn, the creature has disadvantage on ability checks and saving throws that use that ability."
"Shield of Expression","DMG'24","303","common","Shield (Shield)","","AC +2","","","6 lb.","","The front of this Shield is shaped in the likeness of a face. While bearing the Shield, you can take a Bonus Action to alter the face's expression."
"Shield of Far Sight","VGM","81","rare","Armor (Shield)","","AC +2","","","6 lb.","","A mind flayer skilled at crafting magic items creates a shield of far sight by harvesting an eye from an intelligent humanoid and magically implanting it on the outer surface of a nonmagical shield. The shield becomes a magic item once the eyes is implanted, whereupon the mind flayer can give the shield to a thrall or hang it on a wall in its lair. As long as the shield is on the same plane of existence as its creator, the mind flayer can see through the shield's eye, which has darkvision out to a range of 60 feet. While peering through this magical eye, the mind flayer can use its Mind Blast action as though it were standing behind the shield.If a shield of far sight is destroyed, the mind flayer that created it is blinded for 2d12 hours."
"Shield of Missile Attraction","DMG'24","304","rare","Shield (Shield)","requires attunement","AC +2","","","6 lb.","","While holding this Shield, you have Resistance to damage from attacks made with Ranged weapons. Curse. This Shield is cursed. Attuning to it curses you until you are targeted by a Remove Curse spell or similar magic. Removing the Shield fails to end the curse on you. Whenever an attack with a Ranged weapon targets a creature within 10 feet of you, the curse causes you to become the target instead."
"Shield of the Cavalier","DMG'24","304","very rare","Shield (Shield)","requires attunement","AC +2","","","6 lb.","","While holding this Shield, you have a +2 bonus to Armor Class. This bonus is in addition to the Shield's normal bonus to AC.The Shield has the following additional properties that you can use while holding it. Forceful Bash. When you take the Attack action, you can make one of the attack rolls using the Shield against a target within 5 feet of yourself. Apply your Proficiency Bonus and Strength modifier to the attack roll. On a hit, the Shield deals Force damage to the target equal to 2d6 + 2 plus your Strength modifier, and if the target is a creature, you can push it up to 10 feet directly away from yourself. If the creature is your size or smaller, you can also knock it down, giving it the Prone condition. Protective Field. As a Reaction, when you or an ally you can see within 5 feet of you is targeted by an attack or makes a saving throw against an area of effect, you can use the Shield to create an immobile 5-foot Emanation originating from you. When the Emanation appears, any creatures or objects not fully contained within it are pushed into the nearest unoccupied spaces outside it. The attack or area of effect that triggered the Reaction has no effect on creatures and objects inside the Emanation, which lasts as long as you maintain Concentration, up to 1 minute. Nothing can pass into or out of the Emanation. A creature or object inside the Emanation can't be damaged by attacks or effects originating from outside, nor can a creature inside the Emanation damage anything outside it. Once this property is used, it can't be used again until the next dawn."
"Shield of the Hidden Lord","BGDIA","225","legendary","Armor (Shield)","requires attunement","AC +2","","","6 lb.","","The Shield of the Hidden Lord is of celestial origin and serves as a prison for the pit fiend Gargauth, whose mortal followers revere it as a god. Over time, Gargauth's evil has warped the shield's appearance, so that its celestial motif and designs have become twisted into a fiendish face that subtly moves in disturbing ways.While holding this shield, you gain a +2 bonus to AC and resistance to fire damage. Sentience. The Shield of the Hidden Lord is sentient as long as it imprisons Gargauth. While sentient, the shield has the following properties:The shield has an Intelligence of 22, a Wisdom of 18, and a Charisma of 24, as well as hearing and truesight out to a range of 120 feet.The shield can speak, read, and understand Common and Infernal, and it can communicate telepathically with any creature it can sense within 120 feet of it. Its voice is a deep, hollow whisper.The shield has 3 charges. You can use an action to expend 1 charge to cast fireball or 2 charges to cast wall of fire from the shield (save DC 21 for each). The wall of fire spell lasts for 1 minute (no concentration required). The shield regains all expended charges daily at dawn.Anytime during your turn, the shield can choose to radiate an aura of dread for 1 minute. (This is not a power of the shield that you control.) Any creature hostile to you that starts its turn within 20 feet of the shield must make a DC 18 Wisdom saving throw. On a failed save, the creature is frightened until the start of its next turn. On a successful save, the creature is immune to this power of the shield for the next 24 hours. Once the shield uses this power, it can't use it again until the next dawn. Gargauth's Personality. Gargauth desperately seeks freedom but can't escape on its own. The pit fiend won't reveal its true nature, referring to itself only as the Hidden Lord. It drops hints and subtle suggestions that it is an angel trapped in an unholy prison. If released from the shield, the pit fiend honors the terms of whatever bargain it struck to facilitate its escape.While trapped in the shield, Gargauth carefully steers the shield's current owner toward committing acts of cruelty and domination, hoping to condemn the individual's soul to the Nine Hells. Conflict occurs if the shield's owner does anything that would make it more difficult for Gargauth to escape its prison, such as leaving the shield in a place where others are unlikely to find it.Gargauth doesn't know how to escape from the shield. The pit fiend believes (incorrectly) that it can break free of the shield if it's brought to the Nine Hells, for it's convinced that the shield's powers are weaker there. Freeing Gargauth. Casting dispel evil and good on the shield has a 1 percent chance of freeing the pit fiend, or automatically succeeds if the spell is cast by a solar, a planetar, or an archdevil. A god can release the pit fiend by touching the shield and speaking Gargauth's name. When released, Gargauth appears in a random, unoccupied space as close to the shield as possible."
"Shiftweave","ERLW","279","common","Wondrous Item","","","","","","","When a suit of shiftweave is created, up to five different outfits can be embedded into the cloth. While wearing the clothing, you can speak its command word as a bonus action to transform your outfit into your choice of one of the other designs contained within it. Regardless of its appearance, the outfit can't be anything but clothing. Although it can duplicate the look of other magical clothing, it doesn't gain their magical properties."
"Silver Dragon Scale Mail","DMG'24","254","very rare","Medium Armor (Scale Mail)","requires attunement","AC 14 + Dex (max 2)","","","45 lb.","","Dragon Scale Mail is made of the scales of one kind of dragon. Sometimes dragons collect their cast-off scales and gift them. Other times, hunters carefully preserve the hide of a dead dragon. In either case, Dragon Scale Mail is highly valued.While wearing this armor, you gain a +1 bonus to Armor Class, you have Advantage on saving throws against the breath weapons of Dragons, and you have Resistance to Cold damage.Additionally, you can focus your senses as a Magic action to discern the distance and direction to the closest silver dragon within 30 miles of yourself. This action can't be used again until the next dawn.The wearer has Disadvantage on Dexterity (Stealth) checks."
"Silver Sword","MTF","89","unknown (magic)","Weapon, Martial Weapon, Melee Weapon","requires attunement by a creature that has psionic ability","2d6 Slashing","heavy, two‑handed","","6 lb.","","You have a +3 bonus to attack and damage rolls made with this magic weapon. On a critical hit against a target in an astral body (as with the astral projection spell), you can cut the silvery cord that tethers the target to its material body, instead of dealing damage. Heavy. Creatures that are Small or Tiny have disadvantage on attack rolls with heavy weapons. A heavy weapon's size and bulk make it too large for a Small or Tiny creature to use effectively. Two-Handed. This weapon requires two hands to use. This property is relevant only when you attack with the weapon, not when you simply hold it."
"Silvered Weapon","DMG'24","304","common","Generic Variant","","","","","","","An alchemical process has bonded silver to this magic weapon. When you score a Critical Hit with it against a creature that is shape-shifted, the weapon deals one additional die of damage. Base items. This item variant can be applied to the following base items:Antimatter Rifle (Silvered Antimatter Rifle)Automatic Rifle (Silvered Automatic Rifle)Battleaxe (Silvered Battleaxe)Blowgun (Silvered Blowgun)Club (Silvered Club)Dagger (Silvered Dagger)Dart (Silvered Dart)Double-Bladed Scimitar (Silvered Double-Bladed Scimitar)Flail (Silvered Flail)Glaive (Silvered Glaive)Greataxe (Silvered Greataxe)Greatclub (Silvered Greatclub)Greatsword (Silvered Greatsword)Halberd (Silvered Halberd)Hand Crossbow (Silvered Hand Crossbow)Handaxe (Silvered Handaxe)Heavy Crossbow (Silvered Heavy Crossbow)Hooked Shortspear (Silvered Hooked Shortspear)Hoopak (Silvered Hoopak)Hunting Rifle (Silvered Hunting Rifle)Javelin (Silvered Javelin)Lance (Silvered Lance)Laser Pistol (Silvered Laser Pistol)Laser Rifle (Silvered Laser Rifle)Light Crossbow (Silvered Light Crossbow)Light Hammer (Silvered Light Hammer)Light Repeating Crossbow (Silvered Light Repeating Crossbow)Longbow (Silvered Longbow)Longsword (Silvered Longsword)Mace (Silvered Mace)Maul (Silvered Maul)Morningstar (Silvered Morningstar)Musket (Silvered Musket)Pike (Silvered Pike)Pistol (Silvered Pistol)Quarterstaff (Silvered Quarterstaff)Rapier (Silvered Rapier)Revolver (Silvered Revolver)Scimitar (Silvered Scimitar)Semiautomatic Pistol (Silvered Semiautomatic Pistol)Shortbow (Silvered Shortbow)Shortsword (Silvered Shortsword)Shotgun (Silvered Shotgun)Sickle (Silvered Sickle)Sling (Silvered Sling)Spear (Silvered Spear)Staff (Silvered Staff)Trident (Silvered Trident)War Pick (Silvered War Pick)Warhammer (Silvered Warhammer)Whip (Silvered Whip)Wooden Staff (Silvered Wooden Staff)Yklwa (Silvered Yklwa)"
"Slippers of Spider Climbing","DMG'24","304","uncommon","Wondrous Item","requires attunement","","","","","","While you wear these light shoes, you can move up, down, and across vertical surfaces and along ceilings, while leaving your hands free. You have a Climb Speed equal to your Speed. However, the slippers don't allow you to move this way on a slippery surface, such as one covered by ice or oil."
"Smoldering Armor","DMG'24","305","common","Generic Variant","","","","","","","Wisps of harmless, odorless smoke rise from this armor while it is worn. Base items. This item variant can be applied to the following base items:Breastplate (Smoldering Breastplate)Chain Mail (Smoldering Chain Mail)Chain Shirt (Smoldering Chain Shirt)Half Plate Armor (Smoldering Half Plate Armor)Hide Armor (Smoldering Hide Armor)Leather Armor (Smoldering Leather Armor)Padded Armor (Smoldering Padded Armor)Plate Armor (Smoldering Plate Armor)Ring Mail (Smoldering Ring Mail)Scale Mail (Smoldering Scale Mail)Splint Armor (Smoldering Splint Armor)Studded Leather Armor (Smoldering Studded Leather Armor)"
"Soul Coin","BGDIA","225","uncommon","Wondrous Item","","","","","⅓ lb.","","Soul coins are about 5 inches across and about an inch thick, minted from infernal iron. Each coin weighs one-third of a pound, and is inscribed with Infernal writing and a spell that magically binds a single soul to the coin. Because each soul coin has a unique soul trapped within it, each has a story. A creature might have been imprisoned as a result of defaulting on a deal, while another might be the victim of a night hag's curse. Carrying Soul Coins. To hold a soul coin is to feel the soul bound within it—overcome with rage or fraught with despair.An evil creature can carry as many soul coins as it wishes (up to its maximum weight allowance). A non-evil creature can carry a number of soul coins equal to or less than its Constitution modifier without penalty. A non-evil creature carrying a number of soul coins greater than its Constitution modifier has disadvantage on its attack rolls, ability checks, and saving throws. Using a Soul Coin. A soul coin has 3 charges. A creature carrying the coin can use its action to expend 1 charge from a soul coin and use it to do one of the following:Drain Life. You siphon away some of the soul's essence and gain 1d10 temporary hit points.Query. You telepathically ask the soul a question and receive a brief telepathic response, which you can understand. The soul knows only what it knew in life, but it must answer you truthfully and to the best of its ability. The answer is no more than a sentence or two and might be cryptic. Freeing a Soul. Casting a spell that removes a curse on a soul coin frees the soul trapped within it, as does expending all of the coin's charges. The coin itself rusts from within and is destroyed once the soul is released. A freed soul travels to the realm of the god it served or the outer plane most closely tied to its alignment (DM's choice). The souls of lawful evil creatures released from soul coins typically emerge from the River Styx as lemure devils.A soul can also be freed by destroying the coin that contains it. A soul coin has AC 19, 1 hit point for each charge it has remaining, and immunity to all damage except that which is dealt by a hellfire weapon or an infernal war machine's furnace (see ""Soul Fuel"").Freeing a soul from a soul coin is considered a good act, even if the soul belongs to an evil creature. Hellish Currency. Soul coins are a currency of the Nine Hells and are highly valued by devils. The coins are used among the infernal hierarchy to barter for favors, bribe the unwilling, and reward the faithful for services rendered.Soul coins are created by Mammon and his greater devils on Minauros, the third layer of the Nine Hells, in a vast chamber where the captured souls of evil mortals are bound into the coins. These coins are then distributed throughout the Nine Hells to be used for goods and services, infernal deals, dark bargains, and bribes."
"Sovereign Glue","DMG'24","305","legendary","Wondrous Item","","","","","","","This viscous, milky-white substance can form a permanent adhesive bond between any two objects. It must be stored in a jar or flask that has been coated inside with Oil of Slipperiness. When found, a container contains 1d6 + 1 ounces.One ounce of the glue can cover a 1-foot square surface. Applying an ounce of Sovereign Glue takes a Utilize action, and the applied glue takes 1 minute to set. Once it has done so, the bond it creates can be broken only by the application of Universal Solvent or Oil of Etherealness, or with a Wish spell."
"Speaking Stone","ERLW","279","very rare","Wondrous Item","","","","","","","The key to long-distance, virtually instantaneous communication across Khorvaire is House Sivis's network of message stations. Each station contains at least one speaking stone, which is carved from a Siberys dragonshard and inscribed with arcane symbols that uniquely identify it. If you're a gnome with the Mark of Scribing, you can touch the stone and use an action to cast the sending spell from it. The target is any other speaking stone whose location or unique sequence of symbols you know. A creature within 5 feet of the stone hears the message as if they were the target.In a Sivis message station, a gnome is always on duty by the speaking stone, listening for messages that might come in and transcribing them for delivery to their intended recipients."
"Spell Scroll","DMG'24","305","varies","Scroll","","","","","","","Multiple variations of this item exist, as listed below:Spell Scroll (Cantrip)Spell Scroll (Level 1)Spell Scroll (Level 2)Spell Scroll (Level 3)Spell Scroll (Level 4)Spell Scroll (Level 5)Spell Scroll (Level 6)Spell Scroll (Level 7)Spell Scroll (Level 8)Spell Scroll (Level 9)"
"Spell Scroll (Cantrip)","DMG'24","305","common","Scroll","","","","","","30 GP","A Spell Scroll bears the words of a single spell, written in a mystical cipher. If the spell is on your spell list, you can read the scroll and cast its spell without Material components. Otherwise, the scroll is unintelligible. Casting the spell by reading the scroll requires the spell's normal casting time. Once the spell is cast, the scroll crumbles to dust. If the casting is interrupted, the scroll isn't lost.If the spell is on your spell list but of a higher level than you can normally cast, you make a DC 10 ability check using your spellcasting ability to determine whether you cast the spell. On a failed check, the spell disappears from the scroll with no other effect.If the spell requires a saving throw or an attack roll, the spell save DC is 13, and the attack bonus is +5."
"Spell Scroll (Level 1)","DMG'24","305","common","Scroll","","","","","","50 GP","A Spell Scroll bears the words of a single spell, written in a mystical cipher. If the spell is on your spell list, you can read the scroll and cast its spell without Material components. Otherwise, the scroll is unintelligible. Casting the spell by reading the scroll requires the spell's normal casting time. Once the spell is cast, the scroll crumbles to dust. If the casting is interrupted, the scroll isn't lost.If the spell is on your spell list but of a higher level than you can normally cast, you make a DC 11 ability check using your spellcasting ability to determine whether you cast the spell. On a failed check, the spell disappears from the scroll with no other effect.If the spell requires a saving throw or an attack roll, the spell save DC is 13, and the attack bonus is +5. Copying a Scroll into a Spellbook. A Wizard spell on a Spell Scroll can be copied into a spellbook. When a level 1 spell is copied in this way, the copier must succeed on a DC 11 Intelligence (Arcana). On a successful check, the spell is copied. Whether the check succeeds or fails, the Spell Scroll is destroyed."
"Spell Scroll (Level 2)","DMG'24","305","uncommon","Scroll","","","","","","","A Spell Scroll bears the words of a single spell, written in a mystical cipher. If the spell is on your spell list, you can read the scroll and cast its spell without Material components. Otherwise, the scroll is unintelligible. Casting the spell by reading the scroll requires the spell's normal casting time. Once the spell is cast, the scroll crumbles to dust. If the casting is interrupted, the scroll isn't lost.If the spell is on your spell list but of a higher level than you can normally cast, you make a DC 12 ability check using your spellcasting ability to determine whether you cast the spell. On a failed check, the spell disappears from the scroll with no other effect.If the spell requires a saving throw or an attack roll, the spell save DC is 13, and the attack bonus is +5. Copying a Scroll into a Spellbook. A Wizard spell on a Spell Scroll can be copied into a spellbook. When a level 2 spell is copied in this way, the copier must succeed on a DC 12 Intelligence (Arcana). On a successful check, the spell is copied. Whether the check succeeds or fails, the Spell Scroll is destroyed."
"Spell Scroll (Level 3)","DMG'24","305","uncommon","Scroll","","","","","","","A Spell Scroll bears the words of a single spell, written in a mystical cipher. If the spell is on your spell list, you can read the scroll and cast its spell without Material components. Otherwise, the scroll is unintelligible. Casting the spell by reading the scroll requires the spell's normal casting time. Once the spell is cast, the scroll crumbles to dust. If the casting is interrupted, the scroll isn't lost.If the spell is on your spell list but of a higher level than you can normally cast, you make a DC 13 ability check using your spellcasting ability to determine whether you cast the spell. On a failed check, the spell disappears from the scroll with no other effect.If the spell requires a saving throw or an attack roll, the spell save DC is 15, and the attack bonus is +7. Copying a Scroll into a Spellbook. A Wizard spell on a Spell Scroll can be copied into a spellbook. When a level 3 spell is copied in this way, the copier must succeed on a DC 13 Intelligence (Arcana). On a successful check, the spell is copied. Whether the check succeeds or fails, the Spell Scroll is destroyed."
"Spell Scroll (Level 4)","DMG'24","305","rare","Scroll","","","","","","","A Spell Scroll bears the words of a single spell, written in a mystical cipher. If the spell is on your spell list, you can read the scroll and cast its spell without Material components. Otherwise, the scroll is unintelligible. Casting the spell by reading the scroll requires the spell's normal casting time. Once the spell is cast, the scroll crumbles to dust. If the casting is interrupted, the scroll isn't lost.If the spell is on your spell list but of a higher level than you can normally cast, you make a DC 14 ability check using your spellcasting ability to determine whether you cast the spell. On a failed check, the spell disappears from the scroll with no other effect.If the spell requires a saving throw or an attack roll, the spell save DC is 15, and the attack bonus is +7. Copying a Scroll into a Spellbook. A Wizard spell on a Spell Scroll can be copied into a spellbook. When a level 4 spell is copied in this way, the copier must succeed on a DC 14 Intelligence (Arcana). On a successful check, the spell is copied. Whether the check succeeds or fails, the Spell Scroll is destroyed."
"Spell Scroll (Level 5)","DMG'24","305","rare","Scroll","","","","","","","A Spell Scroll bears the words of a single spell, written in a mystical cipher. If the spell is on your spell list, you can read the scroll and cast its spell without Material components. Otherwise, the scroll is unintelligible. Casting the spell by reading the scroll requires the spell's normal casting time. Once the spell is cast, the scroll crumbles to dust. If the casting is interrupted, the scroll isn't lost.If the spell is on your spell list but of a higher level than you can normally cast, you make a DC 15 ability check using your spellcasting ability to determine whether you cast the spell. On a failed check, the spell disappears from the scroll with no other effect.If the spell requires a saving throw or an attack roll, the spell save DC is 17, and the attack bonus is +9. Copying a Scroll into a Spellbook. A Wizard spell on a Spell Scroll can be copied into a spellbook. When a level 5 spell is copied in this way, the copier must succeed on a DC 15 Intelligence (Arcana). On a successful check, the spell is copied. Whether the check succeeds or fails, the Spell Scroll is destroyed."
"Spell Scroll (Level 6)","DMG'24","305","very rare","Scroll","","","","","","","A Spell Scroll bears the words of a single spell, written in a mystical cipher. If the spell is on your spell list, you can read the scroll and cast its spell without Material components. Otherwise, the scroll is unintelligible. Casting the spell by reading the scroll requires the spell's normal casting time. Once the spell is cast, the scroll crumbles to dust. If the casting is interrupted, the scroll isn't lost.If the spell is on your spell list but of a higher level than you can normally cast, you make a DC 16 ability check using your spellcasting ability to determine whether you cast the spell. On a failed check, the spell disappears from the scroll with no other effect.If the spell requires a saving throw or an attack roll, the spell save DC is 17, and the attack bonus is +9. Copying a Scroll into a Spellbook. A Wizard spell on a Spell Scroll can be copied into a spellbook. When a level 6 spell is copied in this way, the copier must succeed on a DC 16 Intelligence (Arcana). On a successful check, the spell is copied. Whether the check succeeds or fails, the Spell Scroll is destroyed."
"Spell Scroll (Level 7)","DMG'24","305","very rare","Scroll","","","","","","","A Spell Scroll bears the words of a single spell, written in a mystical cipher. If the spell is on your spell list, you can read the scroll and cast its spell without Material components. Otherwise, the scroll is unintelligible. Casting the spell by reading the scroll requires the spell's normal casting time. Once the spell is cast, the scroll crumbles to dust. If the casting is interrupted, the scroll isn't lost.If the spell is on your spell list but of a higher level than you can normally cast, you make a DC 17 ability check using your spellcasting ability to determine whether you cast the spell. On a failed check, the spell disappears from the scroll with no other effect.If the spell requires a saving throw or an attack roll, the spell save DC is 18, and the attack bonus is +10. Copying a Scroll into a Spellbook. A Wizard spell on a Spell Scroll can be copied into a spellbook. When a level 7 spell is copied in this way, the copier must succeed on a DC 17 Intelligence (Arcana). On a successful check, the spell is copied. Whether the check succeeds or fails, the Spell Scroll is destroyed."
"Spell Scroll (Level 8)","DMG'24","305","very rare","Scroll","","","","","","","A Spell Scroll bears the words of a single spell, written in a mystical cipher. If the spell is on your spell list, you can read the scroll and cast its spell without Material components. Otherwise, the scroll is unintelligible. Casting the spell by reading the scroll requires the spell's normal casting time. Once the spell is cast, the scroll crumbles to dust. If the casting is interrupted, the scroll isn't lost.If the spell is on your spell list but of a higher level than you can normally cast, you make a DC 18 ability check using your spellcasting ability to determine whether you cast the spell. On a failed check, the spell disappears from the scroll with no other effect.If the spell requires a saving throw or an attack roll, the spell save DC is 18, and the attack bonus is +10. Copying a Scroll into a Spellbook. A Wizard spell on a Spell Scroll can be copied into a spellbook. When a level 8 spell is copied in this way, the copier must succeed on a DC 18 Intelligence (Arcana). On a successful check, the spell is copied. Whether the check succeeds or fails, the Spell Scroll is destroyed."
"Spell Scroll (Level 9)","DMG'24","305","legendary","Scroll","","","","","","","A Spell Scroll bears the words of a single spell, written in a mystical cipher. If the spell is on your spell list, you can read the scroll and cast its spell without Material components. Otherwise, the scroll is unintelligible. Casting the spell by reading the scroll requires the spell's normal casting time. Once the spell is cast, the scroll crumbles to dust. If the casting is interrupted, the scroll isn't lost.If the spell is on your spell list but of a higher level than you can normally cast, you make a DC 19 ability check using your spellcasting ability to determine whether you cast the spell. On a failed check, the spell disappears from the scroll with no other effect.If the spell requires a saving throw or an attack roll, the spell save DC is 19, and the attack bonus is +11. Copying a Scroll into a Spellbook. A Wizard spell on a Spell Scroll can be copied into a spellbook. When a level 9 spell is copied in this way, the copier must succeed on a DC 19 Intelligence (Arcana). On a successful check, the spell is copied. Whether the check succeeds or fails, the Spell Scroll is destroyed."
"Spell-Refueling Ring","EFA","112","uncommon","Ring","requires attunement by a spellcaster","","","","","","While wearing this ring, you can recover one expended spell slot as a Bonus Action. The recovered slot can be of level 3 or lower. Once used, the ring can't be used again until the next dawn."
"Spellguard Shield","DMG'24","305","very rare","Shield (Shield)","requires attunement","AC +2","","","6 lb.","","While holding this Shield, you have Advantage on saving throws against spells and other magical effects, and spell attack rolls have Disadvantage against you."
"Spellshard","ERLW","279","common","Wondrous Item","","","","","","","This polished Eberron dragonshard fits in the hand and stores information similar to a book. The shard can hold the equivalent of one book that's no more than 320 pages long. A shard can be created blank or already filled with information. When the shard is created, the creator can set a passphrase that must be spoken to access the information stored within.While holding the shard, you can use an action to open your mind to the shard, seeing its content in your mind. On subsequent rounds, reading the text or scribing new text on blank ""pages"" in the shard requires concentration (as if concentrating on a spell) and takes the same amount of time it takes you to read and write normally. Thinking of a particular phrase or topic draws you to the first section in the shard that addresses it.A wizard can use a spellshard as a spellbook, with the usual cost in gold and time to ""scribe"" a spell into the shard."
"Spellwrought Tattoo","TCE","135","varies","Wondrous Item (Tattoo)","","","","","","","Multiple variations of this item exist, as listed below:Spellwrought Tattoo (Cantrip)Spellwrought Tattoo (1st Level)Spellwrought Tattoo (2nd Level)Spellwrought Tattoo (3rd Level)Spellwrought Tattoo (4th Level)Spellwrought Tattoo (5th Level)"
"Spellwrought Tattoo (1st Level)","TCE","135","common","Wondrous Item (Tattoo)","","","","","","","Produced by a special needle, this magic tattoo contains a single 1st level spell, wrought on your skin by a magic needle. To use the tattoo, you must hold the needle against your skin and speak the command word. The needle turns into ink that becomes the tattoo, which appears on the skin in whatever design you like. Once the tattoo is there, you can cast its spell, requiring no material components. The tattoo glows faintly while you cast the spell and for the spell's duration. Once the spell ends, the tattoo vanishes from your skin.The Ability modifier for this spell is +3; the Save DC is 13 and the attack bonus is +5."
"Spellwrought Tattoo (2nd Level)","TCE","135","uncommon","Wondrous Item (Tattoo)","","","","","","","Produced by a special needle, this magic tattoo contains a single 2nd level spell, wrought on your skin by a magic needle. To use the tattoo, you must hold the needle against your skin and speak the command word. The needle turns into ink that becomes the tattoo, which appears on the skin in whatever design you like. Once the tattoo is there, you can cast its spell, requiring no material components. The tattoo glows faintly while you cast the spell and for the spell's duration. Once the spell ends, the tattoo vanishes from your skin.The Ability modifier for this spell is +3; the Save DC is 13 and the attack bonus is +5."
"Spellwrought Tattoo (3rd Level)","TCE","135","uncommon","Wondrous Item (Tattoo)","","","","","","","Produced by a special needle, this magic tattoo contains a single 3rd level spell, wrought on your skin by a magic needle. To use the tattoo, you must hold the needle against your skin and speak the command word. The needle turns into ink that becomes the tattoo, which appears on the skin in whatever design you like. Once the tattoo is there, you can cast its spell, requiring no material components. The tattoo glows faintly while you cast the spell and for the spell's duration. Once the spell ends, the tattoo vanishes from your skin.The Ability modifier for this spell is +4; the Save DC is 15 and the attack bonus is +7."
"Spellwrought Tattoo (4th Level)","TCE","135","rare","Wondrous Item (Tattoo)","","","","","","","Produced by a special needle, this magic tattoo contains a single 4th level spell, wrought on your skin by a magic needle. To use the tattoo, you must hold the needle against your skin and speak the command word. The needle turns into ink that becomes the tattoo, which appears on the skin in whatever design you like. Once the tattoo is there, you can cast its spell, requiring no material components. The tattoo glows faintly while you cast the spell and for the spell's duration. Once the spell ends, the tattoo vanishes from your skin.The Ability modifier for this spell is +4; the Save DC is 15 and the attack bonus is +7."
"Spellwrought Tattoo (5th Level)","TCE","135","rare","Wondrous Item (Tattoo)","","","","","","","Produced by a special needle, this magic tattoo contains a single 5th level spell, wrought on your skin by a magic needle. To use the tattoo, you must hold the needle against your skin and speak the command word. The needle turns into ink that becomes the tattoo, which appears on the skin in whatever design you like. Once the tattoo is there, you can cast its spell, requiring no material components. The tattoo glows faintly while you cast the spell and for the spell's duration. Once the spell ends, the tattoo vanishes from your skin.The Ability modifier for this spell is +5; the Save DC is 17 and the attack bonus is +9."
"Spellwrought Tattoo (Cantrip)","TCE","135","common","Wondrous Item (Tattoo)","","","","","","","Produced by a special needle, this magic tattoo contains a single cantrip, wrought on your skin by a magic needle. To use the tattoo, you must hold the needle against your skin and speak the command word. The needle turns into ink that becomes the tattoo, which appears on the skin in whatever design you like. Once the tattoo is there, you can cast its spell, requiring no material components. The tattoo glows faintly while you cast the spell and for the spell's duration. Once the spell ends, the tattoo vanishes from your skin.The Ability modifier for this spell is +3; the Save DC is 13 and the attack bonus is +5."
"Sphere of Annihilation","DMG'24","306","legendary","Wondrous Item","","","","","","","This 2-foot-diameter black sphere is a hole in the multiverse, hovering in space and stabilized by a magical field surrounding it.The sphere obliterates all matter it passes through and all matter that passes through it. Artifacts are the exception. Unless an Artifact is susceptible to damage from a Sphere of Annihilation, it passes through the sphere unscathed. Anything else that touches the sphere but isn't wholly engulfed and obliterated by it takes 8d10 Force damage. Controlling the Sphere. A Sphere of Annihilation is stationary until someone takes control of it. If you are within 60 feet of a sphere, you can take a Magic action to make a DC 25 Intelligence (Arcana) check. On a successful check, you control the sphere until the start of your next turn, and if it was under another creature's control, that creature loses control of the sphere. On a failed check, the sphere moves 10 feet toward you in a straight line.While in control of the sphere, you can take a Bonus Action to cause it to move in one direction of your choice, up to a number of feet equal to 5 times your Intelligence modifier (minimum 5 feet). Any creature whose space the sphere enters must succeed on a DC 19 Dexterity saving throw or be touched by it, taking 8d10 Force damage. A creature reduced to 0 Hit Points by this damage is obliterated, leaving its possessions behind but no other physical remains. Sphere Interactions. If the sphere comes into contact with a planar portal (such as that created by the Gate spell) or an extradimensional space (such as that within a Portable Hole), the DM determines randomly what happens using the following table.1d100Result01-50The sphere is destroyed.51-85The sphere moves through the portal or into the extradimensional space.86-00A spatial rift sends the sphere and each creature and object within 180 feet of the sphere to a random plane of existence."
"Spirit Board","DMG'24","306","very rare","Wondrous Item","","","","","","","This ornate wooden board has the letters of the Common alphabet printed on one side, alongside the words ""Yes"" and ""No"" and symbols representing ""Weal"" and ""Woe."" The board comes with a heart-shaped, wooden planchette. This planchette must be resting on the lettered side of the board for the board's magic to function.This board has 3 charges and regains 1 expended charge daily at dawn. While touching the planchette, you can take 1 minute to cast one of the spells on the table below. The table indicates how many charges you must expend to cast the spell. As you cast the spell, you call on the spirits of the dead to help guide the planchette across the board's surface, answering your questions by pointing to the letters or words on the board.SpellCharge CostAugury1Commune3"
"Spyglass of Clairvoyance","AI","19","common","Wondrous Item","","","","","","","At rank 2, your Head Office-supplied spyglass becomes a common magic item. As an action, you can look through the spyglass of clairvoyance at a location within 1 mile of you that is obstructing your view, such as a mountain, castle, or forest. You must then succeed on a DC 15 Wisdom check using cartographer's tools to map the natural terrain found within three miles of that chosen point. You do not gain any knowledge of creatures, structures, or anything other than natural terrain. This property of the spyglass cannot be used again until the next dawn."
"Staff of Adornment","DMG'24","306","common","Staff, Weapon, Simple Weapon, Melee Weapon","","1d6 Bludgeoning","Versatile (1d8)","Mastery: Topple","4 lb.","","If you place a Tiny object weighing no more than 1 pound (such as a shard of crystal, an egg, or a stone) above the tip of this staff while holding it, the object floats an inch from the staff's tip and remains there until it is removed or until the staff is no longer in your possession. The staff can have up to three such objects floating over its tip at any given time. While holding the staff, you can make one or more of the objects slowly spin or turn in place. Versatile. A Versatile weapon can be used with one or two hands. A damage value in parentheses appears with the property. The weapon deals that damage when used with two hands to make a melee attack. Mastery: Topple. If you hit a creature with this weapon, you can force the creature to make a Constitution saving throw (DC 8 plus the ability modifier used to make the attack roll and your Proficiency Bonus). On a failed save, the creature has the Prone condition."
"Staff of Birdcalls","DMG'24","307","common","Staff, Weapon, Simple Weapon, Melee Weapon","","1d6 Bludgeoning","Versatile (1d8)","Mastery: Topple","4 lb.","","This wooden staff is decorated with bird carvings. It has 10 charges. While holding it, you can take a Magic action to expend 1 charge from the staff and cause it to create one of the following sounds, which can be heard out to 120 feet: a finch's chirp, a raven's caw, a duck's quack, a chicken's cluck, a goose's honk, a loon's call, a turkey's gobble, a seagull's cry, an owl's hoot, or an eagle's shriek. Regaining Charges. The staff regains 1d6 + 4 expended charges daily at dawn. If you expend the last charge, roll 1d20. On a 1, the staff explodes in a harmless cloud of bird feathers and is lost forever. Versatile. A Versatile weapon can be used with one or two hands. A damage value in parentheses appears with the property. The weapon deals that damage when used with two hands to make a melee attack. Mastery: Topple. If you hit a creature with this weapon, you can force the creature to make a Constitution saving throw (DC 8 plus the ability modifier used to make the attack roll and your Proficiency Bonus). On a failed save, the creature has the Prone condition."
"Staff of Charming","DMG'24","307","rare","Staff, Weapon, Simple Weapon, Melee Weapon","requires attunement by a bard, cleric, druid, sorcerer, warlock, or wizard","1d6 Bludgeoning","Versatile (1d8)","Mastery: Topple","4 lb.","","This staff has 10 charges. While holding the staff, you can use any of its properties:Cast Spell. You can expend 1 of the staff's charges to cast Charm Person, Command, or Comprehend Languages from it using your spell save DC.Reflect Enchantment. If you succeed on a saving throw against an Enchantment spell that targets only you, you can take a Reaction to expend 1 charge from the staff and turn the spell back on its caster as if you had cast the spell.Resist Enchantment. If you fail a saving throw against an Enchantment spell that targets only you, you can turn your failed save into a successful one. You can't use this property of the staff again until the next dawn. Regaining Charges. The staff regains 1d8 + 2 expended charges daily at dawn. If you expend the last charge, roll 1d20. On a 1, the staff crumbles to dust and is destroyed. Versatile. A Versatile weapon can be used with one or two hands. A damage value in parentheses appears with the property. The weapon deals that damage when used with two hands to make a melee attack. Mastery: Topple. If you hit a creature with this weapon, you can force the creature to make a Constitution saving throw (DC 8 plus the ability modifier used to make the attack roll and your Proficiency Bonus). On a failed save, the creature has the Prone condition."
"Staff of Fire","DMG'24","307","very rare","Staff, Weapon, Simple Weapon, Melee Weapon","requires attunement by a druid, sorcerer, warlock, or wizard","1d6 Bludgeoning","Versatile (1d8)","Mastery: Topple","4 lb.","","You have Resistance to Fire damage while you hold this staff. Spells. The staff has 10 charges. While holding the staff, you can cast one of the spells on the following table from it, using your spell save DC. The table indicates how many charges you must expend to cast the spell.SpellCharge CostBurning Hands1Fireball3Wall of Fire4 Regaining Charges. The staff regains 1d6 + 4 expended charges daily at dawn. If you expend the last charge, roll 1d20. On a 1, the staff crumbles into cinders and is destroyed. Versatile. A Versatile weapon can be used with one or two hands. A damage value in parentheses appears with the property. The weapon deals that damage when used with two hands to make a melee attack. Mastery: Topple. If you hit a creature with this weapon, you can force the creature to make a Constitution saving throw (DC 8 plus the ability modifier used to make the attack roll and your Proficiency Bonus). On a failed save, the creature has the Prone condition."
"Staff of Flowers","DMG'24","308","common","Staff, Weapon, Simple Weapon, Melee Weapon","","1d6 Bludgeoning","Versatile (1d8)","Mastery: Topple","4 lb.","","This wooden staff has 10 charges. While holding it, you can take a Magic action to expend 1 charge from the staff and cause a flower to sprout from a patch of earth or soil within 5 feet of yourself, or from the staff itself. Unless you choose a specific kind of flower, the staff creates a mild-scented daisy. The flower is harmless and nonmagical, and it grows or withers as a normal flower would. Regaining Charges. The staff regains 1d6 + 4 expended charges daily at dawn. If you expend the last charge, roll 1d20. On a 1, the staff turns into flower petals and is lost forever. Versatile. A Versatile weapon can be used with one or two hands. A damage value in parentheses appears with the property. The weapon deals that damage when used with two hands to make a melee attack. Mastery: Topple. If you hit a creature with this weapon, you can force the creature to make a Constitution saving throw (DC 8 plus the ability modifier used to make the attack roll and your Proficiency Bonus). On a failed save, the creature has the Prone condition."
"Staff of Frost","DMG'24","308","very rare","Staff, Weapon, Simple Weapon, Melee Weapon","requires attunement by a druid, sorcerer, warlock, or wizard","1d6 Bludgeoning","Versatile (1d8)","Mastery: Topple","4 lb.","","You have Resistance to Cold damage while you hold this staff. Spells. The staff has 10 charges. While holding the staff, you can cast one of the spells on the following table from it, using your spell save DC. The table indicates how many charges you must expend to cast the spell.SpellCharge CostCone of Cold5Fog Cloud1Ice Storm4Wall of Ice4 Regaining Charges. The staff regains 1d6 + 4 expended charges daily at dawn. If you expend the last charge, roll 1d20. On a 1, the staff turns to water and is destroyed. Versatile. A Versatile weapon can be used with one or two hands. A damage value in parentheses appears with the property. The weapon deals that damage when used with two hands to make a melee attack. Mastery: Topple. If you hit a creature with this weapon, you can force the creature to make a Constitution saving throw (DC 8 plus the ability modifier used to make the attack roll and your Proficiency Bonus). On a failed save, the creature has the Prone condition."
"Staff of Healing","DMG'24","308","rare","Staff, Weapon, Simple Weapon, Melee Weapon","requires attunement by a bard, cleric, or druid","1d6 Bludgeoning","Versatile (1d8)","Mastery: Topple","4 lb.","","This staff has 10 charges. While holding the staff, you can cast one of the spells on the following table from it, using your spellcasting ability modifier. The table indicates how many charges you must expend to cast the spell.SpellCharge CostCure Wounds1 charge per spell level (maximum 4 for a level 4 spell)Lesser Restoration2Mass Cure Wounds5 Regaining Charges. The staff regains 1d6 + 4 expended charges daily at dawn. If you expend the last charge, roll 1d20. On a 1, the staff vanishes in a flash of light, lost forever. Versatile. A Versatile weapon can be used with one or two hands. A damage value in parentheses appears with the property. The weapon deals that damage when used with two hands to make a melee attack. Mastery: Topple. If you hit a creature with this weapon, you can force the creature to make a Constitution saving throw (DC 8 plus the ability modifier used to make the attack roll and your Proficiency Bonus). On a failed save, the creature has the Prone condition."
"Staff of Power","DMG'24","308","very rare","Staff, Weapon, Simple Weapon, Melee Weapon","requires attunement by a sorcerer, warlock, or wizard","1d6 Bludgeoning","Versatile (1d8)","Mastery: Topple","4 lb.","","This staff has 20 charges and can be wielded as a magic Quarterstaff that grants a +2 bonus to attack rolls and damage rolls made with it. While holding it, you gain a +2 bonus to Armor Class, saving throws, and spell attack rolls. Spells. While holding the staff , you can cast one of the spells on the following table from it, using your spell save DC. The table indicates how many charges you must expend to cast the spell.SpellCharge CostCone of Cold5Fireball (level 5 version)5Globe of Invulnerability6Hold Monster5Levitate2Lightning Bolt (level 5 version)5Magic Missile1Ray of Enfeeblement1Wall of Force5 Regaining Charges. The staff regains 2d8 + 4 expended charges daily at dawn. If you expend the last charge, roll 1d20. On a 1, the staff retains its +2 bonus to attack rolls and damage rolls but loses all other properties. On a 20, the staff regains 1d8 + 2 charges. Retributive Strike. You can take a Magic action to break the staff over your knee or against a solid surface. The staff is destroyed and releases its magic in an explosion that fills a 30-foot Emanation originating from itself. You have a 50 percent chance to instantly travel to a random plane of existence, avoiding the explosion. If you fail to avoid the effect, you take Force damage equal to 16 times the number of charges in the staff. Each other creature in the area makes a DC 17 Dexterity saving throw. On a failed save, a creature takes Force damage equal to 4 times the number of charges in the staff. On a successful save, a creature takes half as much damage. Versatile. A Versatile weapon can be used with one or two hands. A damage value in parentheses appears with the property. The weapon deals that damage when used with two hands to make a melee attack. Mastery: Topple. If you hit a creature with this weapon, you can force the creature to make a Constitution saving throw (DC 8 plus the ability modifier used to make the attack roll and your Proficiency Bonus). On a failed save, the creature has the Prone condition."
"Staff of Striking","DMG'24","309","very rare","Staff, Weapon, Simple Weapon, Melee Weapon","requires attunement","1d6 Bludgeoning","Versatile (1d8)","Mastery: Topple","4 lb.","","This staff can be wielded as a magic Quarterstaff that grants a +3 bonus to attack rolls and damage rolls made with it.The staff has 10 charges. When you hit with a melee attack using it, you can expend up to 3 charges. For each charge you expend, the target takes an extra 1d6 Force damage. Regaining Charges. The staff regains 1d6 + 4 expended charges daily at dawn. If you expend the last charge, roll 1d20. On a 1, the staff becomes a nonmagical Quarterstaff. Versatile. A Versatile weapon can be used with one or two hands. A damage value in parentheses appears with the property. The weapon deals that damage when used with two hands to make a melee attack. Mastery: Topple. If you hit a creature with this weapon, you can force the creature to make a Constitution saving throw (DC 8 plus the ability modifier used to make the attack roll and your Proficiency Bonus). On a failed save, the creature has the Prone condition."
"Staff of Swarming Insects","DMG'24","309","rare","Staff, Weapon, Simple Weapon, Melee Weapon","requires attunement by a bard, cleric, druid, sorcerer, warlock, or wizard","1d6 Bludgeoning","Versatile (1d8)","Mastery: Topple","4 lb.","","This staff has 10 charges. Insect Cloud. While holding the staff , you can take a Magic action and expend 1 charge to cause a swarm of harmless flying insects to fill a 30-foot Emanation originating from you. The insects remain for 10 minutes, making the area Heavily Obscured for creatures other than you. A strong wind (like that created by Gust of Wind) disperses the swarm and ends the effect. Spells. While holding the staff, you can cast one of the spells on the following table from it, using your spell save DC and spell attack modifier. The table indicates how many charges you must expend to cast the spell.SpellCharge CostGiant Insect4Insect Plague5 Regaining Charges. The staff regains 1d6 + 4 expended charges daily at dawn. If you expend the last charge, roll 1d20. On a 1, a swarm of insects consumes and destroys the staff, then disperses. Versatile. A Versatile weapon can be used with one or two hands. A damage value in parentheses appears with the property. The weapon deals that damage when used with two hands to make a melee attack. Mastery: Topple. If you hit a creature with this weapon, you can force the creature to make a Constitution saving throw (DC 8 plus the ability modifier used to make the attack roll and your Proficiency Bonus). On a failed save, the creature has the Prone condition."
"Staff of Thunder and Lightning","DMG'24","311","very rare","Staff, Weapon, Simple Weapon, Melee Weapon","requires attunement","1d6 Bludgeoning","Versatile (1d8)","Mastery: Topple","4 lb.","","This staff can be wielded as a magic Quarterstaff that grants a +2 bonus to attack rolls and damage rolls made with it. It also has the following additional properties. Once one of these properties is used, it can't be used again until the next dawn. Lightning. When you hit with a melee attack using the staff, you can cause the target to take an extra 2d6 Lightning damage (no action required). Thunder. When you hit with a melee attack using the staff, you can cause the staff to emit a crack of thunder audible out to 300 feet (no action required). The target you hit must succeed on a DC 17 Constitution saving throw or have the Stunned condition until the end of your next turn. Thunder and Lightning. Immediately after you hit with a melee attack using the staff, you can take a Bonus Action to use the Lightning and Thunder properties (see above) at the same time. Doing so doesn't expend the daily use of those properties, only the use of this one. Lightning Strike. You can take a Magic action to cause a bolt of lightning to leap from the staff's tip in a Line that is 5 feet wide and 120 feet long. Each creature in that Line makes a DC 17 Dexterity saving throw, taking 9d6 Lightning damage on a failed save or half as much damage on a successful one. Thunderclap. You can take a Magic action to cause the staff to produce a thunderclap audible out to 600 feet. Every creature within a 60-foot Emanation originating from you makes a DC 17 Constitution saving throw. On a failed save, a creature takes 2d6 Thunder damage and has the Deafened condition for 1 minute. On a successful save, a creature takes half as much damage only. Versatile. A Versatile weapon can be used with one or two hands. A damage value in parentheses appears with the property. The weapon deals that damage when used with two hands to make a melee attack. Mastery: Topple. If you hit a creature with this weapon, you can force the creature to make a Constitution saving throw (DC 8 plus the ability modifier used to make the attack roll and your Proficiency Bonus). On a failed save, the creature has the Prone condition."
"Staff of Withering","DMG'24","312","rare","Staff, Weapon, Simple Weapon, Melee Weapon","requires attunement by a cleric, druid, or warlock","1d6 Bludgeoning","Versatile (1d8)","Mastery: Topple","4 lb.","","This staff has 3 charges and regains 1d3 expended charges daily at dawn.The staff can be wielded as a magic Quarterstaff. On a hit, it deals damage as a normal Quarterstaff , and you can expend 1 charge to deal an extra 2d10 Necrotic damage to the target and force it to make a DC 15 Constitution saving throw. On a failed save, the target has Disadvantage for 1 hour on any ability check or saving throw that uses Strength or Constitution. Versatile. A Versatile weapon can be used with one or two hands. A damage value in parentheses appears with the property. The weapon deals that damage when used with two hands to make a melee attack. Mastery: Topple. If you hit a creature with this weapon, you can force the creature to make a Constitution saving throw (DC 8 plus the ability modifier used to make the attack roll and your Proficiency Bonus). On a failed save, the creature has the Prone condition."
"Staff of the Adder","DMG'24","310","uncommon","Staff, Weapon, Simple Weapon, Melee Weapon","requires attunement","1d6 Bludgeoning","Versatile (1d8)","Mastery: Topple","4 lb.","","As a Bonus Action, you can turn the head of this staff into that of an animate, venomous snake for 1 minute or revert the staff to its inanimate form.When you take the Attack action, you can make one of the attack rolls using the animated snake head, which has a reach of 5 feet. Apply your Proficiency Bonus and Wisdom modifier to the attack roll. On a hit, the target takes 1d6 Piercing damage and 3d6 Poison damage.The snake head can be attacked while it is animate. It has AC 15, HP 20, and Immunity to Poison and Psychic damage. If the head drops to 0 Hit Points, the staff is destroyed. As long as it's not destroyed, the staff regains all lost Hit Points when it reverts to its inanimate form. Versatile. A Versatile weapon can be used with one or two hands. A damage value in parentheses appears with the property. The weapon deals that damage when used with two hands to make a melee attack. Mastery: Topple. If you hit a creature with this weapon, you can force the creature to make a Constitution saving throw (DC 8 plus the ability modifier used to make the attack roll and your Proficiency Bonus). On a failed save, the creature has the Prone condition."
"Staff of the Magi","DMG'24","310","legendary","Staff, Weapon, Simple Weapon, Melee Weapon","requires attunement by a sorcerer, warlock, or wizard","1d6 Bludgeoning","Versatile (1d8)","Mastery: Topple","4 lb.","","This staff has 50 charges and can be wielded as a magic Quarterstaff that grants a +2 bonus to attack rolls and damage rolls made with it. While you hold it, you gain a +2 bonus to spell attack rolls. Spell Absorption. While holding the staff , you have Advantage on saving throws against spells. In addition, you can take a Reaction when another creature casts a spell that targets only you. If you do, the staff absorbs the magic of the spell, canceling its effect and gaining a number of charges equal to the absorbed spell's level. However, if doing so brings the staff's total number of charges above 50, the staff explodes as if you activated its Retributive Strike (see below). Spells. While holding the staff, you can cast one of the spells on the following table from it, using your spell save DC. The table indicates how many charges you must expend to cast the spell.SpellCharge CostArcane Lock0Conjure Elemental7Detect Magic0Dispel Magic3Enlarge/Reduce0Fireball (level 7 version)7Flaming Sphere2Ice Storm4Invisibility2Knock2Light0Lightning Bolt (level 7 version)7Mage Hand0Passwall5Plane Shift7Protection from Evil and Good0Telekinesis5Wall of Fire4Web2 Regaining Charges. The staff regains 4d6 + 2 expended charges daily at dawn. If you expend the last charge, roll 1d20. On a 20, the staff regains 1d12 + 1 charges. Retributive Strike. You can take a Magic action to break the staff over your knee or against a solid surface. The staff is destroyed and releases its magic in an explosion that fills a 30-foot Emanation originating from itself. You have a 50 percent chance to instantly travel to a random plane of existence, avoiding the explosion. If you fail to avoid the effect, you take Force damage equal to 16 times the number of charges in the staff. Each other creature in the area makes a DC 17 Dexterity saving throw. On a failed save, a creature takes Force damage equal to 6 times the number of charges in the staff. On a successful save, a creature takes half as much damage. Versatile. A Versatile weapon can be used with one or two hands. A damage value in parentheses appears with the property. The weapon deals that damage when used with two hands to make a melee attack. Mastery: Topple. If you hit a creature with this weapon, you can force the creature to make a Constitution saving throw (DC 8 plus the ability modifier used to make the attack roll and your Proficiency Bonus). On a failed save, the creature has the Prone condition."
"Staff of the Python","DMG'24","311","uncommon","Staff, Weapon, Simple Weapon, Melee Weapon","requires attunement","1d6 Bludgeoning","Versatile (1d8)","Mastery: Topple","4 lb.","","As a Magic action, you can throw this staff so that it lands in an unoccupied space within 10 feet of you, causing the staff to become a Giant Constrictor Snake in that space. The snake is under your control and shares your Initiative count, taking its turn immediately after yours.On your turn, you can mentally command the snake (no action required) if it is within 60 feet of you and you don't have the Incapacitated condition. You decide what action the snake takes and where it moves during its turn, or you can issue it a general command, such as to attack your enemies or guard a location. Absent commands from you, the snake defends itself.As a Bonus Action, you can command the snake to revert to staff form in its current space, and you can't use the staff's property again for 1 hour. If the snake is reduced to 0 Hit Points, it dies and reverts to its staff form; the staff then shatters and is destroyed. If the snake reverts to staff form before losing all its Hit Points, it regains all of them. Versatile. A Versatile weapon can be used with one or two hands. A damage value in parentheses appears with the property. The weapon deals that damage when used with two hands to make a melee attack. Mastery: Topple. If you hit a creature with this weapon, you can force the creature to make a Constitution saving throw (DC 8 plus the ability modifier used to make the attack roll and your Proficiency Bonus). On a failed save, the creature has the Prone condition."
"Staff of the Woodlands","DMG'24","311","rare","Staff, Weapon, Simple Weapon, Melee Weapon","requires attunement by a druid","1d6 Bludgeoning","Versatile (1d8)","Mastery: Topple","4 lb.","","This staff has 6 charges and can be wielded as a magic Quarterstaff that grants a +2 bonus to attack rolls and damage rolls made with it. While holding it, you have a +2 bonus to spell attack rolls. Spells. While holding the staff, you can cast one of the spells on the following table from it, using your spell save DC. The table indicates how many charges you must expend to cast the spell.SpellCharge CostAnimal Friendship1Awaken5Barkskin2Locate Animals or Plants2Pass without Trace2Speak with Animals1Speak with Plants3Wall of Thorns6 Tree Form. You can take a Magic action to plant one end of the staff in earth in an unoccupied space and expend 1 charge to transform the staff into a healthy tree. The tree is 60 feet tall and has a 5-foot-diameter trunk, and its branches at the top spread out in a 20-foot radius. The tree appears ordinary but radiates a faint aura of Transmutation magic that can be discerned with the Detect Magic spell. While touching the tree and using a Magic action, you return the staff to its normal form. Any creature in the tree falls when the tree reverts to a staff. Regaining Charges. The staff regains 1d6 expended charges daily at dawn. If you expend the last charge, roll 1d20. On a 1, the staff loses its properties and becomes a nonmagical Quarterstaff. Versatile. A Versatile weapon can be used with one or two hands. A damage value in parentheses appears with the property. The weapon deals that damage when used with two hands to make a melee attack. Mastery: Topple. If you hit a creature with this weapon, you can force the creature to make a Constitution saving throw (DC 8 plus the ability modifier used to make the attack roll and your Proficiency Bonus). On a failed save, the creature has the Prone condition."
"Stone of Controlling Earth Elementals","DMG'24","312","rare","Wondrous Item","","","","","","","While touching this 5-pound stone to the ground, you can take a Magic action to summon an Earth Elemental. The elemental appears in an unoccupied space you choose within 30 feet of yourself, obeys your commands, and takes its turn immediately after you on your Initiative count. The elemental disappears after 1 hour, when it dies, or when you dismiss it as a Bonus Action. The stone can't be used this way again until the next dawn."
"Stone of Good Luck","DMG'24","312","uncommon","Wondrous Item","requires attunement","","","","","","While this polished agate is on your person, you gain a +1 bonus to ability checks and saving throws."
"Sun Blade","DMG'24","312","rare","Weapon (Longsword), Martial Weapon, Melee Weapon","requires attunement","1d8 Radiant","Finesse, Versatile (1d10)","Mastery: Sap","3 lb.","","This item appears to be a sword hilt. Blade of Radiance. While grasping the hilt, you can take a Bonus Action to cause a blade of pure radiance to spring into existence or make the blade disappear. While the blade exists, this magic weapon functions as a Longsword with Finesse. If you are proficient with Longswords or Shortswords, you are proficient with the Sun Blade.You gain a +2 bonus to attack rolls and damage rolls made with this weapon, which deals Radiant damage instead of Slashing damage. When you hit an Undead with it, that target takes an extra 1d8 Radiant damage. Sunlight. The sword's luminous blade emits Bright Light in a 15-foot radius and Dim Light for an additional 15 feet. The light is sunlight. While the blade persists, you can take a Magic action to expand or reduce its radius of Bright Light and Dim Light by 5 feet each, to a maximum of 30 feet each or a minimum of 10 feet each. Finesse. When making an attack with a Finesse weapon, use your choice of your Strength or Dexterity modifier for the attack and damage rolls. You must use the same modifier for both rolls. Versatile. A Versatile weapon can be used with one or two hands. A damage value in parentheses appears with the property. The weapon deals that damage when used with two hands to make a melee attack. Mastery: Sap. If you hit a creature with this weapon, that creature has Disadvantage on its next attack roll before the start of your next turn."
"Sword of Answering","DMG'24","313","legendary","Weapon (Longsword), Martial Weapon, Melee Weapon","requires attunement","1d8 Slashing","Versatile (1d10)","Mastery: Sap","3 lb.","","You gain a +3 bonus to attack rolls and damage rolls made with this sword. In addition, while you hold the sword, you can take a Reaction to make one melee attack with it against any creature in your reach that deals damage to you. You have Advantage on the attack roll, and any damage dealt with this special attack ignores any Immunity or Resistance the target has to that damage. Versatile. A Versatile weapon can be used with one or two hands. A damage value in parentheses appears with the property. The weapon deals that damage when used with two hands to make a melee attack. Mastery: Sap. If you hit a creature with this weapon, that creature has Disadvantage on its next attack roll before the start of your next turn."
"Sword of Kas","DMG'24","313","artifact","Weapon (Longsword), Martial Weapon, Melee Weapon","requires attunement","1d8 Slashing","Versatile (1d10)","Mastery: Sap","3 lb.","","Kas was a powerful warrior who served Vecna and whose loyalty was rewarded with this sword. As Kas's power grew, so did his hubris. The sword urged Kas to destroy Vecna and usurp his throne. Legend says Vecna's destruction came at Kas's hand, but Vecna also wrought his rebellious lieutenant's doom, leaving only Kas's sword behind. Bloodthirst. The sword thirsts for blood. If the sword doesn't taste blood on its blade within 1 minute of being drawn from its scabbard, its wielder makes a DC 15 Charisma saving throw. On a successful save, the wielder takes 3d6 Psychic damage. On a failed save, the wielder is dominated by the sword, as if by the Dominate Monster spell, and the sword demands blood. The spell effect ends when the sword's demand is met. Magic Weapon. You gain a +3 bonus to attack rolls and damage rolls made with the sword, which scores a Critical Hit on a roll of 19 or 20 on the d20 and deals an extra 2d10 Slashing damage to Undead. Random Properties. The sword has the following random properties:1 minor beneficial property1 major beneficial property1 minor detrimental property1 major detrimental property Spells. While the sword is on your person, you can cast the following spells (save DC 18) from it:Call LightningDivine WordFinger of DeathOnce you use the sword to cast a spell, you can't cast that spell again from it until the next dawn. Spirit of Kas. While the sword is on your person, you gain the following benefits:Battle Hunger. You add 1d10 to your Initiative rolls.Blade of Defense. When you take an action to attack with the sword, you can transfer some or all of its attack bonus to your Armor Class instead. The adjusted bonuses remain in effect until the start of your next turn.Necrotic Resistance. You have Resistance to Necrotic damage. Sentience. The Sword of Kas is a sentient Chaotic Evil weapon with an Intelligence of 15, a Wisdom of 13, and a Charisma of 16. It has hearing and Darkvision out to 120 feet.The weapon communicates telepathically with its wielder and speaks Common. Personality. The sword's purpose is to bring ruin to Vecna. Killing Vecna's worshipers, destroying the lich's works, and foiling his machinations all help to fulfill this goal.The Sword of Kas also seeks to destroy anyone corrupted by the Eye and Hand of Vecna. Destroying the Sword. A creature attuned to both the Eye of Vecna and the Hand of Vecna can use the Wish property of those combined Artifacts to unmake the Sword of Kas, provided the sword is within 30 feet of the spell's caster. Upon casting Wish, the creature makes a DC 18 Charisma saving throw. On a failed save, nothing happens, and the Wish spell is wasted. On a successful save, the Sword of Kas is destroyed. Versatile. A Versatile weapon can be used with one or two hands. A damage value in parentheses appears with the property. The weapon deals that damage when used with two hands to make a melee attack. Mastery: Sap. If you hit a creature with this weapon, that creature has Disadvantage on its next attack roll before the start of your next turn."
"Sword of Life Stealing","DMG'24","314","rare","Generic Variant","requires attunement","","","","","","When you attack a creature with this magic weapon and roll a 20 on the d20 for the attack roll, that target takes an extra 15 Necrotic damage if it isn't a Construct or an Undead, and you gain Temporary Hit Points equal to the amount of Necrotic damage taken. Base items. This item variant can be applied to the following base items:Glaive (Glaive of Life Stealing)Greatsword (Greatsword of Life Stealing)Longsword (Longsword of Life Stealing)Rapier (Rapier of Life Stealing)Scimitar (Scimitar of Life Stealing)Shortsword (Shortsword of Life Stealing)"
"Sword of Sharpness","DMG'24","314","very rare","Generic Variant","requires attunement","","","","","","When you attack an object with this magic weapon and hit, maximize your weapon damage dice against the target.When you attack a creature with this weapon and roll a 20 on the d20 for the attack roll, that target takes an extra 14 Slashing damage and gains 1 Exhaustion level. Base items. This item variant can be applied to the following base items:Glaive (Glaive of Sharpness)Greatsword (Greatsword of Sharpness)Longsword (Longsword of Sharpness)Scimitar (Scimitar of Sharpness)"
"Sword of Vengeance","DMG'24","206","uncommon","Generic Variant","requires attunement","","","","","","You gain a +1 bonus to attack rolls and damage rolls made with this magic weapon. Curse. This weapon is cursed and possessed by a vengeful spirit. Becoming attuned to it extends the curse to you. As long as you remain cursed, you are unwilling to part with the weapon, keeping it on your person at all times. While attuned to this weapon, you have Disadvantage on attack rolls made with weapons other than this one.In addition, while the weapon is on your person, you must succeed on a DC 15 Wisdom saving throw whenever you take damage from another creature in combat. On a failed save, you must attack the creature that damaged you until you drop to 0 Hit Points or it does or until you can't reach the creature to make a melee attack against it.You can break the curse in the usual ways. Alternatively, casting Banishment on the weapon forces the vengeful spirit to leave it. The weapon then becomes a +1 Weapon with no other properties. Base items. This item variant can be applied to the following base items:Glaive (Glaive of Vengeance)Greatsword (Greatsword of Vengeance)Longsword (Longsword of Vengeance)Rapier (Rapier of Vengeance)Scimitar (Scimitar of Vengeance)Shortsword (Shortsword of Vengeance)"
"Sword of Wounding","DMG'24","314","rare","Generic Variant","requires attunement","","","","","","When you hit a creature with an attack using this magic weapon, the target takes an extra 2d6 Necrotic damage and must succeed on a DC 15 Constitution saving throw or be unable to regain Hit Points for 1 hour. The target repeats the save at the end of each of its turns, ending the effect on itself on a success. Base items. This item variant can be applied to the following base items:Glaive (Glaive of Wounding)Greatsword (Greatsword of Wounding)Longsword (Longsword of Wounding)Rapier (Rapier of Wounding)Scimitar (Scimitar of Wounding)Shortsword (Shortsword of Wounding)"
"Sword of Zariel","BGDIA","226","artifact","Weapon (Longsword), Martial Weapon, Melee Weapon","requires attunement by a creature the sword deems worthy","1d8 Slashing","versatile (1d10)","","3 lb.","","This longsword belonged to the angel Zariel before her fall from grace. Fashioned from celestial steel, it gives off a faint glow and hum. The weapon chooses who can attune to it and who can't. It desires a wielder who embodies bravery and heroism. Attunement. The sword allows you to attune to it immediately, without having to take a short rest. The first time you attune to the sword, you are transformed into a heavenly, idealized version of yourself, blessed with otherworldly beauty and a touch of heaven in your heart. Neither magic nor divine intervention can reverse this transformation. Your alignment becomes lawful good, and you gain the following traits:Angelic Language. You can speak, read, and write Celestial.Celestial Resistance. You have resistance to necrotic and radiant damage.Divine Presence. Your Charisma score becomes 20, unless it is already 20 or higher.Feathered Wings. You sprout a beautiful pair of feathered wings that grant you a flying speed of 90 feet and the ability to hover. If you already have a different kind of wings, these new wings replace the old ones, which fall off.Truesight. Your eyes become luminous pools of silver. You can see in normal and magical darkness, see invisible creatures and objects, automatically detect visual illusions and succeed on saving throws against them, perceive the original form of a shapechanger or a creature that is transformed by magic, and see into the Ethereal Plane, all within a range of 60 feet.New Personality. You gain new personality traits, determined by rolling once on each of the following tables. These traits override any conflicting personality trait, ideal, bond, or flaw.Personality Traitsd8Personality Trait1I treat all beings, even enemies, with respect.2I won't tell a lie.3I enjoy sharing my philosophical worldview and experiences with others.4I cut right to the chase in every conversation.5I often quote (or misquote) religious texts.6I anger quickly when I witness cruelty or injustice.7My praise and trust are earned and never given freely.8I like everything clean and organized.Idealsd6Ideal1Charity. I always help those in need. (Good)2Faith. I choose to follow the tenets of a particular lawful good deity to the letter. (Lawful)3Responsibility. It is the duty of the strong to protect the weak. (Lawful)4Respect. All people deserve to be treated with dignity. (Good)5Honor. The way I conduct myself determines my reward in the afterlife. (Lawful)6Redemption. All creatures are capable of change for the better. (Good)Bondsd6Bond1I have a favorite religious hymn that I constantly hum.2I must keep a written record of my beliefs and the sins that I witness. When finished, this book will be my gift to the multiverse.3I have cherished memories of Idyllglen, though I've only seen this bucolic town in dreams.4I would die for those who fight beside me, regardless of their faults.5I seek to honor the angel Zariel by destroying fiends and other evildoers wherever I find them.6The Sword of Zariel has chosen me. I shall not fail to wield it justly.Flawsd6Flaw1I am too quick to judge others.2I offer forgiveness too readily.3I will sacrifice innocent lives for the greater good.4Flaw? What flaw? I am flawless. Utter perfection!5I allow nothing to stand in the way of my crusade to eradicate evil from the multiverse.6I ignore those who do not support my plans, for my calling is higher than all others. Holy Light. The sword sheds bright light in a 5-foot radius and dim light for an additional 5 feet. Fiends find the sword's light disconcerting and painful, even if they can't see it, and have disadvantage on attack rolls made within the weapon's radius of bright light.As a bonus action, you can intensify the sword's light, causing it to shed bright light in a 15-foot radius and dim light for an additional 15 feet, or reduce its glow to its normal intensity. Random Properties. The sword has 2 minor beneficial properties. Searing Radiance. The sword deals an extra 9 (2d8) radiant damage to any creature it hits, or 16 (3d10) radiant damage if you're wielding the weapon with two hands. An evil creature that takes this radiant damage must succeed on a DC 17 Constitution saving throw or be blinded until the end of its next turn. Sentience. The Sword of Zariel is a sentient, lawful good item with an Intelligence of 10, a Wisdom of 20, and a Charisma of 18. It has hearing and normal vision out to a range of 30 feet.The sword communicates by transmitting emotion to the creature carrying or wielding it. Truth Seer. While holding the sword, you gain advantage on all Wisdom (Insight) checks. Destroying the Sword. Zariel can destroy the sword simply by grasping it. She couldn't bring herself to do so when she was an angel, but as an archdevil she has no compunction about ridding the multiverse of the weapon. The sword is also destroyed if it's used to shatter the Companion (see ""Shattering the Companion""), unless the blade is wielded by an angel of challenge rating 15 or higher, or a good-aligned cleric or paladin of at least 10th level.If Zariel is killed for good (that is, if she dies in the Nine Hells), the sword becomes no harder to destroy than a normal longsword. Versatile. This weapon can be used with one or two hands. A damage value in parentheses appears with the property—the damage when the weapon is used with two hands to make a melee attack."
"Sylvan Talon","DMG'24","314","common","Generic Variant","requires attunement","","","","","","While this weapon is on your person, you understand the non-written communication of all Fey, and they understand yours. Secret Message. As a Magic action, you can use the weapon to cast Message. Once this property is used, it can't be used again until the next dawn. Base items. This item variant can be applied to the following base items:Dagger (Sylvan Talon Dagger)Rapier (Sylvan Talon Rapier)Scimitar (Sylvan Talon Scimitar)Shortsword (Sylvan Talon Shortsword)Sickle (Sylvan Talon Sickle)Spear (Sylvan Talon Spear)"
"Talisman of Pure Good","DMG'24","314","legendary","Wondrous Item","requires attunement by a cleric or paladin","","","","1 lb.","","This talisman is a mighty symbol of goodness. A Fiend or an Undead that touches the talisman takes 8d6 Radiant damage and takes the damage again each time it ends its turn holding or carrying the talisman. Holy Symbol. You can use the talisman as a Holy Symbol. You gain a +2 bonus to spell attack rolls while you wear or hold it. Pure Rebuke. The talisman has 7 charges. While wearing or holding the talisman, you can take a Magic action to expend 1 charge and target one creature you can see on the ground within 120 feet of yourself. A flaming fissure opens under the target, and the target makes a DC 20 Dexterity saving throw. If the target is a Fiend or an Undead, it has Disadvantage on the save. On a failed save, the target falls into the fissure and is destroyed, leaving no remains. On a successful save, the target isn't cast into the fissure but takes 4d6 Psychic damage from the ordeal. In either case, the fissure then closes, leaving no trace of its existence. When you expend the last charge, the talisman disperses into motes of golden light and is destroyed."
"Talisman of Ultimate Evil","DMG'24","315","legendary","Wondrous Item","requires attunement","","","","1 lb.","","This item symbolizes unrepentant evil. A creature that isn't a Fiend or an Undead that touches the talisman takes 8d6 Necrotic damage and takes the damage again each time it ends its turn holding or carrying the talisman. Holy Symbol. You can use the talisman as a Holy Symbol. You gain a +2 bonus to spell attack rolls while you wear or hold it. Ultimate End. The talisman has 6 charges. While wearing or holding the talisman, you can take a Magic action to expend 1 charge and target one creature you can see on the ground within 120 feet of yourself. A flaming fissure opens under the target, and the target makes a DC 20 Dexterity saving throw. If the target is a Celestial, it has Disadvantage on the save. On a failed save, the target falls into the fissure and is destroyed, leaving no remains. On a successful save, the target isn't cast into the fissure but takes 4d6 Psychic damage from the ordeal. In either case, the fissure then closes, leaving no trace of its existence. When you expend the last charge, the talisman dissolves into foul-smelling slime and is destroyed."
"Talisman of the Sphere","DMG'24","315","legendary","Wondrous Item","requires attunement","","","","1 lb.","","While holding or wearing this talisman, you have Advantage on any Intelligence (Arcana) check you make to control a Sphere of Annihilation. In addition, when you start your turn in control of a Sphere of Annihilation, you can take a Magic action to move it 10 feet plus a number of additional feet equal to 10 times your Intelligence modifier. This movement doesn't have to be in a straight line."
"Talking Doll","DMG'24","315","common","Wondrous Item","requires attunement","","","","","","While this doll is within 5 feet of you, you can spend a Short Rest telling it to say up to six phrases, none of which can be more than six words long, and set a condition under which the doll speaks each phrase. You can also replace old phrases with new ones. Whatever the condition, it must occur within 5 feet of the doll to make it speak. For example, whenever someone picks up the doll, it might say, ""I want a piece of candy."" The doll's phrases are lost when your Attunement to the doll ends."
"Tankard of Sobriety","DMG'24","315","common","Wondrous Item","","","","","","","This tankard has a stern face sculpted into one side. You can drink ale, wine, or any other nonmagical alcoholic beverage poured into it without becoming inebriated. The tankard has no effect on magical liquids or harmful substances such as poison."
"Teeth of Dahlver-Nar","TCE","135","artifact","Wondrous Item","requires attunement","","","","","","The Teeth of Dahlver-Nar are stories given form. They are a collection of teeth, each suggestive of wildly different origins and made from various materials. The collection rests within a leather pouch, stitched with images of heroes and whimsical creatures. Where the teeth fall, they bring legends to life. Using the Teeth. While you are holding the pouch, you can use an action to draw one tooth. Roll on the Teeth of Dahlver-Nar table to determine which tooth you draw, and you can either sow the tooth or implant it (both of which are described later).If you don't sow or implant the tooth, roll a die at the end of your turn. On an even number, the tooth vanishes, and creatures appear as if you sowed the tooth, but they are hostile to you and your allies. On an odd number, the tooth replaces one of your teeth as if you implanted it (potentially replacing another implanted tooth, see below).Each tooth can only be used once. Track which teeth have been used. If a tooth's result is rolled after it's been used, you draw the next lowest unused tooth on the table.Teeth of Dahlver-Nard20Tale and ToothCreatures SummonedImplanted Effect1The Staring Cats of Uldun-dar (ivory cat molar)9 catsThe tooth has 8 charges. As an action, you can expend 1 charge to cast the revivify spell from the tooth. If you are dead at the start of your turn, the tooth expends 1 charge and casts revivify on you.2Duggle's Surprising Day (human molar)1 commonerWhen you finish a long rest, the tooth casts sanctuary (DC 18) on you, and the spell lasts for 24 hours or until you break it.3The Golden Age of Dhakaan (golden goblin bicuspid)10 goblins, 1 goblin bossWhen you are hit by an attack and an ally is within 5 feet of you, you can use your reaction to cause them to be hit instead. You can't use this reaction again until you finish a short or long rest.4The Mill Road Murders (halfling canine)3 green hags in a covenWhen you damage a target that hasn't taken a turn in this combat, the target takes an extra 3d10 slashing damage from ghostly blades.5Dooms of the Malpheggi (emerald lizardfolk fang)1 lizardfolk queen and 4 lizardfolkYou gain reptilian scales, granting you a +2 bonus to your AC. Additionally, when you finish a long rest, you must succeed on a DC 15 Constitution saving throw or gain 1 level of exhaustion.6The Stable Hand's Secret (sweet-tasting human canine)2 incubiWhen you make a Charisma check against a humanoid, you can roll a d10 and add the number rolled as a bonus to the result. The creature then becomes hostile to you at the next dawn.7The Donkey's Dream (rainbow-colored donkey molar)1 unicornThe tooth has 3 charges. As an action, you can expend 1 charge to touch a creature. The target regains 2d8 + 2 hit points, and all diseases and poisons affecting it are removed. When you use this action, a shimmering image of a unicorn's horn appears until the end of your turn, sprouting from your forehead. The tooth regains all expended charges daily at dawn. You gain the following flaw: ""When I see wickedness in action, I must oppose it.""8Beyond the Rock of Bral (silver mind flayer tooth)2 mind flayersYou gain telepathy out to 120 feet as described in the Monster Manual, and you can cast the detect thoughts spell at will, requiring no components. You also have disadvantage on Wisdom (Insight) and Wisdom (Perception) checks from constant whispers of memories and nearby minds.9The Disappearances of Half Hollow (vomerine tooth of a Large toad)4 giant toadsYour long jump is up to 30 feet and your high jump is up to 15 feet, with or without a running start.10Legendry of Phantoms and Ghosts (obsidian human molar)1 giant octopus, 1 mage, 1 specterAs an action, you can use the tooth to cast the Evard's black tentacles spell (DC 18). Once this property is used, it can't be used again until the next dawn.11The Thousand Deaths of Jander Sunstar (yellowed vampire fang)1 vampireYou can make a bite attack as an unarmed strike. On a hit, it deals 1d6 piercing damage plus 3d6 necrotic damage. You regain a number of hit points equal to the necrotic damage dealt. While you are in sunlight, you can't regain hit points.12Nightmares of Kaggash (twisted beholder tooth)1 beholderAs an action, you can cast the eyebite spell from the tooth. Once you use this action, it can't be used again until the next dawn. Whenever you finish a long rest, roll a d20. On a 20, an aberration chosen by the DM appears within 30 feet of you and attacks.13Three Bridges to the Sky (lapis lazuli oni fang)3 oniYou gain a flying speed of 30 feet, and you can use the tooth to cast the detect magic spell at will. While you are attuned to fewer than 3 magic items, you gain 1 level of exhaustion that can't be removed until you are attuned to three or more magic items.14The Claws of Dragotha (broken translucent fang)1 adult red dracolichYou can use the tooth to cast the create undead spell. Once this property is used, it can't be used again until the next dawn. Each time you create an undead creature using the tooth, a skeleton, zombie, or ghoul also appears at a random location within 5 miles of you, searching for the living to kill. A humanoid killed by these undead rises as the same type of undead at the next midnight.15Ashes of the Ages and Eternal Fire (jade humanoid bicuspid)1 dao, 1 djinni, 1 efreeti, 1 maridYou can use the tooth to cast counterspell at 9th level. Once you use this property, it can't be used again until the next dawn. Whenever you finish a long rest, if you haven't used the tooth to counter a spell since your last long rest, your hit point maximum is reduced by 2d10. If this reduces your hit point maximum to 0, you die.16Daughters of Bel (green steel pit fiend fang)1 pit fiendYou can use the tooth to cast dominate monster (DC 18). Once you use this property, it can't be used again until the next dawn. You smell strongly of burning sulfur.17Why the Sky Screams (blue dragon fang)1 ancient blue dragonYou gain immunity to lightning damage and vulnerability to thunder damage.18The Last Tarrasque (jagged sliver of tarrasque tooth)1 tarrasque (ignores you and your commands appears for 1d4 rounds then vanishes)You deal double damage to objects and structures. If you take 20 or more damage in one turn, you must succeed on a DC 18 Wisdom saving throw or spend your next turn in a murderous fury. During this rage, you must use your action to make an unarmed strike against a creature that damaged you, or a random creature you can see if you weren't damaged by a creature, moving as close as you can to the target if necessary.19Incendax's Tooth (ruby-veined red dragon fang)1 ancient red dragonYou gain immunity to fire damage, and as an action, you can exhale fire in a 90-foot cone. Each creature in that area must make a DC 24 Dexterity saving throw, taking 26d6 fire damage on a failed save, or half as much damage on a successful one. After using the breath weapon, you gain 2 levels of exhaustion.20Dahlver-Nar's Tooth (dusty human molar)1 priestAs an action you can call on a divine force to come to your aid. Describe the assistance you seek, and the DM decides the nature of the intervention (the effect of any cleric spell would be appropriate). Once this property is used, it can't be used again for 7 days. Sowing Teeth. To sow the tooth, you place it on the ground in an unoccupied space within your reach, or you throw it into an unoccupied space within 10 feet of you in a body of water that is at least 50 feet wide and 50 feet long. Upon doing so, the tooth burrows into the ground and vanishes, leaving no hole behind, or it vanishes into the water. The creatures noted in the Creatures Summoned column appear in an unoccupied space as close to where the tooth was sown as possible. The creatures are allies to you, speak all languages you speak, and linger for 10 minutes before disappearing, unless otherwise noted. Implanting Teeth. To implant the tooth, you place it in your mouth, whereupon one of your own teeth falls out, and the drawn tooth takes its place, resizing to fit in your mouth. Once the tooth is implanted, you gain the effect noted in the Implanted Effect column. The tooth can't be removed while you are attuned to the teeth, and you can't voluntarily end your attunement to them. If removed after your death, the tooth vanishes. You can have a maximum number of the teeth implanted at one time equal to 1 + your Constitution modifier (minimum of 2 teeth total). If you try to implant more teeth, the newly implanted tooth replaces one of the previous teeth, determined randomly. The replaced tooth vanishes, and you lose the implanted effect. Recovering Teeth. Once all the teeth have vanished, their pouch also vanishes. The pouch with all the teeth then appears in a random destination, which could be on a different world of the Material Plane. Destroying the Teeth. Each tooth must be destroyed individually by sowing it in the area where the tooth's story originated, with the intention to destroy it. When planted in this way, creatures summoned are not friendly to you and do not vanish. Some of the creatures summoned merely head off in search of home, while others act as their tales dictate. In either case, the tooth is gone forever."
"Tentacle Rod","DMG'24","316","rare","Rod","requires attunement","","","","2 lb.","","This rod ends in three rubbery tentacles. While holding the rod, you can take a Magic action to direct the tentacles to stretch outward, each one attacking a creature you can see within 15 feet of yourself. For each tentacle, make a melee attack roll with a +9 bonus. A tentacle deals 1d6 Psychic damage on a hit. If you hit the same target with all three tentacles, the target must succeed on a DC 15 Dexterity saving throw or have the Restrained condition until you have the Incapacitated condition, until you take a Bonus Action to release the target, or until the target is no longer within 15 feet of you. While Restrained in this way, the target takes 3d6 Psychic damage at the start of each of its turns. At the end of each of its turns, the target repeats the save, ending the effect on itself on a success."
"Thunder Absorbing Tattoo","TCE","119","very rare","Wondrous Item (Tattoo)","requires attunement","","","","","","Produced by a special needle, this magic tattoo features designs that emphasize one color (orange). Tattoo Attunement. To attune to this item, you hold the needle to your skin where you want the tattoo to appear, pressing the needle there throughout the attunement process. When the attunement is complete, the needle turns into the ink that becomes the tattoo, which appears on the skin.If your attunement to the tattoo ends, the tattoo vanishes, and the needle reappears in your space. Damage Resistance. While the tattoo is on your skin, you have resistance to thunder damage. Damage Absorption. When you take thunder damage, you can use your reaction to gain immunity against that instance of the damage, and you regain a number of hit points equal to half the damage you would have taken. Once this reaction is used, it can't be used again until the next dawn."
"Thunderous Greatclub","DMG'24","316","very rare","Weapon (Greatclub), Simple Weapon, Melee Weapon","requires attunement","1d8 Bludgeoning","Two‑Handed","Mastery: Push","10 lb.","","While you are attuned to this magic weapon, your Strength is 20 unless your Strength is already equal to or greater than that score. The weapon deals an extra 1d8 Thunder damage to any creature it hits and an extra 3d8 Thunder damage to objects it hits that aren't being worn or carried.The weapon has the following additional properties. Clap of Thunder. As a Magic action, you can strike the weapon against a hard surface to create a loud clap of thunder audible out to 300 feet. You also create a 30-foot Cone of thunderous energy. Each creature in the Cone must succeed on a DC 15 Strength saving throw or have the Prone condition. Nonmagical objects in the Cone that aren't being worn or carried take 3d8 Thunder damage. Earthquake. As a Magic action, you can strike the weapon against the ground to create an intense seismic disturbance in a 50-foot-radius circle centered on the point of impact. Structures in contact with the ground in that area take 50 Bludgeoning damage, and each creature on the ground in that area must succeed on a DC 20 Dexterity saving throw or have the Prone condition. If that creature is also Concentrating, it must succeed on a DC 20 Constitution saving throw or its Concentration is broken. In addition, you can cause a 30-foot-deep, 10-foot-wide fissure to open up on the ground anywhere in the area. Any creature on a spot where the fissure opens must make a DC 20 Dexterity saving throw, falling into the fissure on a failed save or moving with the fissure's edge on a successful one. Any structure on a spot where the fissure opens collapses into the fissure. Once you use this property, it can't be used again until the next dawn. Two-Handed. A Two-Handed weapon requires two hands when you attack with it. Mastery: Push. If you hit a creature with this weapon, you can push the creature up to 10 feet straight away from yourself if it is Large or smaller."
"Timepiece of Travel","AI","221","very rare","Wondrous Item","requires attunement","","","","","","While attuned to this device, you have a +1 bonus to Dexterity saving throws and you always know which way is north. Additionally, you can cast the longstrider spell on yourself at will. Turn-by-Turn Directions. You can name any location within 10 miles of your current location that is known to at least one creature also within 10 miles of that location (including you). Once you name the location, a disembodied voice heard only by you provides directions to the location by the safest, most direct route. The voice knows to avoid natural hazards, so that it does not send you through trackless wilderness or into a lake. But it has no knowledge of or ability to help you avoid monsters, enemies, traps, locked doors, and the like.The timepiece is of no use for reaching locations that are wholly secret or not known to any creatures within range. Once you use this feature of the timepiece of travel, it cannot be used again until the next dawn. Get Away From It All. As an action, you can cast the teleport spell. Once you use this feature of the timepiece of travel, it cannot be used again until the next dawn. Part of a Whole. While this component is not installed in the Orrery of the Wanderer, its magic might function sporadically or with unpredictable side effects, as determined by the DM."
"Tome of Clear Thought","DMG'24","317","very rare","Wondrous Item","","","","","5 lb.","","This book contains memory and logic exercises, and its words are charged with magic. If you spend 48 hours over a period of 6 days or fewer studying the book's contents and practicing its guidelines, your Intelligence increases by 2, to a maximum of 30. The manual then loses its magic, but regains it in a century."
"Tome of Leadership and Influence","DMG'24","317","very rare","Wondrous Item","","","","","5 lb.","","This book contains guidelines for influencing and charming others, and its words are charged with magic. If you spend 48 hours over a period of 6 days or fewer studying the book's contents and practicing its guidelines, your Charisma increases by 2, to a maximum of 30. The manual then loses its magic, but regains it in a century."
"Tome of Understanding","DMG'24","317","very rare","Wondrous Item","","","","","5 lb.","","This book contains intuition and insight exercises, and its words are charged with magic. If you spend 48 hours over a period of 6 days or fewer studying the book's contents and practicing its guidelines, your Wisdom increases by 2, to a maximum of 30. The manual then loses its magic, but regains it in a century."
"Tome of the Stilled Tongue","DMG'24","208","legendary","Wondrous Item, Spellcasting Focus","requires attunement by a wizard","","","","5 lb.","","This book has a desiccated tongue pinned to its front cover. Five of these tomes exist, and it's unknown which one is the original. The tongue on the first Tome of the Stilled Tongue belonged to a treacherous former servant of the lich Vecna. The tongues pinned to the covers of the four copies came from other spellcasters who crossed Vecna. The first few pages of each tome are filled with indecipherable scrawls. The remaining pages are blank.While attuned to this item, you can use it as a Spellbook and an Arcane Focus. In addition, while holding the tome, you can take a Bonus Action to cast a spell you have written in this tome, without expending a spell slot or using any Verbal or Somatic components. Once used, this property of the tome can't be used again until the next dawn.Only you can remove the tongue from the book's cover. If you do so, all spells written in the book are permanently erased.Vecna watches anyone using this tome and can write cryptic messages in it. These messages typically fade away after they are read.An Arcane Focus takes a specific form and is bejeweled or carved to channel arcane magic. A Sorcerer, Warlock, or Wizard can use such an item as a Spellcasting Focus."
"Travel Alchemical Kit","AI","30","uncommon","Wondrous Item","","","","","","","Also at rank 3, Head Office provides you with a travel alchemical kit—an uncommon magic item containing miniaturized versions of both alchemist's supplies and a poisoner's kit (glass vials, a mortar and pestle, chemicals, and a glass stirring rod). You gain proficiency with a poisoner's kit as part of this upgrade.You can use this magical kit as long as it is on your person, with no need to draw or stow it. If you are ever searched, finding your travel alchemical kit requires a successful DC 20 Intelligence (Investigation) or Wisdom (Insight) check."
"Trident of Fish Command","DMG'24","317","uncommon","Weapon (Trident), Martial Weapon, Melee Weapon","requires attunement","1d8 Piercing","Thrown (20/60 ft.), Versatile (1d10)","Mastery: Topple","4 lb.","","This magic weapon has 3 charges, and it regains 1d3 expended charges daily at dawn. While you carry it, you can expend 1 charge to cast Dominate Beast (save DC 15) from it on a Beast that has a Swim Speed. Thrown. If a weapon has the Thrown property, you can throw the weapon to make a ranged attack, and you can draw that weapon as part of the attack. If the weapon is a Melee weapon, use the same ability modifier for the attack and damage rolls that you use for a melee attack with that weapon. Versatile. A Versatile weapon can be used with one or two hands. A damage value in parentheses appears with the property. The weapon deals that damage when used with two hands to make a melee attack. Mastery: Topple. If you hit a creature with this weapon, you can force the creature to make a Constitution saving throw (DC 8 plus the ability modifier used to make the attack roll and your Proficiency Bonus). On a failed save, the creature has the Prone condition."
"Unbreakable Arrow","XGE","139","common","Ammunition","","","","","","","This arrow can't be broken, except when it is within an antimagic field."
"Uncommon Glamerweave","ERLW","277","uncommon","Wondrous Item","","","","","","","Glamerweave is clothing imbued with harmless illusory magic. While wearing these clothes, you can use a bonus action to create a moving illusory pattern within the cloth. Alternatively, you can have the pattern rise from the cloth. For example, a glamerweave gown might be wreathed in harmless, illusory flames, while a glamerweave hat might have illusory butterflies fluttering around it.When you make a Charisma (Performance) or Charisma (Persuasion) check while wearing the glamerweave, you can roll a d4 and add the number rolled to the check. Once you use this property, it can't be used again until the next dawn."
"Universal Solvent","DMG'24","318","legendary","Wondrous Item","","","","","","","This tube holds milky liquid with a strong alcohol smell. When found, a tube contains 1d6 + 1 ounces.You can take a Utilize action to pour 1 or more ounces of solvent from the tube onto a surface within reach. Each ounce instantly dissolves up to 1 square foot of adhesive it touches, including Sovereign Glue."
"Ventilating Lungs","ERLW","279","rare","Wondrous Item","requires attunement","","","","","","These metallic nodules were created in response to the poisonous gases used on the battlefields of the Last War. When you attune to these lungs, they replace the lungs in your chest, which disappear. The lungs allow you to breathe normally, even in an antimagic field, and their breathing function can't be suppressed by magic.Outside an antimagic field or any other effect that suppresses magic, these lungs allow you to breathe normally in any environment (including a vacuum), and you have advantage on saving throws against harmful gases such as those created by a cloudkill spell, a stinking cloud spell, inhaled poisons, and gaseous breath weapons.As an action, you can use these lungs to exhale a gust of wind, as if you had cast the gust of wind spell (spell save DC 15) with no components. This property of the lungs can't be used again until the next dawn.If your attunement to the lungs ends, your original lungs reappear."
"Veteran's Cane","DMG'24","318","common","Wondrous Item","","","","","","","As a Bonus Action, you can transform this walking cane into an ordinary Longsword or change the Longsword back into a walking cane. In either case, you must be holding the item."
"Vicious +1 Weapon","AI","149","unknown (magic)","Generic Variant","","","","","","","When you roll a 20 with this magic weapon, the target takes an extra 7 damage of the weapon's type.Note: According to the SRD, it is an extra 2d6 damage, although this is incorrect. Base items. This item variant can be applied to the following base items:Antimatter Rifle (Vicious +1 Antimatter Rifle)Automatic Rifle (Vicious +1 Automatic Rifle)Battleaxe (Vicious +1 Battleaxe)Blowgun (Vicious +1 Blowgun)Club (Vicious +1 Club)Dagger (Vicious +1 Dagger)Dart (Vicious +1 Dart)Double-Bladed Scimitar (Vicious +1 Double-Bladed Scimitar)Flail (Vicious +1 Flail)Glaive (Vicious +1 Glaive)Greataxe (Vicious +1 Greataxe)Greatclub (Vicious +1 Greatclub)Greatsword (Vicious +1 Greatsword)Halberd (Vicious +1 Halberd)Hand Crossbow (Vicious +1 Hand Crossbow)Handaxe (Vicious +1 Handaxe)Heavy Crossbow (Vicious +1 Heavy Crossbow)Hooked Shortspear (Vicious +1 Hooked Shortspear)Hoopak (Vicious +1 Hoopak)Hunting Rifle (Vicious +1 Hunting Rifle)Javelin (Vicious +1 Javelin)Lance (Vicious +1 Lance)Laser Pistol (Vicious +1 Laser Pistol)Laser Rifle (Vicious +1 Laser Rifle)Light Crossbow (Vicious +1 Light Crossbow)Light Hammer (Vicious +1 Light Hammer)Light Repeating Crossbow (Vicious +1 Light Repeating Crossbow)Longbow (Vicious +1 Longbow)Longsword (Vicious +1 Longsword)Mace (Vicious +1 Mace)Maul (Vicious +1 Maul)Morningstar (Vicious +1 Morningstar)Musket (Vicious +1 Musket)Pike (Vicious +1 Pike)Pistol (Vicious +1 Pistol)Quarterstaff (Vicious +1 Quarterstaff)Rapier (Vicious +1 Rapier)Revolver (Vicious +1 Revolver)Scimitar (Vicious +1 Scimitar)Semiautomatic Pistol (Vicious +1 Semiautomatic Pistol)Shortbow (Vicious +1 Shortbow)Shortsword (Vicious +1 Shortsword)Shotgun (Vicious +1 Shotgun)Sickle (Vicious +1 Sickle)Sling (Vicious +1 Sling)Spear (Vicious +1 Spear)Trident (Vicious +1 Trident)War Pick (Vicious +1 War Pick)Warhammer (Vicious +1 Warhammer)Whip (Vicious +1 Whip)Yklwa (Vicious +1 Yklwa)"
"Vicious Weapon","DMG'24","318","rare","Generic Variant","","","","","","","This magic weapon deals an extra 2d6 damage to any creature it hits. This extra damage is of the same type as the weapon's normal damage. Base items. This item variant can be applied to the following base items:Antimatter Rifle (Vicious Antimatter Rifle)Automatic Rifle (Vicious Automatic Rifle)Battleaxe (Vicious Battleaxe)Blowgun (Vicious Blowgun)Club (Vicious Club)Dagger (Vicious Dagger)Dart (Vicious Dart)Double-Bladed Scimitar (Vicious Double-Bladed Scimitar)Flail (Vicious Flail)Glaive (Vicious Glaive)Greataxe (Vicious Greataxe)Greatclub (Vicious Greatclub)Greatsword (Vicious Greatsword)Halberd (Vicious Halberd)Hand Crossbow (Vicious Hand Crossbow)Handaxe (Vicious Handaxe)Heavy Crossbow (Vicious Heavy Crossbow)Hooked Shortspear (Vicious Hooked Shortspear)Hoopak (Vicious Hoopak)Hunting Rifle (Vicious Hunting Rifle)Javelin (Vicious Javelin)Lance (Vicious Lance)Laser Pistol (Vicious Laser Pistol)Laser Rifle (Vicious Laser Rifle)Light Crossbow (Vicious Light Crossbow)Light Hammer (Vicious Light Hammer)Light Repeating Crossbow (Vicious Light Repeating Crossbow)Longbow (Vicious Longbow)Longsword (Vicious Longsword)Mace (Vicious Mace)Maul (Vicious Maul)Morningstar (Vicious Morningstar)Musket (Vicious Musket)Pike (Vicious Pike)Pistol (Vicious Pistol)Quarterstaff (Vicious Quarterstaff)Rapier (Vicious Rapier)Revolver (Vicious Revolver)Scimitar (Vicious Scimitar)Semiautomatic Pistol (Vicious Semiautomatic Pistol)Shortbow (Vicious Shortbow)Shortsword (Vicious Shortsword)Shotgun (Vicious Shotgun)Sickle (Vicious Sickle)Sling (Vicious Sling)Spear (Vicious Spear)Staff (Vicious Staff)Trident (Vicious Trident)War Pick (Vicious War Pick)Warhammer (Vicious Warhammer)Whip (Vicious Whip)Wooden Staff (Vicious Wooden Staff)Yklwa (Vicious Yklwa)"
"Vorpal Sword","DMG'24","318","legendary","Generic Variant","requires attunement","","","","","","You gain a +3 bonus to attack rolls and damage rolls made with this magic weapon. In addition, the weapon ignores Resistance to Slashing damage.When you use this weapon to attack a creature that has at least one head and roll a 20 on the d20 for the attack roll, you cut off one of the creature's heads. The creature dies if it can't survive without the lost head. A creature is immune to this effect if it has Immunity to Slashing damage, if it doesn't have or need a head, or if the DM decides that the creature is too big for its head to be cut off with this weapon. Such a creature instead takes an extra 30 Slashing damage from the hit. If the creature has Legendary Resistance, it can expend one daily use of that trait to avoid losing its head, taking the extra damage instead. Base items. This item variant can be applied to the following base items:Glaive (Vorpal Glaive)Greatsword (Vorpal Greatsword)Longsword (Vorpal Longsword)Scimitar (Vorpal Scimitar)"
"Voting Kit","AI","22","common","Wondrous Item","","","","","","","At rank 4, your voting kit becomes a common magic item that conceals an extradimensional space. As a bonus action, you can place one tool kit that you are proficient with into the voting kit, or can remove it. No other type of object can be placed into the extradimensional space. A creature searching the voting kit finds and extracts the tool kit with a successful DC 20 Intelligence (Investigation) or Wisdom (Perception) check.Additionally, you can use the voting kit to cast charm person (save DC 15). This property of the kit can't be used again until the next dawn."
"Walloping Ammunition","DMG'24","318","common","Ammunition, Generic Variant","","","","","","","A creature hit by this ammunition must succeed on a DC 10 Strength saving throw or have the Prone condition. Base items. This item variant can be applied to the following base items:Arrow (Walloping Arrow)Bolt (Walloping Bolt)Energy Cell (Walloping Energy Cell)Firearm Bullet (Walloping Firearm Bullet)Needle (Walloping Needle)Sling Bullet (Walloping Sling Bullet)"
"Wand Sheath","ERLW","279","common","Wondrous Item","requires attunement by a warforged","","","","","","A wand sheath clamps onto your arm and imparts the following benefits:The wand sheath can't be removed from you while you're attuned to it.You can insert a wand into the sheath as an action. The sheath can hold only one wand at a time.You can retract or extend a wand from the sheath as a bonus action. While the wand is extended, you can use it as if you were holding it, but your hand remains free.If a sheathed wand requires attunement, you must attune to the wand before you can use it. However, the wand sheath and the attached wand count as a single magic item with regard to the number of magic items you can attune to. If you remove the wand from the sheath, your attunement to the wand ends."
"Wand of Binding","DMG'24","318","rare","Wand","requires attunement","","","","1 lb.","","This wand has 7 charges. Spells. While holding the wand, you can cast one of the spells (save DC 17) on the following table from it. The table indicates how many charges you must expend to cast the spell.SpellCharge CostHold Monster5Hold Person2 Regaining Charges. The wand regains 1d6 + 1 expended charges daily at dawn. If you expend the wand's last charge, roll 1d20. On a 1, the wand crumbles into ashes and is destroyed."
"Wand of Conducting","DMG'24","319","common","Wand","","","","","1 lb.","","This wand has 3 charges. While holding it, you can take a Magic action to expend 1 charge and create orchestral music by waving it around. The music can be heard out to 120 feet and ends when you stop waving the wand. Regaining Charges. The wand regains all expended charges daily at dawn. If you expend the wand's last charge, roll 1d20. On a 1, a sad tuba sound plays as the wand crumbles into dust and is destroyed."
"Wand of Enemy Detection","DMG'24","319","rare","Wand","requires attunement","","","","1 lb.","","This wand has 7 charges. While holding it, you can take a Magic action to expend 1 charge. For 1 minute, you know the direction of the nearest creature Hostile to you within 60 feet, but not its distance from you. The wand can sense the presence of Hostile creatures that are Invisible, ethereal, disguised, or hidden, as well as those in plain sight. The effect ends if you stop holding the wand. Regaining Charges. The wand regains 1d6 + 1 expended charges daily at dawn. If you expend the wand's last charge, roll 1d20. On a 1, the wand crumbles into ashes and is destroyed."
"Wand of Fear","DMG'24","319","rare","Wand","requires attunement","","","","1 lb.","","This wand has 7 charges. Spells. While holding the wand, you can cast one of the spells (save DC 15) on the following table from it. The table indicates how many charges you must expend to cast the spell.SpellCharge CostCommand (""flee"" or ""grovel"" only)1Fear (60-foot Cone)3 Regaining Charges. The wand regains 1d6 + 1 expended charges daily at dawn. If you expend the wand's last charge, roll 1d20. On a 1, the wand crumbles into ashes and is destroyed."
"Wand of Fireballs","DMG'24","319","rare","Wand","requires attunement by a spellcaster","","","","1 lb.","","This wand has 7 charges. While holding it, you can expend no more than 3 charges to cast Fireball (save DC 15) from it. For 1 charge, you cast the level 3 version of the spell. You can increase the spell's level by 1 for each additional charge you expend. Regaining Charges. The wand regains 1d6 + 1 expended charges daily at dawn. If you expend the wand's last charge, roll 1d20. On a 1, the wand crumbles into ashes and is destroyed."
"Wand of Lightning Bolts","DMG'24","320","rare","Wand","requires attunement by a spellcaster","","","","1 lb.","","This wand has 7 charges. While holding it, you can expend no more than 3 charges to cast Lightning Bolt (save DC 15) from it. For 1 charge, you cast the level 3 version of the spell. You can increase the spell's level by 1 for each additional charge you expend. Regaining Charges. The wand regains 1d6 + 1 expended charges daily at dawn. If you expend the wand's last charge, roll 1d20. On a 1, the wand crumbles into ashes and is destroyed."
"Wand of Magic Detection","DMG'24","320","uncommon","Wand","","","","","1 lb.","","This wand has 3 charges. While holding it, you can expend 1 charge to cast Detect Magic from it. The wand regains 1d3 expended charges daily at dawn."
"Wand of Magic Missiles","DMG'24","320","uncommon","Wand","","","","","1 lb.","","This wand has 7 charges. While holding it, you can expend no more than 3 charges to cast Magic Missile from it. For 1 charge, you cast the level 1 version of the spell. You can increase the spell's level by 1 for each additional charge you expend. Regaining Charges. The wand regains 1d6 + 1 expended charges daily at dawn. If you expend the wand's last charge, roll 1d20. On a 1, the wand crumbles into ashes and is destroyed."
"Wand of Orcus","DMG'24","320","artifact","Weapon (Mace), Wand, Simple Weapon, Melee Weapon","requires attunement","1d6 Bludgeoning","","","4 lb.","","Crafted and wielded by Orcus, this ghastly wand slips from the demon lord's grasp from time to time. When it does, it magically appears wherever the demon lord senses an opportunity to achieve some fell goal.The wand is topped with a skull that once belonged to a human hero slain by Orcus. The wand can magically change in size to better conform to the grip of its user. All Holy Water within 10 feet of the wand is destroyed.Any creature besides Orcus that tries to attune to the wand makes a DC 17 Constitution saving throw. On a successful save, the creature takes 10d6 Necrotic damage. On a failed save, the creature dies and, if it is a Humanoid, turns into a Zombie. Magic Weapon. You can wield the wand as a magic Mace that grants a +3 bonus to attack rolls and damage rolls made with it. The wand deals an extra 2d12 Necrotic damage on a hit. Random Properties. The Wand of Orcus has the following random properties:2 minor beneficial properties1 major beneficial property2 minor detrimental properties1 major detrimental propertyThe detrimental properties of the Wand of Orcus are suppressed while the wand is attuned to Orcus. Protection. You gain a +3 bonus to Armor Class while holding the wand. Spells. The wand has 7 charges and regains 1d4 + 3 expended charges daily at dawn. While holding the wand, you can cast one of the spells on the following table from it (save DC 18). The table indicates how many charges you must expend to cast the spell.SpellCharge CostAnimate Dead1Blight2Circle of Death3Finger of Death3Power Word Kill4Speak with Dead1While attuned to the wand, Orcus or a follower blessed by him can cast each of the wand's spells using 2 fewer charges (minimum of 0). Call Undead. While holding the wand, you can take a Magic action to conjure 15 Skeletons and 15 Zombies. These Undead magically rise up from the ground or otherwise form in unoccupied spaces within 300 feet of you and obey your commands until they are destroyed or until the next dawn, when they collapse into inanimate piles of bones and rotting corpses. Once you use this property, you can't use it again until the next dawn.While holding the wand, Orcus can summon any kind of Undead, not just skeletons and zombies. These Undead don't perish at dawn the following day, remaining until Orcus dismisses them. Sentience. The Wand of Orcus is a sentient Chaotic Evil item with an Intelligence of 16, a Wisdom of 12, and a Charisma of 16. It has hearing and Darkvision out to 120 feet.The wand communicates telepathically with its wielder and speaks Abyssal and Common. Personality. The wand's purpose is to help satisfy Orcus's desire to slay everything in the multiverse. The wand is cruel, nihilistic, and bereft of humor.To further Orcus's goals, the wand feigns devotion to its current user and makes grandiose promises that it has no intention of fulfilling, such as vowing to help its user overthrow Orcus. Destroying the Wand. Destroying the Wand of Orcus requires that it be taken to the Positive Energy Plane by the ancient hero whose skull surmounts it. For this to happen, the long-lost hero must first be restored to life—no easy task, given the fact that Orcus has imprisoned the hero's soul and keeps it hidden and well guarded.Bathing the wand in positive energy (such as that which permeates the Positive Plane) causes it to crack and explode, but unless the above conditions are met, the wand instantly re-forms on Orcus's layer of the Abyss."
"Wand of Paralysis","DMG'24","321","rare","Wand","requires attunement by a spellcaster","","","","1 lb.","","This wand has 7 charges. While holding it, you can take a Magic action to expend 1 charge to cause a thin blue ray to streak from the tip toward a creature you can see within 60 feet of yourself. The target must succeed on a DC 15 Constitution saving throw or have the Paralyzed condition for 1 minute. At the end of each of the target's turns, it repeats the save, ending the effect on itself on a success. Regaining Charges. The wand regains 1d6 + 1 expended charges daily at dawn. If you expend the wand's last charge, roll 1d20. On a 1, the wand crumbles into ashes and is destroyed."
"Wand of Polymorph","DMG'24","321","very rare","Wand","requires attunement by a spellcaster","","","","1 lb.","","This wand has 7 charges. While holding it, you can expend 1 charge to cast Polymorph (save DC 15) from it. Regaining Charges. The wand regains 1d6 + 1 expended charges daily at dawn. If you expend the wand's last charge, roll 1d20. On a 1, the wand crumbles into ashes and is destroyed."
"Wand of Pyrotechnics","DMG'24","321","common","Wand","","","","","1 lb.","","This wand has 7 charges. While holding it, you can take a Magic action to expend 1 charge and create a harmless burst of multicolored light at a point you can see up to 120 feet away. The burst of light is accompanied by a crackling noise that can be heard up to 300 feet away. The light is as bright as a torch flame but lasts only a second. Regaining Charges. The wand regains 1d6 + 1 expended charges daily at dawn. If you expend the wand's last charge, roll 1d20. On a 1, the wand erupts in a harmless pyrotechnic display and is destroyed."
"Wand of Scowls","XGE","140","common","Wand","","","","","1 lb.","","This wand has 3 charges. While holding it, you can use an action to expend 1 of its charges and target a humanoid you can see within 30 feet of you. The target must succeed on a DC 10 Charisma saving throw or be forced to scowl for 1 minute.The wand regains all expended charges daily at dawn. If you expend the wand's last charge, roll a d20. On a 1, the wand transforms into a wand of smiles."
"Wand of Secrets","DMG'24","322","uncommon","Wand","","","","","1 lb.","","This wand has 3 charges and regains 1d3 expended charges daily at dawn. While holding it, you can take a Magic action to expend 1 charge, and if a secret door or trap is within 60 feet of you, the wand pulses and points at the one nearest to you."
"Wand of Smiles","XGE","140","common","Wand","","","","","1 lb.","","This wand has 3 charges. While holding it, you can use an action to expend 1 of its charges and target a humanoid you can see within 30 feet of you. The target must succeed on a DC 10 Charisma saving throw or be forced to smile for 1 minute.The wand regains all expended charges daily at dawn. If you expend the wand's last charge, roll a d20. On a 1, the wand transforms into a wand of scowls."
"Wand of Web","DMG'24","322","uncommon","Wand","requires attunement by a spellcaster","","","","1 lb.","","This wand has 7 charges. While holding it, you can expend 1 charge to cast Web (save DC 13) from it. Regaining Charges. The wand regains 1d6 + 1 expended charges daily at dawn. If you expend the wand's last charge, roll 1d20. On a 1, the wand crumbles into ashes and is destroyed."
"Wand of Wonder","DMG'24","322","rare","Wand","requires attunement","","","","1 lb.","","This wand has 7 charges. While holding it, you can take a Magic action to expend 1 charge while choosing a point within 120 feet of yourself. That location becomes the point of origin of a spell or other magical effect determined by rolling on the Wand of Wonder Effects table. Spells cast from the wand have a save DC of 15. If a spell's maximum range is normally less than 120 feet, it becomes 120 feet when cast from the wand. If an effect has multiple possible subjects, the DM determines randomly which among them are affected. Regaining Charges. The wand regains 1d6 + 1 expended charges daily at dawn. If you expend the wand's last charge, roll 1d20. On a 1, the wand crumbles into dust and is destroyed.Wand of Wonder Effects1d100Effect01-20You cast a spell originating from the chosen point. Roll 1d10 to determine the spell: on a 1-2, Darkness; on a 3-4, Faerie Fire; on a 5-6, Fireball; on a 7-8, Slow; on a 9-10, Stinking Cloud.21-25Nothing happens at the chosen point of origin. Instead, you have the Stunned condition until the start of your next turn, believing something awesome just happened.26-30You cast Gust of Wind. The Line created by the spell extends from you to the chosen point of origin.31-35Nothing happens at the chosen point of origin. Instead, you take 1d6 Psychic damage.36-40Heavy rain falls for 1 minute in a 120-foot-high, 60-foot-radius Cylinder centered on the chosen point of origin. During that time, the area of effect is Lightly Obscured.41-45A cloud of 600 oversized butterflies fills a 60-foot-high, 30-foot-radius Cylinder centered on the chosen point of origin. The butterflies remain for 10 minutes, during which time the area of effect is Heavily Obscured.46-50You cast Lightning Bolt. The Line created by the spell extends from you to the chosen point of origin.51-55The creature closest to the chosen point of origin is enlarged as if you had cast Enlarge/Reduce on it. If the target isn't you and can't be affected by that spell, you become the target instead.56-60A magically formed creature appears in an unoccupied space as close to the chosen point of origin as possible. The creature isn't under your control, acts as it normally would, and disappears after 1 hour or when it drops to 0 Hit Points. Roll 1d4 to determine which creature appears. On a 1, a Rhinoceros appears; on a 2, an Elephant appears; and on a 3-4, a Rat appears.61-64Grass covers a 60-foot-radius circle of ground, with the center of that circle as close to the chosen point of origin as possible. Grass that's already there grows to ten times its normal size and remains overgrown for 1 minute.65-68An object of the DM's choice disappears into the Ethereal Plane. The object must be neither worn nor carried, within 120 feet of the chosen point of origin, and no larger than 10 feet in any dimension. If there are no such objects in range, nothing happens.69-72Nothing happens at the chosen point of origin. Instead, you shrink as if you had cast Enlarge/Reduce on yourself and remain in that state for 1 minute.73-77Leaves grow from the creature nearest to the chosen point of origin. Unless they are picked off, the leaves turn brown and fall off after 24 hours.78-82Nothing happens at the chosen point of origin. Instead, a burst of colorful, shimmering light extends from you in a 30-foot Emanation. Each creature in the area must succeed on a DC 15 Constitution saving throw or have the Blinded condition for 1 minute. A creature repeats the save at the end of each of its turns, ending the effect on itself on a success.83-87Nothing happens at the chosen point of origin. Instead, you cast Invisibility on yourself.88-92Nothing happens at the chosen point of origin. Instead, a stream of 1d4 × 10 gems, each worth 1 GP, shoots from the wand's tip in a Line 30 feet long and 5 feet wide toward the chosen point of origin. Each gem deals 1 Bludgeoning damage, and the total damage of the gems is divided equally among all creatures in the Line.93-97You cast Polymorph, targeting the creature closest to the chosen point of origin. Roll 1d4 to determine the target's new form. On a 1, the new form is a Black Bear; on a 2, the new form is a Giant Wasp; on a 3-4, the new form is a Frog.98-00The creature closest to the chosen point of origin makes a DC 15 Constitution saving throw. On a failed save, the creature has the Restrained condition and begins to turn to stone. While Restrained in this way, the creature repeats the save at the end of its next turn. On a successful save, the effect ends. On a failed save, the creature has the Petrified condition instead of the Restrained condition. The petrification lasts until the creature is freed by the Greater Restoration spell or similar magic."
"Wand of the War Mage","DMG'24","322","varies","Wand","requires attunement by a spellcaster","","","","1 lb.","","Multiple variations of this item exist, as listed below:+1 Wand of the War Mage+2 Wand of the War Mage+3 Wand of the War Mage"
"Wave","DMG'24","323","artifact","Weapon (Trident), Martial Weapon, Melee Weapon","requires attunement","1d8 Piercing","Thrown (20/60 ft.), Versatile (1d10)","Mastery: Topple","4 lb.","","Held in the dungeon of White Plume Mountain, Wave is engraved with images of waves, shells, and sea creatures.You gain a +3 bonus to attack rolls and damage rolls made with this magic weapon. When you roll a 20 on the d20 for an attack roll with this weapon, the target takes an extra 21 Necrotic damage.While holding Wave, you gain the following benefits:Combat Ready. You have Advantage on Initiative rolls.Underwater Adaptation. A bubble of air forms around your head while you are underwater, allowing you to breathe normally in that environment. Aquatic Command. Wave has 3 charges and regains 1d3 expended charges daily at dawn. While you carry it, you can expend 1 charge to cast Dominate Beast (save DC 20) from it on a Beast that has a Swim Speed. Globe of Invulnerability. While holding Wave, you can cast the level 9 version of Globe of Invulnerability from it. Once used, this property can't be used again until the next dawn. Sentience. Wave is a sentient weapon of Neutral alignment, with an Intelligence of 14, a Wisdom of 10, and a Charisma of 18. It has hearing and Darkvision out to 120 feet.The weapon communicates telepathically with its wielder and speaks Aquan. Personality. Wave zealously encourages mortals to worship sea gods and has a habit of humming sea chanteys. Conflict arises if the wielder fails to further the weapon's objectives in the world. Destroying Wave. Wave can be destroyed only on the island of Thunderforge, where it was forged. The weapon must be melted down by a storm giant or someone imbued with a storm giant's strength. Destroying Wave angers a god of the sea, who sends powerful agents to attack the island and punish the destroyers. Thrown. If a weapon has the Thrown property, you can throw the weapon to make a ranged attack, and you can draw that weapon as part of the attack. If the weapon is a Melee weapon, use the same ability modifier for the attack and damage rolls that you use for a melee attack with that weapon. Versatile. A Versatile weapon can be used with one or two hands. A damage value in parentheses appears with the property. The weapon deals that damage when used with two hands to make a melee attack. Mastery: Topple. If you hit a creature with this weapon, you can force the creature to make a Constitution saving throw (DC 8 plus the ability modifier used to make the attack roll and your Proficiency Bonus). On a failed save, the creature has the Prone condition."
"Weapon of Warning","DMG'24","324","uncommon","Generic Variant","requires attunement","","","","","","As long as this weapon is within your reach and you are attuned to it, you and allies within 30 feet of you gain the following benefits. Alarm. The weapon magically awakens each subject who is sleeping naturally when combat begins. This benefit doesn't wake a subject from magically induced sleep. Supernatural Readiness. Each subject has Advantage on its Initiative rolls. Base items. This item variant can be applied to the following base items:Antimatter Rifle (Antimatter Rifle of Warning)Automatic Rifle (Automatic Rifle of Warning)Battleaxe (Battleaxe of Warning)Blowgun (Blowgun of Warning)Club (Club of Warning)Dagger (Dagger of Warning)Dart (Dart of Warning)Double-Bladed Scimitar (Double-Bladed Scimitar of Warning)Flail (Flail of Warning)Glaive (Glaive of Warning)Greataxe (Greataxe of Warning)Greatclub (Greatclub of Warning)Greatsword (Greatsword of Warning)Halberd (Halberd of Warning)Hand Crossbow (Hand Crossbow of Warning)Handaxe (Handaxe of Warning)Heavy Crossbow (Heavy Crossbow of Warning)Hooked Shortspear (Hooked Shortspear of Warning)Hoopak (Hoopak of Warning)Hunting Rifle (Hunting Rifle of Warning)Javelin (Javelin of Warning)Lance (Lance of Warning)Laser Pistol (Laser Pistol of Warning)Laser Rifle (Laser Rifle of Warning)Light Crossbow (Light Crossbow of Warning)Light Hammer (Light Hammer of Warning)Light Repeating Crossbow (Light Repeating Crossbow of Warning)Longbow (Longbow of Warning)Longsword (Longsword of Warning)Mace (Mace of Warning)Maul (Maul of Warning)Morningstar (Morningstar of Warning)Musket (Musket of Warning)Pike (Pike of Warning)Pistol (Pistol of Warning)Quarterstaff (Quarterstaff of Warning)Rapier (Rapier of Warning)Revolver (Revolver of Warning)Scimitar (Scimitar of Warning)Semiautomatic Pistol (Semiautomatic Pistol of Warning)Shortbow (Shortbow of Warning)Shortsword (Shortsword of Warning)Shotgun (Shotgun of Warning)Sickle (Sickle of Warning)Sling (Sling of Warning)Spear (Spear of Warning)Staff (Staff of Warning)Trident (Trident of Warning)War Pick (War Pick of Warning)Warhammer (Warhammer of Warning)Whip (Whip of Warning)Wooden Staff (Wooden Staff of Warning)Yklwa (Yklwa of Warning)"
"Well of Many Worlds","DMG'24","324","legendary","Wondrous Item","","","","","","","This fine black cloth, soft as silk, is folded up to the dimensions of a handkerchief. It unfolds into a circular sheet 6 feet in diameter.You can take a Magic action to unfold the Well of Many Worlds and place it on a solid surface, whereupon it forms a two-way, 6-foot-diameter, circular portal to another world or plane of existence. Each time the item opens a portal, the DM decides where it leads. The portal remains open until a creature within 5 feet of it takes a Magic action to close it by taking hold of the edges of the cloth and folding it up.Once the Well of Many Worlds has opened a portal, it can't do so again for 1d8 hours."
"Wheel of Stars","AI","222","very rare","Wondrous Item","requires attunement","","","","","","While attuned to this device, you have a +1 bonus to Wisdom saving throws, and you can use an action to cast the dancing lights, guidance, or message cantrips. Portent of the Stars. As a reaction when a creature you can see within 60 feet of you makes an attack roll, saving throw, or ability check, you make that creature roll a d10 and add or subtract the number rolled (your choice) from the roll. Once you use this feature of the wheel of stars, it cannot be used again until the next dawn. Alter Gravity. As an action, you can cast fly on yourself or you can cast levitate (save DC 15). Once you use this feature of the wheel of stars, it cannot be used again until the next dawn. Part of a Whole. While this component is not installed in the Orrery of the Wanderer, its magic might function sporadically or with unpredictable side effects, as determined by the DM."
"Wheel of Wind and Water","ERLW","280","uncommon","Wondrous Item","","","","","","","When mounted at the helm of an elemental galleon or airship, this wheel allows a creature that possesses the Mark of Storm to telepathically control the elemental bound inside the vessel.If a wheel of wind and water is mounted on a mundane sailing ship, a creature with the Mark of Storm who is using the wheel can create an area of ideal conditions around the vessel, increasing its speed by 5 miles per hour."
"Whelm","DMG'24","324","artifact","Weapon (Warhammer), Martial Weapon, Melee Weapon","requires attunement by a dwarf or a creature attuned to a belt of dwarvenkind","1d8 Bludgeoning","Thrown (60/180 ft.), Versatile (1d10)","Mastery: Push","5 lb.","","Whelm is a powerful weapon forged by dwarves and lost in the dungeon of White Plume Mountain.You gain a +3 bonus to attack rolls and damage rolls made with this magic weapon. Hurl. Whelm has Thrown with a normal range of 60 feet and a long range of 180 feet. When you hit with a ranged attack roll using Whelm, the target takes an extra 1d8 Force damage, or an extra 4d8 Force damage if the target is a Construct, an Elemental, or a Giant. Immediately after hitting or missing, the weapon flies back to your hand. Shock Wave. You can take a Magic action to strike the ground with Whelm and send a shock wave out from the point of impact. Each creature of your choice on the ground within 60 feet of that point must succeed on a DC 20 Constitution saving throw or have the Stunned condition for 1 minute. A creature repeats the save at the end of each of its turns, ending the effect on itself on a success. Once used, this property can't be used again until the next dawn. Supernatural Awareness. While you are holding the weapon, it alerts you to the location of any secret or concealed doors within 30 feet of you. In addition, you can cast Detect Evil and Good or Locate Object from the weapon. Once you cast either spell, you can't cast it from the weapon again until the next dawn. Sentience. Whelm is a sentient, Lawful Neutral weapon with an Intelligence of 15, a Wisdom of 12, and a Charisma of 15. It has hearing and Darkvision out to 120 feet.The weapon communicates telepathically with its wielder and speaks Dwarvish, Giant, and Goblin. Personality. Whelm has ties to the dwarf clan that created it, called the Dankil or the Mightyhammer clan. It longs to be returned to that clan. Whelm's purpose is to protect dwarves. Conflict arises if the wielder doesn't share this goal. Destroying Whelm. Whelm can be dissolved in the acidic bile of a recently slain ancient black dragon. It can also be melted down in the forges of the Mightyhammer dwarf clan, but only by the rightful leader of that clan. Thrown. If a weapon has the Thrown property, you can throw the weapon to make a ranged attack, and you can draw that weapon as part of the attack. If the weapon is a Melee weapon, use the same ability modifier for the attack and damage rolls that you use for a melee attack with that weapon. Versatile. A Versatile weapon can be used with one or two hands. A damage value in parentheses appears with the property. The weapon deals that damage when used with two hands to make a melee attack. Mastery: Push. If you hit a creature with this weapon, you can push the creature up to 10 feet straight away from yourself if it is Large or smaller."
"Whisper Jar","AI","27","varies","Wondrous Item","requires attunement","","","","","","Also at rank 1, you are the beneficiary of a whisper jar—a common magic item resembling an ether-filled jar with a long tap hose. The jar is used to record others' stories and your own observations, like a verbal notebook with unlimited space. The whisper jar records as fast as a creature can speak into it, and whispers back words at the same pace they were recorded. Activating the playback of a particular recording is an action.Things Recorded in Your Whisper Jard8Recording1A live recording of the only performance of the mostly forgotten stage play Tabaxi on a Hot Tin Roof2The life's work of the loremonger who owned the jar before you3Every courageous thought you've ever had, to cover for how scared you are most of the time4Everything, because everyone else around you will eat their words one day!5The top seven places to eat fried rat skewers in every settlement you've ever visited6The entire family tree of every royal line, extant or lost, in Faerûn7A moment-by-moment review of your favorite Jim Darkmagic stage performance8The sound of raucous applause, which you play back liberally Whispered Encyclopedia. At rank 2, your whisper jar becomes an uncommon magic item that can tap into the broader lore of Acquisitions Incorporated. As a bonus action, you ask the jar for information on a specific subject and make a DC 15 Intelligence (History) check. On a success, the jar plays back a recording on that subject, made somewhere, sometime by another Acq Inc loremonger. This property of the whisper jar can't be used again until the next dawn. Whispered Warnings. Also at rank 3, your whisper jar gains additional power and becomes a rare magic item. As an action, you can cause the jar to function as a wand of enemy detection, whereupon it whispers the direction to foes within range. This property of the whisper jar can't be used again until the next dawn. Whispered Arcana. Also at rank 4, your whisper jar gains access to even more magic. By whispering the name of one of the following spells into the jar as an action, you can cast that spell from the jar: detect evil and good, detect magic, detect poison and disease, find traps, identify, or locate animals or plants. This property of the whisper jar can't be used again until the next dawn."
"White Dragon Scale Mail","DMG'24","254","very rare","Medium Armor (Scale Mail)","requires attunement","AC 14 + Dex (max 2)","","","45 lb.","","Dragon Scale Mail is made of the scales of one kind of dragon. Sometimes dragons collect their cast-off scales and gift them. Other times, hunters carefully preserve the hide of a dead dragon. In either case, Dragon Scale Mail is highly valued.While wearing this armor, you gain a +1 bonus to Armor Class, you have Advantage on saving throws against the breath weapons of Dragons, and you have Resistance to Cold damage.Additionally, you can focus your senses as a Magic action to discern the distance and direction to the closest white dragon within 30 miles of yourself. This action can't be used again until the next dawn.The wearer has Disadvantage on Dexterity (Stealth) checks."
"Wind Fan","DMG'24","213","uncommon","Wondrous Item","","","","","","","While holding this fan, you can cast Gust of Wind (save DC 13) from it. Each subsequent time the fan is used before the next dawn, it has a cumulative 20 percent chance of not working; if the fan fails to work, it tears into useless, nonmagical tatters."
"Winged Boots","DMG'24","325","uncommon","Wondrous Item","requires attunement","","","","","","These boots have 4 charges and regain 1d4 expended charges daily at dawn. While wearing the boots, you can take a Magic action to expend 1 charge, gaining a Fly Speed of 30 feet for 1 hour. If you are flying when the duration expires, you descend at a rate of 30 feet per round until you land."
"Wings of Flying","DMG'24","324","rare","Wondrous Item","requires attunement","","","","","","While wearing this cloak, you can take a Magic action to turn the cloak into a pair of wings on your back. The wings lasts for 1 hour or until you end the effect early as a Magic action. The wings give you a Fly Speed of 60 feet. If you are aloft when the wings disappear, you fall. When the wings disappear, you can't use them again for 1d12 hours."
"Wraps of Unarmed Power","DMG'24","325","varies","Wondrous Item","","","","","","","Multiple variations of this item exist, as listed below:+1 Wraps of Unarmed Power+2 Wraps of Unarmed Power+3 Wraps of Unarmed Power"