"Name","Source","Page","Rarity","Type","Attunement","Damage","Properties","Mastery","Weight","Value","Text"
"Acid","PHB'24","222","none","Adventuring Gear","","","","","1 lb.","25 GP","When you take the Attack action, you can replace one of your attacks with throwing a vial of Acid. Target one creature or object you can see within 20 feet of yourself. The target must succeed on a Dexterity saving throw (DC 8 plus your Dexterity modifier and Proficiency Bonus) or take 2d6 Acid damage."
"Adamantine Ammunition","XGE","78","unknown","Ammunition, Generic Variant","","","","","","","Ammunition made of or coated with adamantine is unusually effective when used to break objects. Whenever a piece of adamantine ammunition hits an object, the hit is a critical hit.The adamantine version of ten pieces of ammunition costs 500 gp more than the normal version, whether the ammunition is made of the metal or coated with it. Base items. This item variant can be applied to the following base items:Arrow (Adamantine Arrow)Bolt (Adamantine Bolt)Firearm Bullet (Adamantine Firearm Bullet)Needle (Adamantine Needle)Sling Bullet (Adamantine Sling Bullet)"
"Adamantine Arrow","XGE","78","unknown","Ammunition (Arrow)","","","","","0,8 oz.","","Whenever you hit an object using this ammunition, the hit is a critical hit.Arrows are used with a weapon that has the ammunition property to make a ranged attack. Each time you attack with the weapon, you expend one piece of ammunition. Drawing the ammunition from a quiver, case, or other container is part of the attack (you need a free hand to load a one-handed weapon). At the end of the battle, you can recover half your expended ammunition by taking a minute to search the battlefield.Arrows are typically stored in a Quiver (bought separately)."
"Adamantine Bolt","XGE","78","unknown","Ammunition (Bolt)","","","","","1,2 oz.","","Whenever you hit an object using this ammunition, the hit is a critical hit.Crossbow bolts are used with a weapon that has the ammunition property to make a ranged attack. Each time you attack with the weapon, you expend one piece of ammunition. Drawing the ammunition from a quiver, case, or other container is part of the attack (you need a free hand to load a one-handed weapon). At the end of the battle, you can recover half your expended ammunition by taking a minute to search the battlefield.Bolts are typically stored in a Crossbow Bolt Case (bought separately)."
"Adamantine Double-Bladed Scimitar","XGE","78","unknown","Weapon (Double-Bladed Scimitar), Martial Weapon, Melee Weapon","","2d4 Slashing","two‑handed, special","","6 lb.","600 GP","The base item can be found in Eberron: Rising from the Last War, page 21.Whenever you hit an object with this weapon, the hit is a critical hit. Special. If you attack with a double-bladed scimitar as part of the Attack action on your turn, you can use a bonus action immediately after to make a melee attack with it. This attack deals 1d4 slashing damage on a hit, instead of 2d4. Two-Handed. This weapon requires two hands to use. This property is relevant only when you attack with the weapon, not when you simply hold it."
"Adamantine Firearm Bullet","XGE","78","unknown","Ammunition (Firearm Bullet)","","","","","⅕ lb.","","Whenever you hit an object using this ammunition, the hit is a critical hit.Firearm Bullets are destroyed upon use in a modern firearm."
"Adamantine Hooked Shortspear","XGE","78","unknown","Weapon (Hooked Shortspear), Martial Weapon, Melee Weapon","","1d4 Piercing","light","","2 lb.","","The base item can be found in Out of the Abyss, page 224.Whenever you hit an object with this weapon, the hit is a critical hit.On a hit with this weapon, the wielder can forgo dealing damage and attempt to trip the target, in which case the target must succeed on a Strength saving throw or fall prone. The DC is 8 + the wielder's Strength modifier + the wielder's proficiency bonus. Light. A light weapon is small and easy to handle, making it ideal for use when fighting with two weapons."
"Adamantine Hoopak","XGE","78","unknown","Weapon (Hoopak), Martial Weapon, Melee Weapon","","1d6 Piercing","ammunition (40/160 ft.), finesse, two‑handed, special","","2 lb.","500 GP, 1 SP","The base item can be found in Dragonlance: Shadow of the Dragon Queen, page 188.Whenever you hit an object with this weapon, the hit is a critical hit.A hoopak is a sturdy stick with a sling at one end and a pointed tip at the other. Special. When you make a melee attack with this weapon, you ignore its ammunition property. You can use the hoopak as a martial ranged weapon. If you do, it uses the ammunition property, uses sling bullets, and deals 1d4 bludgeoning damage on a hit. Ammunition. You can use a weapon that has the ammunition property to make a ranged attack only if you have ammunition to fire from the weapon. Each time you attack with the weapon, you expend one piece of ammunition. Drawing the ammunition from a quiver, case, or other container is part of the attack. Loading a one-handed weapon requires a free hand. At the end of the battle, you can recover half your expended ammunition by taking a minute to search the battlefield.If you use a weapon that has the ammunition property to make a melee attack, you treat the weapon as an improvised weapon. A sling must be loaded to deal any damage when used in this way. Finesse. When making an attack with a finesse weapon, you use your choice of your Strength or Dexterity modifier for the attack and damage rolls. You must use the same modifier for both rolls. Two-Handed. This weapon requires two hands to use. This property is relevant only when you attack with the weapon, not when you simply hold it."
"Adamantine Light Repeating Crossbow","XGE","78","unknown","Weapon (Light Repeating Crossbow), Simple Weapon, Ranged Weapon","","1d8 Piercing","ammunition (40/160 ft.), two‑handed","","5 lb.","","The base item can be found in Out of the Abyss, page 224.Whenever you hit an object with this weapon, the hit is a critical hit.This crossbow is fitted with a cartridge that can hold up to six crossbow bolts. It automatically reloads after firing until the cartridge runs out of ammunition. Reloading the cartridge takes an action. Range. A weapon that can be used to make a ranged attack has a range shown in parentheses after the ammunition or thrown property. The range lists two numbers. The first is the weapon's normal range in feet, and the second indicates the weapon's maximum range. When attacking a target beyond normal range, you have disadvantage on the attack roll. You can't attack a target beyond the weapon's long range. Ammunition. You can use a weapon that has the ammunition property to make a ranged attack only if you have ammunition to fire from the weapon. Each time you attack with the weapon, you expend one piece of ammunition. Drawing the ammunition from a quiver, case, or other container is part of the attack. Loading a one-handed weapon requires a free hand. At the end of the battle, you can recover half your expended ammunition by taking a minute to search the battlefield.If you use a weapon that has the ammunition property to make a melee attack, you treat the weapon as an improvised weapon. A sling must be loaded to deal any damage when used in this way. Two-Handed. This weapon requires two hands to use. This property is relevant only when you attack with the weapon, not when you simply hold it."
"Adamantine Needle","XGE","78","unknown","Ammunition (Needle)","","","","","0,32 oz.","","Whenever you hit an object using this ammunition, the hit is a critical hit.Blowgun needles are used with a weapon that has the ammunition property to make a ranged attack. Each time you attack with the weapon, you expend one piece of ammunition. Drawing the ammunition from a quiver, case, or other container is part of the attack (you need a free hand to load a one-handed weapon). At the end of the battle, you can recover half your expended ammunition by taking a minute to search the battlefield.Needles are typically stored in a Pouch (bought separately)."
"Adamantine Sling Bullet","XGE","78","unknown","Ammunition (Sling Bullet)","","","","","1,2 oz.","","Whenever you hit an object using this ammunition, the hit is a critical hit.Sling bullets are used with a weapon that has the ammunition property to make a ranged attack. Each time you attack with the weapon, you expend one piece of ammunition. Drawing the ammunition from a quiver, case, or other container is part of the attack (you need a free hand to load a one-handed weapon). At the end of the battle, you can recover half your expended ammunition by taking a minute to search the battlefield.Sling Bullets are typically stored in a Pouch (bought separately)."
"Adamantine Weapon","XGE","78","unknown","Generic Variant","","","","","","","Melee weapons made of or coated with adamantine are unusually effective when used to break objects. Whenever an adamantine weapon hits an object, the hit is a critical hit.The adamantine version of a melee weapon costs 500 gp more than the normal version, whether the weapon is made of the metal or coated with it. Base items. This item variant can be applied to the following base items:Antimatter Rifle (Adamantine Antimatter Rifle)Automatic Pistol (Adamantine Automatic Pistol)Automatic Rifle (Adamantine Automatic Rifle)Battleaxe (Adamantine Battleaxe)Blowgun (Adamantine Blowgun)Club (Adamantine Club)Dagger (Adamantine Dagger)Dart (Adamantine Dart)Double-Bladed Scimitar (Adamantine Double-Bladed Scimitar)Flail (Adamantine Flail)Glaive (Adamantine Glaive)Greataxe (Adamantine Greataxe)Greatclub (Adamantine Greatclub)Greatsword (Adamantine Greatsword)Halberd (Adamantine Halberd)Hand Crossbow (Adamantine Hand Crossbow)Handaxe (Adamantine Handaxe)Heavy Crossbow (Adamantine Heavy Crossbow)Hooked Shortspear (Adamantine Hooked Shortspear)Hoopak (Adamantine Hoopak)Hunting Rifle (Adamantine Hunting Rifle)Javelin (Adamantine Javelin)Lance (Adamantine Lance)Laser Pistol (Adamantine Laser Pistol)Laser Rifle (Adamantine Laser Rifle)Light Crossbow (Adamantine Light Crossbow)Light Hammer (Adamantine Light Hammer)Light Repeating Crossbow (Adamantine Light Repeating Crossbow)Longbow (Adamantine Longbow)Longsword (Adamantine Longsword)Mace (Adamantine Mace)Maul (Adamantine Maul)Morningstar (Adamantine Morningstar)Musket (Adamantine Musket)Pike (Adamantine Pike)Pistol (Adamantine Pistol)Quarterstaff (Adamantine Quarterstaff)Rapier (Adamantine Rapier)Revolver (Adamantine Revolver)Scimitar (Adamantine Scimitar)Shortbow (Adamantine Shortbow)Shortsword (Adamantine Shortsword)Shotgun (Adamantine Shotgun)Sickle (Adamantine Sickle)Sling (Adamantine Sling)Spear (Adamantine Spear)Trident (Adamantine Trident)War Pick (Adamantine War Pick)Warhammer (Adamantine Warhammer)Whip (Adamantine Whip)Yklwa (Adamantine Yklwa)"
"Adamantine Yklwa","XGE","78","unknown","Weapon (Yklwa), Simple Weapon, Melee Weapon","","1d8 Piercing","thrown (10/30 ft.)","","3 lb.","501 GP","The base item can be found in Tomb of Annihilation, page 32.Whenever you hit an object with this weapon, the hit is a critical hit.A yklwa (pronounced YICK-ul-wah) is a simple melee weapon that is the traditional weapon of Chultan warriors. A yklwa consists of a 3-foot wooden shaft with a steel or stone blade up to 18 inches long. Although it has the thrown weapon property, the yklwa is not well balanced for throwing. Thrown. If a weapon has the thrown property, you can throw the weapon to make a ranged attack. If the weapon is a melee weapon, you use the same ability modifier for that attack roll and damage roll that you would use for a melee attack with the weapon. For example, if you throw a handaxe, you use your Strength, but if you throw a dagger, you can use either your Strength or your Dexterity, since the dagger has the finesse property."
"Aerenal Trinket","ERLW","134","none","Adventuring Gear","","","","","","","Trinkets from Aerenald8Trinket1A bronzewood ring inscribed with the Elvish word for ""hope""2A dried flower; if it's placed in water, it blooms3An ebony locket; when it's opened, an elven voice whispers ""Always""4A tiny skull carved from dark wood5A finger bone inscribed with an unknown sigil6An ivory flute which produces no sound7A small journal made from preserved leaves8A book of poetry written by undead elves"
"Airship","PHB'24","230","none","Vehicle (Air)","","Speed: 8 mphCarrying Capacity: 1 ton cargo, 20 passengersCrew 10, AC 13, HP 300","","","","40.000 GP","Speed. A ship sailing against a strong wind moves at half speed. In a dead calm (no wind), waterborne ships can't move under sail and must be rowed. Keelboats and Rowboats are used on lakes and rivers. If going downstream, add the speed of the current (typically 3 miles per hour) to the speed of the vehicle. These vehicles can't be rowed against any significant current, but they can be pulled upstream by draft animals on the shores. A Rowboat can be carried and weighs 100 pounds. Crew. A ship larger than a Keelboat or Rowboat needs a crew of skilled hirelings (see ""Services"") to function. The minimum number of skilled hirelings needed to crew a ship depends on the type of ship. Passengers. The number of Small and Medium passengers the ship can accommodate using hammocks. A ship outfitted with private accommodations can carry one-fifth as many passengers. A passenger usually pays 5 SP per day for a hammock, but prices can vary from ship to ship. A small private cabin usually costs 2 GP per day. Damage Threshold. See the rules glossary. Ship Repair. Repairs to a damaged ship can be made while the vessel is berthed. Repairing 1 Hit Point of damage requires 1 day and costs 20 GP for materials and labor. If the repairs are made in a location where supplies and skilled labor are abundant, such as a city shipyard, the repair time and cost are halved."
"Alchemist's Fire","PHB'24","222","none","Adventuring Gear","","","","","1 lb.","50 GP","When you take the Attack action, you can replace one of your attacks with throwing a flask of Alchemist's Fire. Target one creature or object you can see within 20 feet of yourself. The target must succeed on a Dexterity saving throw (DC 8 plus your Dexterity modifier and Proficiency Bonus) or take 1d4 Fire damage and start burning."
"Alchemist's Supplies","PHB'24","220","none","Artisan's Tools","","","","","8 lb.","50 GP","Ability: IntelligenceUtilize: Identify a substance (DC 15), or start a fire (DC 15)Craft: Acid, Alchemist's Fire, Component Pouch, Oil, Paper, PerfumeArtisan's Tools are each focused on crafting items and pursuing a trade. Each type of Artisan's Tools tools requires a separate proficiency.If you have proficiency with a tool, add your Proficiency Bonus to any ability check you make that uses the tool. If you have proficiency in a skill that's used with that check, you have Advantage on the check too."
"Ale (mug)","PHB'24","231","none","Food and Drink","","","","","","4 CP",""
"Alexandrite","DMG'24","214","none","Treasure (Gemstone)","","","","","","500 GP","A dark green gemstone.Gemstones are small, lightweight, and easily secured compared to their same value in coins."
"Amber","DMG'24","214","none","Treasure (Gemstone)","","","","","","100 GP","A watery gold to rich gold gemstone.Gemstones are small, lightweight, and easily secured compared to their same value in coins."
"Amethyst","DMG'24","214","none","Treasure (Gemstone)","","","","","","100 GP","A deep purple gemstone.Gemstones are small, lightweight, and easily secured compared to their same value in coins."
"Amulet","PHB'24","226","none","Spellcasting Focus","","","","","1 lb.","5 GP","For an Amulet to be an effective Holy Symbol, it must be worn or held.A Holy Symbol takes a specific form and is bejeweled or painted to channel divine magic. A Cleric or Paladin can use a Holy Symbol as a Spellcasting Focus."
"Antimatter Rifle","DMG'24","73","none","Weapon, Futuristic, Martial Weapon, Ranged Weapon, Firearm","","6d8 Necrotic","Ammunition (120/360 ft.; Energy Cell), Reload (2 shots), Two‑Handed","Mastery: Sap","10 lb.","","Range. A Range weapon has a range in parentheses after the Ammunition or Thrown property. The range lists two numbers. The first is the weapon's normal range in feet, and the second is the weapon's long range. When attacking a target beyond normal range, you have Disadvantage on the attack roll. You can't attack a target beyond the long range. Ammunition. Firearm Bullets are destroyed upon use in a modern firearm. Futuristic firearms use Energy Cells that become depleted but could possibly be recharged with the proper equipment, at the GM's discretion. Reload. You can make a limited number of shots with a Reload weapon. You must then reload the weapon as an action or a Bonus Action. Two-Handed. A Two-Handed weapon requires two hands when you attack with it. Mastery: Sap. If you hit a creature with this weapon, that creature has Disadvantage on its next attack roll before the start of your next turn."
"Antitoxin","PHB'24","222","none","Adventuring Gear","","","","","","50 GP","As a Bonus Action, you can drink a vial of Antitoxin to gain Advantage on saving throws to avoid or end the Poisoned condition for 1 hour."
"Aquamarine","DMG'24","214","none","Treasure (Gemstone)","","","","","","500 GP","A pale blue green gemstone.Gemstones are small, lightweight, and easily secured compared to their same value in coins."
"Arcane Focus","PHB'24","224","none","Spellcasting Focus","","","","","","","An Arcane Focus takes a specific form and is bejeweled or carved to channel arcane magic. A Sorcerer, Warlock, or Wizard can use such an item as a Spellcasting Focus.Multiple variations of this item exist, as listed below:CrystalOrbRodStaffWand"
"Argonnessen Trinket","ERLW","134","none","Adventuring Gear","","","","","","","Trinkets from Argonnessend10Trinket1A pierced dragon scale on a cord2A statuette of a dragon carved from black bone3A dragon's tooth, engraved with an unknown sigil4A child's doll of a dragon, woven from leather cords5A dagger carved from a dragon's talon6A brass disk bearing the silhouette of a black dragon7A small egg-shaped piece of polished bone8A bone fragment with brass inlaid runes9A leather pouch filled with tiny draconic teeth10A single large seed that's warm to the touch"
"Arrow","PHB'24","222","none","Ammunition","","","","","0,8 oz.","5 CP","Arrows are used with a weapon that has the ammunition property to make a ranged attack. Each time you attack with the weapon, you expend one piece of ammunition. Drawing the ammunition from a quiver, case, or other container is part of the attack (you need a free hand to load a one-handed weapon). At the end of the battle, you can recover half your expended ammunition by taking a minute to search the battlefield.Arrows are typically stored in a Quiver (bought separately)."
"Arrows (20)","PHB'24","222","none","Ammunition","","","","","1 lb.","1 GP","Arrows are used with a weapon that has the ammunition property to make a ranged attack. Each time you attack with the weapon, you expend one piece of ammunition. Drawing the ammunition from a quiver, case, or other container is part of the attack (you need a free hand to load a one-handed weapon). At the end of the battle, you can recover half your expended ammunition by taking a minute to search the battlefield.Arrows are typically stored in a Quiver (bought separately)."
"Artisan's Tools","PHB'24","220","none","Artisan's Tools","","","","","","","Artisan's Tools are each focused on crafting items and pursuing a trade. Each type of Artisan's Tools tools requires a separate proficiency.If you have proficiency with a tool, add your Proficiency Bonus to any ability check you make that uses the tool. If you have proficiency in a skill that's used with that check, you have Advantage on the check too.Multiple variations of this item exist, as listed below:Alchemist's SuppliesBrewer's SuppliesCalligrapher's SuppliesCarpenter's ToolsCartographer's ToolsCobbler's ToolsCook's UtensilsGlassblower's ToolsJeweler's ToolsLeatherworker's ToolsMason's ToolsPainter's SuppliesPotter's ToolsSmith's ToolsTinker's ToolsWeaver's ToolsWoodcarver's Tools"
"Assassin's Blood","DMG'24","90","none","Adventuring Gear, Poison (Ingested)","","","","","","150 GP","A creature subjected to Assassin's Blood makes a DC 10 Constitution saving throw. On a failed save, the creature takes 6 (1d12) Poison damage and has the Poisoned condition for 24 hours. On a successful save, the creature takes half as much damage only."
"Automatic Rifle","DMG'24","73","none","Weapon, Modern, Martial Weapon, Ranged Weapon, Firearm","","2d8 Piercing","Ammunition (80/240 ft.; Firearm Bullet), Burst Fire, Reload (30 shots), Two‑Handed","Mastery: Slow","8 lb.","","Range. A Range weapon has a range in parentheses after the Ammunition or Thrown property. The range lists two numbers. The first is the weapon's normal range in feet, and the second is the weapon's long range. When attacking a target beyond normal range, you have Disadvantage on the attack roll. You can't attack a target beyond the long range. Ammunition. Firearm Bullets are destroyed upon use in a modern firearm. Futuristic firearms use Energy Cells that become depleted but could possibly be recharged with the proper equipment, at the GM's discretion. Burst Fire. As an action, you can expend 10 pieces of a Burst Fire weapon's ammunition to spray shots in a 10-foot Cube within the weapon's normal range. Each creature in that area must succeed on a DC 15 Dexterity saving throw or take damage. Roll the weapon's damage once, and apply it to each creature that failed the save. Reload. You can make a limited number of shots with a Reload weapon. You must then reload the weapon as an action or a Bonus Action. Two-Handed. A Two-Handed weapon requires two hands when you attack with it. Mastery: Slow. If you hit a creature with this weapon and deal damage to it, you can reduce its Speed by 10 feet until the start of your next turn. If the creature is hit more than once by weapons that have this property, the Speed reduction doesn't exceed 10 feet."
"Axe Beak","IDRotF","20","none","Mount","","","","","","50 GP","An axe beak's splayed toes allow it to run across snow, and it can carry as much weight as a mule. A domesticated axe beak can be purchased in Ten-Towns for 50 gp."
"Azurite","DMG'24","214","none","Treasure (Gemstone)","","","","","","10 GP","A mottled deep blue gemstone.Gemstones are small, lightweight, and easily secured compared to their same value in coins."
"Backpack","PHB'24","224","none","Adventuring Gear","","","","","5 lb.","2 GP","A Backpack holds up to 30 pounds within 1 cubic foot. It can also serve as a saddlebag."
"Bagpipes","PHB'24","221","none","Instrument","","","","","6 lb.","30 GP","Ability: CharismaUtilize: Play a known tune (DC 10), or improvise a song (DC 15)If you have proficiency with a tool, add your Proficiency Bonus to any ability check you make that uses the tool. If you have proficiency in a skill that's used with that check, you have Advantage on the check too."
"Ball Bearings","PHB'24","224","none","Adventuring Gear","","","","","2 lb.","1 GP","As a Utilize action, you can spill Ball Bearings from their pouch. They spread to cover a level, 10-foot-square area within 10 feet of yourself. A creature that enters this area for the first time on a turn must succeed on a DC 10 Dexterity saving throw or have the Prone condition. It takes 10 minutes to recover the Ball Bearings."
"Banded Agate","DMG'24","214","none","Treasure (Gemstone)","","","","","","10 GP","A striped brown, blue, white, or red gemstone.Gemstones are small, lightweight, and easily secured compared to their same value in coins."
"Barrel","PHB'24","224","none","Adventuring Gear","","","","","70 lb.","2 GP","A Barrel holds up to 40 gallons of liquid or up to 4 cubic feet of dry goods."
"Basic Poison","PHB'24","227","none","Adventuring Gear, Poison","","","","","","100 GP","As a Bonus Action, you can use a vial of Basic Poison to coat one weapon or up to three pieces of ammunition. A creature that takes Piercing or Slashing damage from the poisoned weapon or ammunition takes an extra 1d4 Poison damage. Once applied, the poison retains potency for 1 minute or until its damage is dealt, whichever comes first."
"Basket","PHB'24","224","none","Adventuring Gear","","","","","2 lb.","4 SP","A Basket holds up to 40 pounds within 2 cubic feet."
"Battleaxe","PHB'24","215","none","Weapon, Martial Weapon, Melee Weapon","","1d8 Slashing","Versatile (1d10)","Mastery: Topple","4 lb.","10 GP","Versatile. A Versatile weapon can be used with one or two hands. A damage value in parentheses appears with the property. The weapon deals that damage when used with two hands to make a melee attack. Mastery: Topple. If you hit a creature with this weapon, you can force the creature to make a Constitution saving throw (DC 8 plus the ability modifier used to make the attack roll and your Proficiency Bonus). On a failed save, the creature has the Prone condition."
"Bedroll","PHB'24","224","none","Adventuring Gear","","","","","7 lb.","1 GP","A Bedroll sleeps one Small or Medium creature. While in a Bedroll, you automatically succeed on saving throws against extreme cold (see the Dungeon Master's Guide)."
"Bejeweled gold bracelet","DMG'24","215","none","Treasure (Art Object)","","","","","","250 GP","Idols cast of solid gold, necklaces studded with precious stones, paintings of ancient kings, bejeweled dishes—art objects include all these and more."
"Bejeweled ivory drinking horn with gold filigree","DMG'24","215","none","Treasure (Art Object)","","","","","","7.500 GP","Idols cast of solid gold, necklaces studded with precious stones, paintings of ancient kings, bejeweled dishes—art objects include all these and more."
"Bell","PHB'24","224","none","Adventuring Gear","","","","","","1 GP","When rung as a Utilize action, a Bell produces a sound that can be heard up to 60 feet away."
"Birdpipes","SCAG","124","none","Instrument","","","","","","","Pan pipes or satyr pipes, also known as the shalm, these are sacred to Lliira and popular with wood elf and wild elf bards.If you have proficiency with a given musical instrument, you can add your proficiency bonus to any ability checks you make to play music with the instrument. A bard can use a musical instrument as a spellcasting focus. Each type of musical instrument requires a separate proficiency.See the Tool Proficiencies entry for more information.Proficiency with a musical instrument indicates you are familiar with the techniques used to play it. You also have knowledge of some songs commonly performed with that instrument. History. Your expertise aids you in recalling lore related to your instrument. Performance. Your ability to put on a good show is improved when you incorporate an instrument into your act. Compose a Tune. As part of a long rest, you can compose a new tune and lyrics for your instrument. You might use this ability to impress a noble or spread scandalous rumors with a catchy tune.Musical InstrumentActivityDCIdentify a tune10Improvise a tune20"
"Black Opal","DMG'24","214","none","Treasure (Gemstone)","","","","","","1.000 GP","A dark green with black mottling and golden flecks gemstone.Gemstones are small, lightweight, and easily secured compared to their same value in coins."
"Black Pearl","DMG'24","214","none","Treasure (Gemstone)","","","","","","500 GP","A pure black gemstone.Gemstones are small, lightweight, and easily secured compared to their same value in coins."
"Black Sap","EGW","152","none","Adventuring Gear","","","","","","300 GP","This tarry substance harvested from the dark boughs of the death's head willow is a powerful intoxicant. It can be smoked as a concentrate or injected directly into the bloodstream. A creature subjected to a dose of black sap cannot be charmed or frightened for 1d6 hours.For each dose of black sap consumed, a creature must succeed on a DC 15 Constitution saving throw or become poisoned for 2d4 hours—an effect that is cumulative with multiple doses."
"Black Sapphire","DMG'24","214","none","Treasure (Gemstone)","","","","","","5.000 GP","A lustrous black with glowing highlights gemstone.Gemstones are small, lightweight, and easily secured compared to their same value in coins."
"Black velvet mask stitched with silver thread","DMG'24","215","none","Treasure (Art Object)","","","","","","25 GP","Idols cast of solid gold, necklaces studded with precious stones, paintings of ancient kings, bejeweled dishes—art objects include all these and more."
"Blanket","PHB'24","224","none","Adventuring Gear","","","","","3 lb.","5 SP","While wrapped in a blanket, you have Advantage on saving throws against extreme cold (see the Dungeon Master's Guide)."
"Blasting Powder","EGW","225","none","Adventuring Gear","","","","","","","This volatile alchemical powder comes in a small pouch. When ignited by an open flame or a fuse, the powder explodes. Each creature within 5 feet of the exploding pouch must make a DC 13 Dexterity saving throw, taking 3d6 bludgeoning damage on a failed save, or half as much damage on a successful one.A character can bind multiple pouches of blasting powder together so they explode at the same time. Each additional pouch increases the damage by 1d6 (maximum of 10d6) and the blast radius by 5 feet (maximum of 20 feet)."
"Blight Ichor","EGW","152","none","Adventuring Gear","","","","","","200 GP","This bitter chartreuse concoction is distilled from a fungus native to the Blightshore badlands. The sickly green liqueur harbors potent psychedelic properties. Provided it is neither a construct nor undead, a creature subjected to a dose of blight ichor gains advantage on Intelligence and Wisdom checks, as well as vulnerability to psychic damage, for 1 hour. For each dose of blight ichor consumed, the creature must succeed on a DC 15 Constitution saving throw or become poisoned for 1d6 hours and suffer the effects of a confusion spell for 1 minute. An undead creature subjected to a dose of blight ichor gains advantage on all Dexterity checks and is immune to the frightened condition for 1 hour."
"Block and Tackle","PHB'24","224","none","Adventuring Gear","","","","","5 lb.","1 GP","A Block and Tackle allows you to hoist up to four times the weight you can normally lift."
"Bloodstone","DMG'24","214","none","Treasure (Gemstone)","","","","","","50 GP","A dark gray with red flecks gemstone.Gemstones are small, lightweight, and easily secured compared to their same value in coins."
"Blowgun","PHB'24","215","none","Weapon, Martial Weapon, Ranged Weapon","","1 Piercing","Ammunition (Range 25/100 ft.; Needle), Loading","Mastery: Vex","1 lb.","10 GP","Range. A Range weapon has a range in parentheses after the Ammunition or Thrown property. The range lists two numbers. The first is the weapon's normal range in feet, and the second is the weapon's long range. When attacking a target beyond normal range, you have Disadvantage on the attack roll. You can't attack a target beyond the long range. Ammunition. You can use a weapon that has the Ammunition property to make a ranged attack only if you have ammunition to fire from it. The type of ammunition required is specified with the weapon's range. Each attack expends one piece of ammunition. Drawing the ammunition is part of the attack (you need a free hand to load a one-handed weapon). After a fight, you can spend 1 minute to recover half the ammunition (round down) you used in the fight; the rest is lost. Loading. You can fire only one piece of ammunition from a Loading weapon when you use an action, a Bonus Action, or a Reaction to fire it, regardless of the number of attacks you can normally make. Mastery: Vex. If you hit a creature with this weapon and deal damage to the creature, you have Advantage on your next attack roll against that creature before the end of your next turn."
"Blue Quartz","DMG'24","214","none","Treasure (Gemstone)","","","","","","10 GP","A pale blue gemstone.Gemstones are small, lightweight, and easily secured compared to their same value in coins."
"Blue Sapphire","DMG'24","214","none","Treasure (Gemstone)","","","","","","1.000 GP","A medium blue gemstone.Gemstones are small, lightweight, and easily secured compared to their same value in coins."
"Blue Spinel","DMG'24","214","none","Treasure (Gemstone)","","","","","","500 GP","A deep blue gemstone.Gemstones are small, lightweight, and easily secured compared to their same value in coins."
"Bolt","PHB'24","222","none","Ammunition","","","","","1,2 oz.","5 CP","Crossbow bolts are used with a weapon that has the ammunition property to make a ranged attack. Each time you attack with the weapon, you expend one piece of ammunition. Drawing the ammunition from a quiver, case, or other container is part of the attack (you need a free hand to load a one-handed weapon). At the end of the battle, you can recover half your expended ammunition by taking a minute to search the battlefield.Bolts are typically stored in a Crossbow Bolt Case (bought separately)."
"Bolts (20)","PHB'24","222","none","Ammunition","","","","","1½ lb.","1 GP","Crossbow bolts are used with a weapon that has the ammunition property to make a ranged attack. Each time you attack with the weapon, you expend one piece of ammunition. Drawing the ammunition from a quiver, case, or other container is part of the attack (you need a free hand to load a one-handed weapon). At the end of the battle, you can recover half your expended ammunition by taking a minute to search the battlefield.Bolts are typically stored in a Crossbow Bolt Case (bought separately)."
"Bomb","DMG'24","73","none","Explosive","","","","","1 lb.","100 GP","As an action, you can light a Bomb and throw it at a point up to 60 feet away, where it explodes. Each creature in a 5-foot-radius Sphere centered on that point makes a DC 12 Dexterity saving throw, taking 3d6 Fire damage on a failed save or half as much damage on a successful one."
"Book","PHB'24","224","none","Adventuring Gear","","","","","5 lb.","25 GP","A Book contains fiction or nonfiction. If you consult an accurate nonfiction Book about its topic, you gain a +5 bonus to Intelligence (Arcana, History, Nature, or Religion) checks you make about that topic."
"Bottle stopper cork embossed with gold leaf and set with amethysts","DMG'24","215","none","Treasure (Art Object)","","","","","","750 GP","Idols cast of solid gold, necklaces studded with precious stones, paintings of ancient kings, bejeweled dishes—art objects include all these and more."
"Box of turquoise animal figurines","DMG'24","215","none","Treasure (Art Object)","","","","","","250 GP","Idols cast of solid gold, necklaces studded with precious stones, paintings of ancient kings, bejeweled dishes—art objects include all these and more."
"Brass mug with jade inlay","DMG'24","215","none","Treasure (Art Object)","","","","","","250 GP","Idols cast of solid gold, necklaces studded with precious stones, paintings of ancient kings, bejeweled dishes—art objects include all these and more."
"Bread (loaf)","PHB'24","231","none","Food and Drink","","","","","","2 CP",""
"Breastplate","PHB'24","219","none","Medium Armor","","AC 14 + Dex (max 2)","","","20 lb.","400 GP",""
"Brewer's Supplies","PHB'24","220","none","Artisan's Tools","","","","","9 lb.","20 GP","Ability: IntelligenceUtilize: Detect poisoned drink (DC 15), or identify alcohol (DC 10)Craft: AntitoxinArtisan's Tools are each focused on crafting items and pursuing a trade. Each type of Artisan's Tools tools requires a separate proficiency.If you have proficiency with a tool, add your Proficiency Bonus to any ability check you make that uses the tool. If you have proficiency in a skill that's used with that check, you have Advantage on the check too."
"Bronze crown","DMG'24","215","none","Treasure (Art Object)","","","","","","250 GP","Idols cast of solid gold, necklaces studded with precious stones, paintings of ancient kings, bejeweled dishes—art objects include all these and more."
"Bucket","PHB'24","224","none","Adventuring Gear","","","","","2 lb.","5 CP","A Bucket holds up to half a cubic foot of contents."
"Bullseye Lantern","PHB'24","226","none","Adventuring Gear","","","","","2 lb.","10 GP","A Bullseye Lantern burns Oil as fuel to cast Bright Light in a 60-foot Cone and Dim Light for an additional 60 feet."
"Bundle of sheet music representing the lost dirges of a famous composer","DMG'24","215","none","Treasure (Art Object)","","","","","","750 GP","Idols cast of solid gold, necklaces studded with precious stones, paintings of ancient kings, bejeweled dishes—art objects include all these and more."
"Burglar's Pack","PHB'24","224","none","Adventuring Gear","","","","","47½ lb.","16 GP","A Burglar's Pack contains the following items: Backpack, Ball Bearings, Bell, 10 Candles, Crowbar, Hooded Lantern, 7 flasks of Oil, 5 days of Rations, Rope, Tinderbox, and Waterskin."
"Burnt Othur Fumes","DMG'24","90","none","Adventuring Gear, Poison (Inhaled)","","","","","","500 GP","A creature subjected to Burnt Othur Fumes must succeed on a DC 13 Constitution saving throw or take 10 (3d6) Poison damage, and it must repeat the save at the start of each of its turns. On each successive failed save, the creature takes 3 (1d6) Poison damage. After three successful saves, the poison ends."
"Calligrapher's Supplies","PHB'24","220","none","Artisan's Tools","","","","","5 lb.","10 GP","Ability: DexterityUtilize: Write text with impressive flourishes that guard against forgery (DC 15)Craft: Ink, Spell ScrollArtisan's Tools are each focused on crafting items and pursuing a trade. Each type of Artisan's Tools tools requires a separate proficiency.If you have proficiency with a tool, add your Proficiency Bonus to any ability check you make that uses the tool. If you have proficiency in a skill that's used with that check, you have Advantage on the check too."
"Caltrops","PHB'24","224","none","Adventuring Gear","","","","","2 lb.","1 GP","As a Utilize action, you can spread Caltrops from their bag to cover a 5-foot-square area within 5 feet of yourself. A creature that enters this area for the first time on a turn must succeed on a DC 15 Dexterity saving throw or take 1 Piercing damage and have its Speed reduced to 0 until the start of its next turn. It takes 10 minutes to recover the Caltrops."
"Camel","PHB'24","229","none","Mount","","Speed: 50, Carrying Capacity: 450 lb.","","","","50 GP",""
"Candle","PHB'24","224","none","Adventuring Gear","","","","","","1 CP","For 1 hour, a lit Candle sheds Bright Light in a 5-foot radius and Dim Light for an additional 5 feet."
"Canoe","ToA","31","none","Vehicle (Water)","","Speed: 2 mphCarrying Capacity: 6 passengersCrew 1, AC 11, HP 50","","","100 lb.","50 GP","A canoe can be purchased in Port Nyanzaru for 50 gp. It holds up to six Medium creatures and has a maximum speed of 2 mph. It is otherwise identical to a rowboat. Crew. A ship needs a crew of skilled hirelings to function. As per the Player's Handbook, one skilled hireling costs at least 2 gp per day. The minimum number of skilled hirelings needed to crew a ship depends on the type of vessel.You can track the loyalty of individual crew members or the crew as a whole using the optional loyalty rules in chapter 4 of the Dungeon Master's Guide. If at least half the crew becomes disloyal during a voyage, the crew turns hostile and stages a mutiny. If the ship is berthed, disloyal crew members leave the ship and never return. Passengers. This indicates the number of Small and Medium passengers the ship can accommodate.Accommodations consist of shared hammocks in tight quarters. A ship outfitted with private accommodations can carry one-fifth as many passengers.A passenger is usually expected to pay 5 sp per day for a hammock, but prices can vary from ship to ship. A small private cabin usually costs 2 gp per day. Cargo. The maximum tonnage the ship can carry. Damage Threshold. If a ship has a Damage Threshold, it has immunity to all damage unless it takes an amount of damage equal to or greater than its damage threshold, in which case it takes damage as normal. Any damage that fails to meet or exceed the damage threshold is considered superficial and doesn't reduce the ship's hit points. Ship Repair. Repairs to a damaged ship can be made while the vessel is berthed. Repairing 1 hit point of damage requires 1 day and costs 20 gp for materials and labor."
"Canvas (1 sq. yd.)","DMG'24","213","none","Trade Good","","","","","","1 SP","Merchants commonly exchange trade goods without using currency."
"Carnelian","DMG'24","214","none","Treasure (Gemstone)","","","","","","50 GP","A orange to red brown gemstone.Gemstones are small, lightweight, and easily secured compared to their same value in coins."
"Carpenter's Tools","PHB'24","220","none","Artisan's Tools","","","","","6 lb.","8 GP","Ability: StrengthUtilize: Seal or pry open a door or container (DC 20)Craft: Club, Greatclub, Quarterstaff, Barrel, Chest, Ladder, Pole, Portable Ram, TorchArtisan's Tools are each focused on crafting items and pursuing a trade. Each type of Artisan's Tools tools requires a separate proficiency.If you have proficiency with a tool, add your Proficiency Bonus to any ability check you make that uses the tool. If you have proficiency in a skill that's used with that check, you have Advantage on the check too."
"Carriage","PHB'24","230","none","Vehicle (Land)","","","","","600 lb.","100 GP",""
"Carrion Crawler Mucus","DMG'24","90","none","Adventuring Gear, Poison (Contact)","","","","","","200 GP","A creature subjected to Carrion Crawler Mucus must succeed on a DC 13 Constitution saving throw or have the Poisoned condition for 1 minute. The creature also has the Paralyzed condition while Poisoned in this way. The creature repeats the save at the end of each of its turns, ending the effect on itself on a success."
"Cart","PHB'24","230","none","Vehicle (Land)","","","","","200 lb.","15 GP",""
"Cartographer's Tools","PHB'24","220","none","Artisan's Tools","","","","","6 lb.","15 GP","Ability: WisdomUtilize: Draft a map of a small area (DC 15)Craft: MapArtisan's Tools are each focused on crafting items and pursuing a trade. Each type of Artisan's Tools tools requires a separate proficiency.If you have proficiency with a tool, add your Proficiency Bonus to any ability check you make that uses the tool. If you have proficiency in a skill that's used with that check, you have Advantage on the check too."
"Carved bone statuette","DMG'24","215","none","Treasure (Art Object)","","","","","","25 GP","Idols cast of solid gold, necklaces studded with precious stones, paintings of ancient kings, bejeweled dishes—art objects include all these and more."
"Carved ivory statuette","DMG'24","215","none","Treasure (Art Object)","","","","","","250 GP","Idols cast of solid gold, necklaces studded with precious stones, paintings of ancient kings, bejeweled dishes—art objects include all these and more."
"Carved wooden harp with ivory inlay and zircon gems","DMG'24","215","none","Treasure (Art Object)","","","","","","750 GP","Idols cast of solid gold, necklaces studded with precious stones, paintings of ancient kings, bejeweled dishes—art objects include all these and more."
"Ceremonial gold armor with black pearls","DMG'24","215","none","Treasure (Art Object)","","","","","","7.500 GP","Idols cast of solid gold, necklaces studded with precious stones, paintings of ancient kings, bejeweled dishes—art objects include all these and more."
"Chain","PHB'24","224","none","Adventuring Gear","","","","","10 lb.","5 GP","As a Utilize action, you can wrap a Chain around an unwilling creature within 5 feet of yourself that has the Grappled, Incapacitated, or Restrained condition if you succeed on a DC 13 Strength (Athletics) check. If the creature's legs are bound, the creature has the Restrained condition until it escapes. Escaping the Chain requires the creature to make a successful DC 18 Dexterity (Acrobatics) check as an action. Bursting the Chain requires a successful DC 20 Strength (Athletics) check as an action."
"Chain Mail","PHB'24","219","none","Heavy Armor","","AC 16","","","55 lb.","75 GP","The wearer has Disadvantage on Dexterity (Stealth) checks.If the wearer has a Strength score lower than 13, their speed is reduced by 10 feet."
"Chain Shirt","PHB'24","219","none","Medium Armor","","AC 13 + Dex (max 2)","","","20 lb.","50 GP",""
"Chalcedony","DMG'24","214","none","Treasure (Gemstone)","","","","","","50 GP","A white gemstone.Gemstones are small, lightweight, and easily secured compared to their same value in coins."
"Chariot","PHB'24","230","none","Vehicle (Land)","","","","","100 lb.","250 GP",""
"Cheese (wedge)","PHB'24","231","none","Food and Drink","","","","","","1 SP",""
"Chest","PHB'24","225","none","Adventuring Gear","","","","","25 lb.","5 GP","A Chest holds up to 12 cubic feet of contents."
"Chicken","DMG'24","213","none","Trade Good","","","","","","2 CP","Merchants commonly exchange trade goods without using currency."
"Chrysoberyl","DMG'24","214","none","Treasure (Gemstone)","","","","","","100 GP","A yellow green to pale green gemstone.Gemstones are small, lightweight, and easily secured compared to their same value in coins."
"Chrysoprase","DMG'24","214","none","Treasure (Gemstone)","","","","","","50 GP","A green gemstone.Gemstones are small, lightweight, and easily secured compared to their same value in coins."
"Cinnamon","DMG'24","213","none","Trade Good","","","","","1 lb.","2 GP","Merchants commonly exchange trade goods without using currency."
"Citrine","DMG'24","214","none","Treasure (Gemstone)","","","","","","50 GP","A pale yellow brown gemstone.Gemstones are small, lightweight, and easily secured compared to their same value in coins."
"Climber's Kit","PHB'24","225","none","Adventuring Gear","","","","","12 lb.","25 GP","A Climber's Kit includes boot tips, gloves, pitons, and a harness. As a Utilize action, you can use the Climber's Kit to anchor yourself; when you do, you can't fall more than 25 feet from the anchor point, and you can't move more than 25 feet from there without undoing the anchor as a Bonus Action."
"Cloth-of-gold vestments","DMG'24","215","none","Treasure (Art Object)","","","","","","25 GP","Idols cast of solid gold, necklaces studded with precious stones, paintings of ancient kings, bejeweled dishes—art objects include all these and more."
"Clothing, cold weather","IDRotF","20","none","Adventuring Gear","","","","","5 lb.","10 GP","This outfit consists of a heavy fur coat or cloak over layers of wool clothing, as well as a fur-lined hat or hood, goggles, and fur-lined leather boots and gloves.As long as cold weather clothing remains dry, its wearer automatically succeeds on saving throws against the effects of extreme cold."
"Cloves","DMG'24","213","none","Trade Good","","","","","1 lb.","3 GP","Merchants commonly exchange trade goods without using currency."
"Club","PHB'24","215","none","Weapon, Simple Weapon, Melee Weapon","","1d4 Bludgeoning","Light","Mastery: Slow","2 lb.","1 SP","Light. When you take the Attack action on your turn and attack with a Light weapon, you can make one extra attack as a Bonus Action later on the same turn. That extra attack must be made with a different Light weapon, and you don't add your ability modifier to the extra attack's damage unless that modifier is negative. For example, you can attack with a Shortsword in one hand and a Dagger in the other using the Attack action and a Bonus Action, but you don't add your Strength or Dexterity modifier to the damage roll of the Bonus Action unless that modifier is negative. Mastery: Slow. If you hit a creature with this weapon and deal damage to it, you can reduce its Speed by 10 feet until the start of your next turn. If the creature is hit more than once by weapons that have this property, the Speed reduction doesn't exceed 10 feet."
"Cobbler's Tools","PHB'24","220","none","Artisan's Tools","","","","","5 lb.","5 GP","Ability: DexterityUtilize: Modify footwear to give Advantage on the wearer's next Dexterity (Acrobatics) check (DC 10)Craft: Climber's KitArtisan's Tools are each focused on crafting items and pursuing a trade. Each type of Artisan's Tools tools requires a separate proficiency.If you have proficiency with a tool, add your Proficiency Bonus to any ability check you make that uses the tool. If you have proficiency in a skill that's used with that check, you have Advantage on the check too."
"Common Wine (bottle)","PHB'24","231","none","Food and Drink","","","","","","2 SP",""
"Component Pouch","PHB'24","225","none","Adventuring Gear","","","","","2 lb.","25 GP","A Component Pouch is watertight and filled with compartments that hold all the free Material components of your spells."
"Cook's Utensils","PHB'24","220","none","Artisan's Tools","","","","","8 lb.","1 GP","Ability: WisdomUtilize: Improve food's flavor (DC 10), or detect spoiled or poisoned food (DC 15)Craft: RationsArtisan's Tools are each focused on crafting items and pursuing a trade. Each type of Artisan's Tools tools requires a separate proficiency.If you have proficiency with a tool, add your Proficiency Bonus to any ability check you make that uses the tool. If you have proficiency in a skill that's used with that check, you have Advantage on the check too."
"Copper","DMG'24","213","none","Trade Good","","","","","1 lb.","5 SP","Merchants commonly exchange trade goods without using currency."
"Copper chalice with silver filigree","DMG'24","215","none","Treasure (Art Object)","","","","","","25 GP","Idols cast of solid gold, necklaces studded with precious stones, paintings of ancient kings, bejeweled dishes—art objects include all these and more."
"Coral","DMG'24","214","none","Treasure (Gemstone)","","","","","","100 GP","A crimson gemstone.Gemstones are small, lightweight, and easily secured compared to their same value in coins."
"Costume","PHB'24","225","none","Adventuring Gear","","","","","4 lb.","5 GP","While wearing a Costume, you have Advantage on any ability check you make to impersonate the person or type of person it represents."
"Cotton Cloth (1 sq. yd.)","DMG'24","213","none","Trade Good","","","","","","5 SP","Merchants commonly exchange trade goods without using currency."
"Cow","DMG'24","213","none","Trade Good","","","","","","10 GP","Merchants commonly exchange trade goods without using currency."
"Crampons","IDRotF","20","none","Adventuring Gear","","","","","¼ lb.","2 GP","A crampon is a metal plate with spikes that is strapped to the sole of a boot. A creature wearing crampons can't fall prone while moving across slippery ice."
"Crossbow Bolt Case","PHB'24","224","none","Adventuring Gear","","","","","1 lb.","1 GP","A Crossbow Bolt Case holds up to 20 Bolts."
"Crowbar","PHB'24","225","none","Adventuring Gear","","","","","5 lb.","2 GP","Using a Crowbar gives you Advantage on Strength checks where the Crowbar's leverage can be applied."
"Crystal","PHB'24","224","none","Spellcasting Focus","","","","","1 lb.","10 GP","An Arcane Focus takes a specific form and is bejeweled or carved to channel arcane magic. A Sorcerer, Warlock, or Wizard can use such an item as a Spellcasting Focus."
"Dagger","PHB'24","215","none","Weapon, Simple Weapon, Melee Weapon","","1d4 Piercing","Finesse, Light, Thrown (20/60 ft.)","Mastery: Nick","1 lb.","2 GP","Finesse. When making an attack with a Finesse weapon, use your choice of your Strength or Dexterity modifier for the attack and damage rolls. You must use the same modifier for both rolls. Light. When you take the Attack action on your turn and attack with a Light weapon, you can make one extra attack as a Bonus Action later on the same turn. That extra attack must be made with a different Light weapon, and you don't add your ability modifier to the extra attack's damage unless that modifier is negative. For example, you can attack with a Shortsword in one hand and a Dagger in the other using the Attack action and a Bonus Action, but you don't add your Strength or Dexterity modifier to the damage roll of the Bonus Action unless that modifier is negative. Thrown. If a weapon has the Thrown property, you can throw the weapon to make a ranged attack, and you can draw that weapon as part of the attack. If the weapon is a Melee weapon, use the same ability modifier for the attack and damage rolls that you use for a melee attack with that weapon. Mastery: Nick. When you make the extra attack of the Light property, you can make it as part of the Attack action instead of as a Bonus Action. You can make this extra attack only once per turn."
"Dart","PHB'24","215","none","Weapon, Simple Weapon, Ranged Weapon","","1d4 Piercing","Finesse, Thrown (20/60 ft.)","Mastery: Vex","¼ lb.","5 CP","Range. A Range weapon has a range in parentheses after the Ammunition or Thrown property. The range lists two numbers. The first is the weapon's normal range in feet, and the second is the weapon's long range. When attacking a target beyond normal range, you have Disadvantage on the attack roll. You can't attack a target beyond the long range. Finesse. When making an attack with a Finesse weapon, use your choice of your Strength or Dexterity modifier for the attack and damage rolls. You must use the same modifier for both rolls. Thrown. If a weapon has the Thrown property, you can throw the weapon to make a ranged attack, and you can draw that weapon as part of the attack. If the weapon is a Melee weapon, use the same ability modifier for the attack and damage rolls that you use for a melee attack with that weapon. Mastery: Vex. If you hit a creature with this weapon and deal damage to the creature, you have Advantage on your next attack roll against that creature before the end of your next turn."
"Detailed, life-sized dragonborn skull cast in electrum","DMG'24","215","none","Treasure (Art Object)","","","","","","750 GP","Idols cast of solid gold, necklaces studded with precious stones, paintings of ancient kings, bejeweled dishes—art objects include all these and more."
"Diamond","DMG'24","214","none","Treasure (Gemstone)","","","","","","5.000 GP","A blue white, canary, pink, brown, or blue gemstone.Gemstones are small, lightweight, and easily secured compared to their same value in coins."
"Dice Set","PHB'24","221","none","Gaming Set","","","","","","1 SP","Ability: WisdomUtilize: Discern whether someone is cheating (DC 10), or win the game (DC 20)If you have proficiency with a tool, add your Proficiency Bonus to any ability check you make that uses the tool. If you have proficiency in a skill that's used with that check, you have Advantage on the check too."
"Diplomat's Pack","PHB'24","225","none","Adventuring Gear","","","","","39 lb.","39 GP","A Diplomat's Pack contains the following items: Chest, Fine Clothes, Ink, 5 Ink Pens, Lamp, 2 Map or Scroll Cases, 4 flasks of Oil, 5 sheets of Paper, 5 sheets of Parchment, Perfume, and Tinderbox."
"Disguise Kit","PHB'24","221","none","Tool","","","","","3 lb.","25 GP","Ability: CharismaUtilize: Apply makeup (DC 10)Craft: CostumeIf you have proficiency with a tool, add your Proficiency Bonus to any ability check you make that uses the tool. If you have proficiency in a skill that's used with that check, you have Advantage on the check too."
"Dogsled","IDRotF","20","none","Vehicle (Land)","","","","","300 lb.","20 GP","An empty sled costs 20 gp, weighs 300 pounds, and has room at the back for one driver."
"Double-Bladed Scimitar","ERLW","21","none","Weapon, Martial Weapon, Melee Weapon","","2d4 Slashing","two‑handed, special","","6 lb.","100 GP","Special. If you attack with a double-bladed scimitar as part of the Attack action on your turn, you can use a bonus action immediately after to make a melee attack with it. This attack deals 1d4 slashing damage on a hit, instead of 2d4. Two-Handed. This weapon requires two hands to use. This property is relevant only when you attack with the weapon, not when you simply hold it."
"Draft Horse","PHB'24","229","none","Mount","","Speed: 40, Carrying Capacity: 540 lb.","","","","50 GP",""
"Dragon's Blood","ERLW","244","none","Other","","","","","","","Introduced into Sharn by Daask, dragon's blood is a potent and highly addictive stimulant. In addition to inducing euphoria, it can enhance spellcasting ability or even temporarily imbue a user with the ability to cast sorcerer spells. The drug's effects are potentially dangerous and always unpredictable. This isn't something a player character should want to use; adventurers are more likely to interfere with Daask smugglers or deal with an addict who accidentally casts a fireball in a crowded street. The specific effects of dragon's blood are up to you, but you can take inspiration from the Wild Magic Surge table in the Player's Handbook."
"Dragonchess Set","PHB'24","221","none","Gaming Set","","","","","","1 GP","Ability: WisdomUtilize: Discern whether someone is cheating (DC 10), or win the game (DC 20)If you have proficiency with a tool, add your Proficiency Bonus to any ability check you make that uses the tool. If you have proficiency in a skill that's used with that check, you have Advantage on the check too."
"Dreamlily","ERLW","244","none","Other","","","","","","","A psychoactive liquid that smells and tastes like your favorite beverage, essence of dreamlily is a Sarlonan opiate. First imported to help manage pain during the Last War, it's now the most commonly abused substance in Sharn. Though dreamlily isn't illegal if used for medicinal purposes, it's heavily taxed, and thus most dreamlily is smuggled in and sold on the black market. Dreamlily dens can be found across the lower wards. Consuming dreamlily causes disorienting euphoria and brings about remarkable resistance to pain. A creature under the effects of dreamlily is poisoned for 1 hour. While poisoned in this way, the creature is immune to fear, and the first time it drops to 0 hit points without being killed outright, it drops to 1 hit point instead. A dose of dreamlily costs around 1 gp, or up to ten times that if purchased through legal channels. There are many varieties of the drug, however, and the duration or the price might vary accordingly."
"Druidic Focus","PHB'24","225","none","Spellcasting Focus","","","","","","","A Druidic Focus takes a specific form and is carved, tied with ribbon, or painted to channel primal magic. A Druid or Ranger can use such an object as a Spellcasting Focus.Multiple variations of this item exist, as listed below:Sprig of mistletoeWooden staffYew wand"
"Drum","PHB'24","221","none","Instrument","","","","","3 lb.","6 GP","Ability: CharismaUtilize: Play a known tune (DC 10), or improvise a song (DC 15)If you have proficiency with a tool, add your Proficiency Bonus to any ability check you make that uses the tool. If you have proficiency in a skill that's used with that check, you have Advantage on the check too."
"Dulcimer","PHB'24","221","none","Instrument","","","","","10 lb.","25 GP","Ability: CharismaUtilize: Play a known tune (DC 10), or improvise a song (DC 15)If you have proficiency with a tool, add your Proficiency Bonus to any ability check you make that uses the tool. If you have proficiency in a skill that's used with that check, you have Advantage on the check too."
"Dungeoneer's Pack","PHB'24","225","none","Adventuring Gear","","","","","55 lb.","12 GP","A Dungeoneer's Pack contains the following items: Backpack, Caltrops, Crowbar, 2 flasks of Oil, 10 days of Rations, Rope, Tinderbox, 10 Torches, and Waterskin."
"Dynamite Stick","DMG'24","73","none","Explosive, Modern","","","","","1 lb.","","An an action, you can light a Dynamite Stick and throw it at a point up to 60 feet away, where it explodes. Each creature in a 5-foot-radius Sphere centered on that point makes a DC 12 Dexterity saving throw, taking 3d6 Force damage on a failed save or half as much damage on a successful one.It takes 1 minute to bind two or more Dynamite Sticks together so they explode at the same time. Each stick after the first increases the damage by 1d6 (to a maximum of 10d6) and the effect's radius by 5 feet (to a maximum of 20 feet).It takes 1 minute to rig dynamite with a longer fuse so it explodes after a longer period of time, such as 1 minute or 10 minutes."
"Elephant","PHB'24","229","none","Mount","","Speed: 40, Carrying Capacity: 1320 lb.","","","","200 GP",""
"Emblem","PHB'24","226","none","Spellcasting Focus","","","","","","5 GP","For an Emblem to be an effective Holy Symbol, it must be borne on fabric (such as a tabard or banner) or a Shield.A Holy Symbol takes a specific form and is bejeweled or painted to channel divine magic. A Cleric or Paladin can use a Holy Symbol as a Spellcasting Focus."
"Embroidered glove set with jewel chips","DMG'24","215","none","Treasure (Art Object)","","","","","","2.500 GP","Idols cast of solid gold, necklaces studded with precious stones, paintings of ancient kings, bejeweled dishes—art objects include all these and more."
"Embroidered silk and velvet mantle set with numerous moonstones","DMG'24","215","none","Treasure (Art Object)","","","","","","2.500 GP","Idols cast of solid gold, necklaces studded with precious stones, paintings of ancient kings, bejeweled dishes—art objects include all these and more."
"Embroidered silk handkerchief","DMG'24","215","none","Treasure (Art Object)","","","","","","25 GP","Idols cast of solid gold, necklaces studded with precious stones, paintings of ancient kings, bejeweled dishes—art objects include all these and more."
"Emerald","DMG'24","214","none","Treasure (Gemstone)","","","","","","1.000 GP","A deep bright green gemstone.Gemstones are small, lightweight, and easily secured compared to their same value in coins."
"Energy Cell","DMG'24","72","none","Ammunition, Futuristic","","","","","½ lb.","",""
"Entertainer's Pack","PHB'24","225","none","Adventuring Gear","","","","","58½ lb.","40 GP","An Entertainer's Pack contains the following items: Backpack, Bedroll, Bell, Bullseye Lantern, 3 Costumes, Mirror, 8 flasks of Oil, 9 days of Rations, Tinderbox, and Waterskin."
"Essence of Ether","DMG'24","90","none","Adventuring Gear, Poison (Inhaled)","","","","","","300 GP","A creature subjected to Essence of Ether must succeed on a DC 15 Constitution saving throw or have the Poisoned condition for 8 hours. The creature also has the Unconscious condition while Poisoned in this way. The creature wakes up if it takes damage or if another creature takes an action to shake it awake."
"Exotic Saddle","PHB'24","230","none","Tack and Harness","","","","","40 lb.","60 GP","A saddle comes with a bit, a bridle, reins, and any other equipment needed to use the saddle. An Exotic Saddle is required for riding an aquatic or a flying mount."
"Explorer's Pack","PHB'24","225","none","Adventuring Gear","","","","","55 lb.","10 GP","An Explorer's Pack contains the following items: Backpack, Bedroll, 2 flasks of Oil, 10 days of Rations, Rope, Tinderbox, 10 Torches, and Waterskin."
"Explosive Seed","EGW","225","none","Adventuring Gear","","","","","","","This acorn-sized sphere of brass contains a small amount of blasting powder and a clockwork trigger. An explosive seed can be thrown up to 30 feet as an action, detonating on impact. Each creature within 5 feet of the exploding seed must make a DC 10 Dexterity saving throw, taking 1d8 bludgeoning damage on a failed save, or half as much damage on a successful one."
"Eye Agate","DMG'24","214","none","Treasure (Gemstone)","","","","","","10 GP","A circles of gray, white, brown, blue, or green gemstone.Gemstones are small, lightweight, and easily secured compared to their same value in coins."
"Eye patch decorated with tiny blue sapphires and moonstones","DMG'24","215","none","Treasure (Art Object)","","","","","","2.500 GP","Idols cast of solid gold, necklaces studded with precious stones, paintings of ancient kings, bejeweled dishes—art objects include all these and more."
"Fargab","DSotDQ","188","none","Adventuring Gear","","","","","","","These backpack-sized devices are created in pairs, with matching numbers engraved on them, and allow communication over a long distance using radio frequencies. While wearing a fargab, you can use an action to speak into the device's mouthpiece and send a short message of twenty-five words or less to another creature wearing the matched fargab while it is within 18 miles of you. The message emits from the speakers of the device and can be heard up to 10 feet away from the device. If no creature is wearing the fargab, the speakers make static noises instead."
"Feed (per day)","PHB'24","230","none","Tack and Harness","","","","","10 lb.","5 CP",""
"Fine Clothes","PHB'24","225","none","Adventuring Gear","","","","","6 lb.","15 GP","Fine Clothes are made of expensive fabrics and adorned with expertly crafted details. Some events and locations admit only people wearing these clothes."
"Fine Wine (bottle)","PHB'24","231","none","Food and Drink","","","","","","10 GP",""
"Fine gold chain set with a fire opal","DMG'24","215","none","Treasure (Art Object)","","","","","","2.500 GP","Idols cast of solid gold, necklaces studded with precious stones, paintings of ancient kings, bejeweled dishes—art objects include all these and more."
"Fire Opal","DMG'24","214","none","Treasure (Gemstone)","","","","","","1.000 GP","A fiery red gemstone.Gemstones are small, lightweight, and easily secured compared to their same value in coins."
"Firearm Bullet","PHB'24","222","none","Ammunition","","","","","⅕ lb.","3 SP","Firearm Bullets are destroyed upon use in a modern firearm."
"Firearm Bullets (10)","PHB'24","222","none","Ammunition","","","","","2 lb.","3 GP","Firearm Bullets are destroyed upon use in a modern firearm."
"Flail","PHB'24","215","none","Weapon, Martial Weapon, Melee Weapon","","1d8 Bludgeoning","","Mastery: Sap","2 lb.","10 GP","Mastery: Sap. If you hit a creature with this weapon, that creature has Disadvantage on its next attack roll before the start of your next turn."
"Flask","PHB'24","225","none","Adventuring Gear","","","","","1 lb.","2 CP","A Flask holds up to 1 pint."
"Flensing Claws","VGM","81","unknown","Other","","","","","","","Illithids don't always provide their thralls with normal weapons, such as swords and axes. Sometimes they improve the natural capabilities of thralls by giving them new anatomy. Flensing claws take the form of articulated digits that extend into long metal blades. The claws are knitted into the flesh and bones of a creature's arms and can't be removed without surgical amputation.Each set of flensing claws is designed for a specific creature and can't be used by anyone else. A creature equipped with flensing claws can use its action to make one melee weapon attack with the claws. The claws deal slashing damage based on the creature's size. The creature adds its proficiency bonus and Strength modifier to any attack roll made with the claws, and its Strength modifier to its damage roll when it hits a target with the claws. Tiny and Gargantuan creatures can't be fitted with flensing claws.Multiple variations of this item exist, as listed below:Flensing Claws (Small)Flensing Claws (Medium)Flensing Claws (Large)Flensing Claws (Huge)"
"Flensing Claws (Huge)","VGM","81","unknown","Other","","2d8 Slashing","","","","","Flensing claws take the form of articulated digits that extend into long metal blades. The claws are knitted into the flesh and bones of a creature's arms and can't be removed without surgical amputation.Each set of flensing claws is designed for a specific creature and can't be used by anyone else. A creature equipped with flensing claws can use its action to make one melee weapon attack with the claws. The creature adds its proficiency bonus and Strength modifier to any attack roll made with the claws, and its Strength modifier to its damage roll when it hits a target with the claws."
"Flensing Claws (Large)","VGM","81","unknown","Other","","1d12 Slashing","","","","","Flensing claws take the form of articulated digits that extend into long metal blades. The claws are knitted into the flesh and bones of a creature's arms and can't be removed without surgical amputation.Each set of flensing claws is designed for a specific creature and can't be used by anyone else. A creature equipped with flensing claws can use its action to make one melee weapon attack with the claws. The creature adds its proficiency bonus and Strength modifier to any attack roll made with the claws, and its Strength modifier to its damage roll when it hits a target with the claws."
"Flensing Claws (Medium)","VGM","81","unknown","Other","","1d10 Slashing","","","","","Flensing claws take the form of articulated digits that extend into long metal blades. The claws are knitted into the flesh and bones of a creature's arms and can't be removed without surgical amputation.Each set of flensing claws is designed for a specific creature and can't be used by anyone else. A creature equipped with flensing claws can use its action to make one melee weapon attack with the claws. The creature adds its proficiency bonus and Strength modifier to any attack roll made with the claws, and its Strength modifier to its damage roll when it hits a target with the claws."
"Flensing Claws (Small)","VGM","81","unknown","Other","","1d8 Slashing","","","","","Flensing claws take the form of articulated digits that extend into long metal blades. The claws are knitted into the flesh and bones of a creature's arms and can't be removed without surgical amputation.Each set of flensing claws is designed for a specific creature and can't be used by anyone else. A creature equipped with flensing claws can use its action to make one melee weapon attack with the claws. The creature adds its proficiency bonus and Strength modifier to any attack roll made with the claws, and its Strength modifier to its damage roll when it hits a target with the claws."
"Flour","DMG'24","213","none","Trade Good","","","","","2 lb.","2 CP","Merchants commonly exchange trade goods without using currency."
"Flute","PHB'24","221","none","Instrument","","","","","1 lb.","2 GP","Ability: CharismaUtilize: Play a known tune (DC 10), or improvise a song (DC 15)If you have proficiency with a tool, add your Proficiency Bonus to any ability check you make that uses the tool. If you have proficiency in a skill that's used with that check, you have Advantage on the check too."
"Forgery Kit","PHB'24","221","none","Tool","","","","","5 lb.","15 GP","Ability: DexterityUtilize: Mimic 10 or fewer words of someone else's handwriting (DC 15), or duplicate a wax seal (DC 20)If you have proficiency with a tool, add your Proficiency Bonus to any ability check you make that uses the tool. If you have proficiency in a skill that's used with that check, you have Advantage on the check too."
"Fragmentation Grenade","DMG'24","73","none","Explosive, Modern","","","","","1 lb.","","As an action, you can either throw a grenade at a point up to 60 feet away or use a Grenade Launcher to propel the grenade to a point up to 1,000 feet away. The grenade explodes at that point, creating a particular effect in a 20-foot-radius Sphere.Each creature in the Sphere makes a DC 15 Dexterity saving throw, taking 17 (5d6) Piercing damage on a failed save or half as much damage on a successful one."
"Frostfell and Everice Trinket","ERLW","136","none","Adventuring Gear","","","","","","","Trinkets from the Frostfell and Evericed8Trinket1A small prism carved from ice that doesn't melt2A rusted iron coin, depicting a dwarf lord and the worlds ""Five Rex Undra""3A pair of eight-sided dice carved from ice that doesn't melt4A swatch of silvery fur that's cold to the touch, possibly from a winter wolf5A snowball; it doesn't melt and can't be compressed into ice6A tiny white dragon sculpted from ice that doesn't melt7A key carved from ice that doesn't melt8A single scale from a white dragon"
"Galley","PHB'24","230","none","Vehicle (Water)","","Speed: 4 mphCarrying Capacity: 150 tons cargoCrew 80, AC 15, HP 500, Damage Threshold 20","","","","30.000 GP","Speed. A ship sailing against a strong wind moves at half speed. In a dead calm (no wind), waterborne ships can't move under sail and must be rowed. Keelboats and Rowboats are used on lakes and rivers. If going downstream, add the speed of the current (typically 3 miles per hour) to the speed of the vehicle. These vehicles can't be rowed against any significant current, but they can be pulled upstream by draft animals on the shores. A Rowboat can be carried and weighs 100 pounds. Crew. A ship larger than a Keelboat or Rowboat needs a crew of skilled hirelings (see ""Services"") to function. The minimum number of skilled hirelings needed to crew a ship depends on the type of ship. Passengers. The number of Small and Medium passengers the ship can accommodate using hammocks. A ship outfitted with private accommodations can carry one-fifth as many passengers. A passenger usually pays 5 SP per day for a hammock, but prices can vary from ship to ship. A small private cabin usually costs 2 GP per day. Damage Threshold. See the rules glossary. Ship Repair. Repairs to a damaged ship can be made while the vessel is berthed. Repairing 1 Hit Point of damage requires 1 day and costs 20 GP for materials and labor. If the repairs are made in a location where supplies and skilled labor are abundant, such as a city shipyard, the repair time and cost are halved."
"Gaming Set","PHB'24","221","none","Gaming Set","","","","","","","If you have proficiency with a tool, add your Proficiency Bonus to any ability check you make that uses the tool. If you have proficiency in a skill that's used with that check, you have Advantage on the check too.Multiple variations of this item exist, as listed below:Dice SetDragonchess SetPlaying CardsThree-Dragon Ante Set"
"Garnet","DMG'24","214","none","Treasure (Gemstone)","","","","","","100 GP","A red, brown green, or violet gemstone.Gemstones are small, lightweight, and easily secured compared to their same value in coins."
"Gilded royal coach or funeral barge","DMG'24","215","none","Treasure (Art Object)","","","","","","7.500 GP","Idols cast of solid gold, necklaces studded with precious stones, paintings of ancient kings, bejeweled dishes—art objects include all these and more."
"Ginger","DMG'24","213","none","Trade Good","","","","","1 lb.","1 GP","Merchants commonly exchange trade goods without using currency."
"Glaive","PHB'24","215","none","Weapon, Martial Weapon, Melee Weapon","","1d10 Slashing","Heavy, Reach, Two‑Handed","Mastery: Graze","6 lb.","20 GP","Heavy. You have Disadvantage on attack rolls with a Heavy weapon if it's a Melee weapon and your Strength score isn't at least 13 or if it's a Ranged weapon and your Dexterity score isn't at least 13. Reach. A Reach weapon adds 5 feet to your reach when you attack with it, as well as when determining your reach for Opportunity Attacks with it. Two-Handed. A Two-Handed weapon requires two hands when you attack with it. Mastery: Graze. If your attack roll with this weapon misses a creature, you can deal damage to that creature equal to the ability modifier you used to make the attack roll. This damage is the same type dealt by the weapon, and the damage can be increased only by increasing the ability modifier."
"Glass Bottle","PHB'24","224","none","Adventuring Gear","","","","","2 lb.","2 GP","A Glass Bottle holds up to 1½ pints."
"Glassblower's Tools","PHB'24","220","none","Artisan's Tools","","","","","5 lb.","30 GP","Ability: IntelligenceUtilize: Discern what a glass object held in the past 24 hours (DC 15)Craft: Glass Bottle, Magnifying Glass, Spyglass, VialArtisan's Tools are each focused on crafting items and pursuing a trade. Each type of Artisan's Tools tools requires a separate proficiency.If you have proficiency with a tool, add your Proficiency Bonus to any ability check you make that uses the tool. If you have proficiency in a skill that's used with that check, you have Advantage on the check too."
"Glaur","SCAG","124","none","Instrument","","","","","","","Short, curved horns like a cornucopia. Played with valves, glaur sound like trumpets, while those without valves, known as gloon, have a more mournful sound.If you have proficiency with a given musical instrument, you can add your proficiency bonus to any ability checks you make to play music with the instrument. A bard can use a musical instrument as a spellcasting focus. Each type of musical instrument requires a separate proficiency.See the Tool Proficiencies entry for more information.Proficiency with a musical instrument indicates you are familiar with the techniques used to play it. You also have knowledge of some songs commonly performed with that instrument. History. Your expertise aids you in recalling lore related to your instrument. Performance. Your ability to put on a good show is improved when you incorporate an instrument into your act. Compose a Tune. As part of a long rest, you can compose a new tune and lyrics for your instrument. You might use this ability to impress a noble or spread scandalous rumors with a catchy tune.Musical InstrumentActivityDCIdentify a tune10Improvise a tune20"
"Goat","DMG'24","213","none","Trade Good","","","","","","1 GP","Merchants commonly exchange trade goods without using currency."
"Gold","DMG'24","213","none","Trade Good","","","","","1 lb.","50 GP","Merchants commonly exchange trade goods without using currency."
"Gold Bar (5-pound)","DMG'24","213","none","Trade Bar","","5 in. long × 2 in. wide × ¾ in. thick","","","5 lb.","250 GP","Because large numbers of coins can be difficult to transport and account for, many merchants prefer to use trade bars—ingots of precious metals and alloys (usually silver). These bars are valued by weight."
"Gold birdcage with electrum filigree","DMG'24","215","none","Treasure (Art Object)","","","","","","250 GP","Idols cast of solid gold, necklaces studded with precious stones, paintings of ancient kings, bejeweled dishes—art objects include all these and more."
"Gold bracelet","DMG'24","215","none","Treasure (Art Object)","","","","","","25 GP","Idols cast of solid gold, necklaces studded with precious stones, paintings of ancient kings, bejeweled dishes—art objects include all these and more."
"Gold circlet set with four aquamarines","DMG'24","215","none","Treasure (Art Object)","","","","","","2.500 GP","Idols cast of solid gold, necklaces studded with precious stones, paintings of ancient kings, bejeweled dishes—art objects include all these and more."
"Gold comb shaped like a dragon with red garnets as eyes","DMG'24","215","none","Treasure (Art Object)","","","","","","750 GP","Idols cast of solid gold, necklaces studded with precious stones, paintings of ancient kings, bejeweled dishes—art objects include all these and more."
"Gold cup set with emeralds","DMG'24","215","none","Treasure (Art Object)","","","","","","7.500 GP","Idols cast of solid gold, necklaces studded with precious stones, paintings of ancient kings, bejeweled dishes—art objects include all these and more."
"Gold idol","DMG'24","215","none","Treasure (Art Object)","","","","","","750 GP","Idols cast of solid gold, necklaces studded with precious stones, paintings of ancient kings, bejeweled dishes—art objects include all these and more."
"Gold jewelry box with platinum filigree","DMG'24","215","none","Treasure (Art Object)","","","","","","7.500 GP","Idols cast of solid gold, necklaces studded with precious stones, paintings of ancient kings, bejeweled dishes—art objects include all these and more."
"Gold locket with a painted portrait inside","DMG'24","215","none","Treasure (Art Object)","","","","","","25 GP","Idols cast of solid gold, necklaces studded with precious stones, paintings of ancient kings, bejeweled dishes—art objects include all these and more."
"Gold music box","DMG'24","215","none","Treasure (Art Object)","","","","","","2.500 GP","Idols cast of solid gold, necklaces studded with precious stones, paintings of ancient kings, bejeweled dishes—art objects include all these and more."
"Gold ring set with bloodstones","DMG'24","215","none","Treasure (Art Object)","","","","","","250 GP","Idols cast of solid gold, necklaces studded with precious stones, paintings of ancient kings, bejeweled dishes—art objects include all these and more."
"Gold statuette set with rubies","DMG'24","215","none","Treasure (Art Object)","","","","","","7.500 GP","Idols cast of solid gold, necklaces studded with precious stones, paintings of ancient kings, bejeweled dishes—art objects include all these and more."
"Grappling Hook","PHB'24","225","none","Adventuring Gear","","","","","4 lb.","2 GP","As a Utilize action, you can throw the Grappling Hook at a railing, a ledge, or another catch within 50 feet of yourself, and the hook catches on if you succeed on a DC 13 Dexterity (Acrobatics) check. If you tied a Rope to the hook, you can then climb it."
"Greataxe","PHB'24","215","none","Weapon, Martial Weapon, Melee Weapon","","1d12 Slashing","Heavy, Two‑Handed","Mastery: Cleave","7 lb.","30 GP","Heavy. You have Disadvantage on attack rolls with a Heavy weapon if it's a Melee weapon and your Strength score isn't at least 13 or if it's a Ranged weapon and your Dexterity score isn't at least 13. Two-Handed. A Two-Handed weapon requires two hands when you attack with it. Mastery: Cleave. If you hit a creature with a melee attack roll using this weapon, you can make a melee attack roll with the weapon against a second creature within 5 feet of the first that is also within your reach. On a hit, the second creature takes the weapon's damage, but don't add your ability modifier to that damage unless that modifier is negative. You can make this extra attack only once per turn."
"Greatclub","PHB'24","215","none","Weapon, Simple Weapon, Melee Weapon","","1d8 Bludgeoning","Two‑Handed","Mastery: Push","10 lb.","2 SP","Two-Handed. A Two-Handed weapon requires two hands when you attack with it. Mastery: Push. If you hit a creature with this weapon, you can push the creature up to 10 feet straight away from yourself if it is Large or smaller."
"Greatsword","PHB'24","215","none","Weapon, Martial Weapon, Melee Weapon","","2d6 Slashing","Heavy, Two‑Handed","Mastery: Graze","6 lb.","50 GP","Heavy. You have Disadvantage on attack rolls with a Heavy weapon if it's a Melee weapon and your Strength score isn't at least 13 or if it's a Ranged weapon and your Dexterity score isn't at least 13. Two-Handed. A Two-Handed weapon requires two hands when you attack with it. Mastery: Graze. If your attack roll with this weapon misses a creature, you can deal damage to that creature equal to the ability modifier you used to make the attack roll. This damage is the same type dealt by the weapon, and the damage can be increased only by increasing the ability modifier."
"Grenade Launcher","DMG'24","73","none","Adventuring Gear, Modern","","","","","7 lb.","","As an action, you can either throw a grenade at a point up to 60 feet away or use a Grenade Launcher to propel the grenade to a point up to 1,000 feet away. The grenade explodes at that point, creating a particular effect in a 20-foot-radius Sphere."
"Gunpowder (keg)","DMG'24","73","none","Explosive","","","","","20 lb.","250 GP","Setting fire to a keg full of Gunpowder causes it to explode. When a keg explodes, each creature in a 10-foot-radius Sphere centered on the keg makes a DC 12 Dexterity saving throw, taking 24 (7d6) Fire damage on a failed save or half as much damage on a successful one."
"Gunpowder (powder horn)","DMG'24","73","none","Explosive","","","","","2 lb.","35 GP","Setting fire to a powder horn full of Gunpowder causes it to explode. When a powder horn explodes, each creature in a 10-foot-radius Sphere centered on the powder horn makes a DC 12 Dexterity saving throw, taking 10 (3d6) Fire damage on a failed save or half as much damage on a successful one."
"Halberd","PHB'24","215","none","Weapon, Martial Weapon, Melee Weapon","","1d10 Slashing","Heavy, Reach, Two‑Handed","Mastery: Cleave","6 lb.","20 GP","Heavy. You have Disadvantage on attack rolls with a Heavy weapon if it's a Melee weapon and your Strength score isn't at least 13 or if it's a Ranged weapon and your Dexterity score isn't at least 13. Reach. A Reach weapon adds 5 feet to your reach when you attack with it, as well as when determining your reach for Opportunity Attacks with it. Two-Handed. A Two-Handed weapon requires two hands when you attack with it. Mastery: Cleave. If you hit a creature with a melee attack roll using this weapon, you can make a melee attack roll with the weapon against a second creature within 5 feet of the first that is also within your reach. On a hit, the second creature takes the weapon's damage, but don't add your ability modifier to that damage unless that modifier is negative. You can make this extra attack only once per turn."
"Half Plate Armor","PHB'24","219","none","Medium Armor","","AC 15 + Dex (max 2)","","","40 lb.","750 GP","The wearer has Disadvantage on Dexterity (Stealth) checks."
"Hand Crossbow","PHB'24","215","none","Weapon, Martial Weapon, Ranged Weapon","","1d6 Piercing","Ammunition (Range 30/120 ft.; Bolt), Light, Loading","Mastery: Vex","3 lb.","75 GP","Range. A Range weapon has a range in parentheses after the Ammunition or Thrown property. The range lists two numbers. The first is the weapon's normal range in feet, and the second is the weapon's long range. When attacking a target beyond normal range, you have Disadvantage on the attack roll. You can't attack a target beyond the long range. Ammunition. You can use a weapon that has the Ammunition property to make a ranged attack only if you have ammunition to fire from it. The type of ammunition required is specified with the weapon's range. Each attack expends one piece of ammunition. Drawing the ammunition is part of the attack (you need a free hand to load a one-handed weapon). After a fight, you can spend 1 minute to recover half the ammunition (round down) you used in the fight; the rest is lost. Light. When you take the Attack action on your turn and attack with a Light weapon, you can make one extra attack as a Bonus Action later on the same turn. That extra attack must be made with a different Light weapon, and you don't add your ability modifier to the extra attack's damage unless that modifier is negative. For example, you can attack with a Shortsword in one hand and a Dagger in the other using the Attack action and a Bonus Action, but you don't add your Strength or Dexterity modifier to the damage roll of the Bonus Action unless that modifier is negative. Loading. You can fire only one piece of ammunition from a Loading weapon when you use an action, a Bonus Action, or a Reaction to fire it, regardless of the number of attacks you can normally make. Mastery: Vex. If you hit a creature with this weapon and deal damage to the creature, you have Advantage on your next attack roll against that creature before the end of your next turn."
"Hand Drum","SCAG","124","none","Instrument","","","","","","","A double-headed skin drum fitted with handles along its side.If you have proficiency with a given musical instrument, you can add your proficiency bonus to any ability checks you make to play music with the instrument. A bard can use a musical instrument as a spellcasting focus. Each type of musical instrument requires a separate proficiency.See the Tool Proficiencies entry for more information.Proficiency with a musical instrument indicates you are familiar with the techniques used to play it. You also have knowledge of some songs commonly performed with that instrument. History. Your expertise aids you in recalling lore related to your instrument. Performance. Your ability to put on a good show is improved when you incorporate an instrument into your act. Compose a Tune. As part of a long rest, you can compose a new tune and lyrics for your instrument. You might use this ability to impress a noble or spread scandalous rumors with a catchy tune.Musical InstrumentActivityDCIdentify a tune10Improvise a tune20"
"Handaxe","PHB'24","215","none","Weapon, Simple Weapon, Melee Weapon","","1d6 Slashing","Light, Thrown (20/60 ft.)","Mastery: Vex","2 lb.","5 GP","Light. When you take the Attack action on your turn and attack with a Light weapon, you can make one extra attack as a Bonus Action later on the same turn. That extra attack must be made with a different Light weapon, and you don't add your ability modifier to the extra attack's damage unless that modifier is negative. For example, you can attack with a Shortsword in one hand and a Dagger in the other using the Attack action and a Bonus Action, but you don't add your Strength or Dexterity modifier to the damage roll of the Bonus Action unless that modifier is negative. Thrown. If a weapon has the Thrown property, you can throw the weapon to make a ranged attack, and you can draw that weapon as part of the attack. If the weapon is a Melee weapon, use the same ability modifier for the attack and damage rolls that you use for a melee attack with that weapon. Mastery: Vex. If you hit a creature with this weapon and deal damage to the creature, you have Advantage on your next attack roll against that creature before the end of your next turn."
"Handheld mirror set in a painted wooden frame","DMG'24","215","none","Treasure (Art Object)","","","","","","25 GP","Idols cast of solid gold, necklaces studded with precious stones, paintings of ancient kings, bejeweled dishes—art objects include all these and more."
"Healer's Kit","PHB'24","225","none","Adventuring Gear","","","","","3 lb.","5 GP","A Healer's Kit has ten uses. As a Utilize action, you can expend one of its uses to stabilize an Unconscious creature that has 0 Hit Points without needing to make a Wisdom (Medicine) check."
"Heavy Crossbow","PHB'24","215","none","Weapon, Martial Weapon, Ranged Weapon","","1d10 Piercing","Ammunition (Range 100/400 ft.; Bolt), Heavy, Loading, Two‑Handed","Mastery: Push","18 lb.","50 GP","Range. A Range weapon has a range in parentheses after the Ammunition or Thrown property. The range lists two numbers. The first is the weapon's normal range in feet, and the second is the weapon's long range. When attacking a target beyond normal range, you have Disadvantage on the attack roll. You can't attack a target beyond the long range. Ammunition. You can use a weapon that has the Ammunition property to make a ranged attack only if you have ammunition to fire from it. The type of ammunition required is specified with the weapon's range. Each attack expends one piece of ammunition. Drawing the ammunition is part of the attack (you need a free hand to load a one-handed weapon). After a fight, you can spend 1 minute to recover half the ammunition (round down) you used in the fight; the rest is lost. Heavy. You have Disadvantage on attack rolls with a Heavy weapon if it's a Melee weapon and your Strength score isn't at least 13 or if it's a Ranged weapon and your Dexterity score isn't at least 13. Loading. You can fire only one piece of ammunition from a Loading weapon when you use an action, a Bonus Action, or a Reaction to fire it, regardless of the number of attacks you can normally make. Two-Handed. A Two-Handed weapon requires two hands when you attack with it. Mastery: Push. If you hit a creature with this weapon, you can push the creature up to 10 feet straight away from yourself if it is Large or smaller."
"Hematite","DMG'24","214","none","Treasure (Gemstone)","","","","","","10 GP","A gray black gemstone.Gemstones are small, lightweight, and easily secured compared to their same value in coins."
"Herbalism Kit","PHB'24","221","none","Tool","","","","","3 lb.","5 GP","Ability: IntelligenceUtilize: Identify a plant (DC 10)Craft: Antitoxin, Candle, Healer's Kit, Potion of HealingIf you have proficiency with a tool, add your Proficiency Bonus to any ability check you make that uses the tool. If you have proficiency in a skill that's used with that check, you have Advantage on the check too."
"Hide Armor","PHB'24","219","none","Medium Armor","","AC 12 + Dex (max 2)","","","12 lb.","10 GP",""
"Holy Symbol","PHB'24","226","none","Spellcasting Focus","","","","","","","A Holy Symbol takes a specific form and is bejeweled or painted to channel divine magic. A Cleric or Paladin can use a Holy Symbol as a Spellcasting Focus.Multiple variations of this item exist, as listed below:AmuletEmblemReliquary"
"Holy Water","PHB'24","226","none","Adventuring Gear","","","","","1 lb.","25 GP","When you take the Attack action, you can replace one of your attacks with throwing a flask of Holy Water. Target one creature you can see within 20 feet of yourself. The target must succeed on a Dexterity saving throw (DC 8 plus your Dexterity modifier and Proficiency Bonus) or take 2d8 Radiant damage if it is a Fiend or an Undead."
"Hooded Lantern","PHB'24","226","none","Adventuring Gear","","","","","2 lb.","5 GP","A Hooded Lantern burns Oil as fuel to cast Bright Light in a 30-foot radius and Dim Light for an additional 30 feet. As a Bonus Action, you can lower the hood, reducing the light to Dim Light in a 5-foot radius, or raise it again."
"Hoopak","DSotDQ","188","none","Weapon, Martial Weapon, Melee Weapon","","1d6 Piercing","ammunition (40/160 ft.), finesse, two‑handed, special","","2 lb.","1 SP","A hoopak is a sturdy stick with a sling at one end and a pointed tip at the other. Special. When you make a melee attack with this weapon, you ignore its ammunition property. You can use the hoopak as a martial ranged weapon. If you do, it uses the ammunition property, uses sling bullets, and deals 1d4 bludgeoning damage on a hit. Ammunition. You can use a weapon that has the ammunition property to make a ranged attack only if you have ammunition to fire from the weapon. Each time you attack with the weapon, you expend one piece of ammunition. Drawing the ammunition from a quiver, case, or other container is part of the attack. Loading a one-handed weapon requires a free hand. At the end of the battle, you can recover half your expended ammunition by taking a minute to search the battlefield.If you use a weapon that has the ammunition property to make a melee attack, you treat the weapon as an improvised weapon. A sling must be loaded to deal any damage when used in this way. Finesse. When making an attack with a finesse weapon, you use your choice of your Strength or Dexterity modifier for the attack and damage rolls. You must use the same modifier for both rolls. Two-Handed. This weapon requires two hands to use. This property is relevant only when you attack with the weapon, not when you simply hold it."
"Horn","PHB'24","221","none","Instrument","","","","","2 lb.","3 GP","Ability: CharismaUtilize: Play a known tune (DC 10), or improvise a song (DC 15)If you have proficiency with a tool, add your Proficiency Bonus to any ability check you make that uses the tool. If you have proficiency in a skill that's used with that check, you have Advantage on the check too."
"Horror Trinket","VRGR","36","none","Adventuring Gear","","","","","","","Before you finish making a character, roll once on the Horror Trinkets table for a unique object your character has with them at the start of their adventuring career. These trinkets hint toward various horrific tales and might lead to dreadful revelations or be nothing more than grim keepsakes. At the DM's discretion any of these trinkets might also be a Mist talisman (detailed in chapter 3), a focal item that can lead the bearer through the Mists to a particular Domain of Dread.Horror Trinketsd100Trinket01A picture you drew as a child of your imaginary friend02A lock that opens when blood is dripped in its keyhole03Clothes stolen from a scarecrow04A spinning top carved with four faces: happy, sad, wrathful, and dead05The necklace of a sibling who died on the day you were born06A wig from someone executed by beheading07The unopened letter to you from your dying father08A pocket watch that runs backward for an hour every midnight09A winter coat stolen from a dying soldier10A bottle of invisible ink that can only be read at sunset11A wineskin that refills when interred with a dead person for a night12A set of silverware used by a king for his last meal13A spyglass that always shows the world suffering a terrible storm14A cameo with the profile's face scratched away15A lantern with a black candle that never runs out and that burns with green flame16A teacup from a child's tea set, stained with blood17A little black book that records your dreams, and yours alone, when you sleep18A necklace formed of the interlinked holy symbols of a dozen deities19A noose that feels heavier than it should20A birdcage into which small birds fly but once inside never eat or leave21A lepidopterist's box filled with dead moths with skull-like patterns on their wings22A jar of pickled ghouls' tongues23The wooden hand of a notorious pirate24A urn with the ashes of a dead relative25A hand mirror backed with a bronze depiction of a medusa26Pallid leather gloves crafted with ivory fingernails27Dice made from the knuckles of a notorious charlatan28A ring of keys for forgotten locks29Nails from the coffin of a murderer30A key to the family crypt31A bouquet of funerary flowers that always looks and smells fresh32A switch used to discipline you as a child33A music box that plays by itself whenever someone holding it dances34A walking cane with an iron ferrule that strikes sparks on stone35A flag from a ship lost at sea36A porcelain doll's head that always seems to be looking at you37A wolf's head wrought in silver that is also a whistle38A small mirror that shows a much older version of the viewer39A small, worn book of children's nursery rhymes40A mummified raven claw41A broken pendant of a silver dragon that's always cold to the touch42A small locked box that quietly hums a lovely melody at night, but you always forget it in the morning43An inkwell that makes one a little nauseous when staring at it44An old doll made from a dark, dense wood and missing a hand and a foot45A black executioner's hood46A pouch made of flesh, with a sinew drawstring47A tiny spool of black thread that never runs out48A tiny clockwork figurine of a dancer that's missing a gear and doesn't work49A black wooden pipe that creates puffs of smoke that look like skulls50A vial of perfume, the scent of which only certain creatures can detect51A stone that emits a single endless sigh52A rag doll with two red dots on its neck53A spring-loaded toy with a missing crank54A mason jar containing a harmless but agitated, animate ooze55A black wooden die with 1's on all the faces56A child's portrait with ""born"" written on the back, along with next year's date57A dagger-sized shark tooth58A finger that's taken root in a small pot59A toolbox containing the remains of a dangerous but broken clockwork arachnid60A pitcher-sized, opalescent snail shell that occasionally, inexplicably shudders or tips over61The logbook of an ice-breaking ship called The Haifisch62A small portrait of you as a child, alongside your identically dressed twin63A silver pocket watch with thirteen hours marked on the face64A woodcut of a wolf devouring its own hind leg65A planchette etched with raven skulls66A moist coral figurine of a lamprey with arms, legs, and a bipedal stance67A bronze fingertrap sculpted with roaring tigers68A pearl necklace that turns red under the full moon69A fossil of a fish with humanoid features70A plague doctor's mask71A paper talisman with smudged ink72A locket containing the smeared image of an eyeless figure73A canopic jar with a lid sculpted like a goat74A jack-o'-lantern made from a small, pale gourd75A single high-heeled, iron shoe76A candle made from a severed hand77A clockwork device that beats like a heart78A blank masquerade mask79A glass eye with a live worm inside80A sheet with two eyeholes cut in it81The deed to someplace called Tergeron Manor82An ornate, wax-sealed crimson envelope that resists all attempts to open it83A mourning veil trimmed in black lace84A straitjacket covered in charcoal runes85A tattered, burlap mask with a crooked smile painted on it86A green ribbon designed to be worn as a choker87Dentures with mismatched, sharpened teeth88A warm, fist-sized egg case89A copper ring with ""mine"" engraved on the inside90A glass ampoule containing a neon green fluid91An eye patch embroidered with a holy symbol92A severed big toe with a nail that continues to grow93A journal that has been heavily redacted94A glove with a mouth-like design stitched on the palm95An ornate but empty reliquary made of silver and fractured glass96A ceramic figure of a cat with too many eyes97A crumpled paper ticket bearing the words ""admit none""98An electrum coin with your face on one side99A shrunken gremishka head that twitches when anyone casts magic nearby100A sunburst amulet with a red stone at the center"
"Hunting Rifle","DMG'24","73","none","Weapon, Modern, Martial Weapon, Ranged Weapon, Firearm","","2d10 Piercing","Ammunition (80/240 ft.; Firearm Bullet), Reload (5 shots), Two‑Handed","Mastery: Slow","8 lb.","","Range. A Range weapon has a range in parentheses after the Ammunition or Thrown property. The range lists two numbers. The first is the weapon's normal range in feet, and the second is the weapon's long range. When attacking a target beyond normal range, you have Disadvantage on the attack roll. You can't attack a target beyond the long range. Ammunition. Firearm Bullets are destroyed upon use in a modern firearm. Futuristic firearms use Energy Cells that become depleted but could possibly be recharged with the proper equipment, at the GM's discretion. Reload. You can make a limited number of shots with a Reload weapon. You must then reload the weapon as an action or a Bonus Action. Two-Handed. A Two-Handed weapon requires two hands when you attack with it. Mastery: Slow. If you hit a creature with this weapon and deal damage to it, you can reduce its Speed by 10 feet until the start of your next turn. If the creature is hit more than once by weapons that have this property, the Speed reduction doesn't exceed 10 feet."
"Hunting Trap","PHB'24","226","none","Adventuring Gear","","","","","25 lb.","5 GP","As a Utilize action, you can set a Hunting Trap, which is a sawtooth steel ring that snaps shut when a creature steps on a pressure plate in the center. The trap is affixed by a heavy chain to an immobile object, such as a tree or a spike driven into the ground. A creature that steps on the plate must succeed on a DC 13 Dexterity saving throw or take 1d4 Piercing damage and have its Speed reduced to 0 until the start of its next turn. Thereafter, until the creature breaks free of the trap, its movement is limited by the length of the chain (typically 3 feet). A creature can use its action to make a DC 13 Strength (Athletics) check, freeing itself or another creature within its reach on a success. Each failed check deals 1 Piercing damage to the trapped creature."
"Icewind Dale Trinket","IDRotF","263","none","Adventuring Gear","","","","","","","Icewind Dale Trinketsd100Trinket01-04A small wooden figurine of a yawning walrus, painted in red and black05-08A pair of scrimshaw cufflinks with an image of a fisherman on a boat engraved on them09-12A small iron key with a frayed blue and gold cord tied to it13-16A small illustrated book of Northlander myths that has pages missing17-20A damaged scrimshaw cameo depicting a merfolk21-24A stone from a burial cairn with a tiny Dwarvish rune carved into it25-28A ripped cloth sail with a symbol you don't recognize29-32An Ulu knife with a scrimshaw handle33-36A jar containing an unidentifiable, sweet, sticky substance37-40A delicate glass ball painted with snowflakes, capped by a metal loop with a tiny hook attached to it41-44An expedition log with missing pages and a pressed flower used as a bookmark45-48An owl figurine carved from whalebone49-52A sewing box that smells of old wood and has three spools of blue thread inside53-56A scrimshaw-handled ink pen with black runic designs along its length57-60A brooch made from a small insect encased in amber61-64A scrimshaw pepper shaker etched with the letter W65-68An old, wooden-handled ice pick stained with blood that won't wash off69-72A fabric doll bearing an angry expression73-76A set of wind chimes made from seashells77-80A beautiful silver tin that, when opened, emits the smell of rotting fish81-84A bloodstained dreamcatcher made from fishing line, gold wire, and snowy owlbear feathers85-88A figurine of a polar bear made of ice that never melts89-92A snow globe that doesn't need to be shaken93-96A piece of sea glass shaped like a unicorn's horn97-00A dark blue scarf that gets lighter in shade the higher the altitude of the wearer"
"Ink","PHB'24","226","none","Adventuring Gear","","","","","","10 GP","Ink comes in a 1-ounce bottle, which provides enough ink to write about 500 pages."
"Ink Pen","PHB'24","226","none","Adventuring Gear","","","","","","2 CP","Using Ink, an Ink Pen is used to write or draw."
"Insect Repellent (block of incense)","ToA","32","none","Adventuring Gear","","","","","","1 SP","Insect repellent can be purchased in Port Nyanzaru in two forms: blocks of incense or a greasy salve. The merchant prince Kwayothé controls the sale of both. Neither kind of repellent protects against giant insects or the vile swarms of insects described in appendix A of the Monster Manual.When lit, it burns for 8 hours and repels normal insects within a 20-foot-radius centered on it."
"Insect Repellent (greasy salve)","ToA","32","none","Adventuring Gear","","","","","","1 GP","Insect repellent can be purchased in Port Nyanzaru in two forms: blocks of incense or a greasy salve. The merchant prince Kwayothé controls the sale of both. Neither kind of repellent protects against giant insects or the vile swarms of insects described in appendix A of the Monster Manual.A gourd or vial of salve contains 20 applications of odorless grease. One application protects its wearer against normal insects for 24 hours. The salve is waterproof so it doesn't wash off in rain."
"Iron","DMG'24","213","none","Trade Good","","","","","1 lb.","1 SP","Merchants commonly exchange trade goods without using currency."
"Iron Ball","IDRotF","238","unknown","Weapon, Simple Weapon, Ranged Weapon","","1d4 Bludgeoning","finesse, thrown (120 ft.)","","","","This ball is used to play a game of Chain Lightning. Range. A weapon that can be used to make a ranged attack has a range shown in parentheses after the ammunition or thrown property. The range lists two numbers. The first is the weapon's normal range in feet, and the second indicates the weapon's maximum range. When attacking a target beyond normal range, you have disadvantage on the attack roll. You can't attack a target beyond the weapon's long range. Finesse. When making an attack with a finesse weapon, you use your choice of your Strength or Dexterity modifier for the attack and damage rolls. You must use the same modifier for both rolls. Thrown. If a weapon has the thrown property, you can throw the weapon to make a ranged attack. If the weapon is a melee weapon, you use the same ability modifier for that attack roll and damage roll that you would use for a melee attack with the weapon. For example, if you throw a handaxe, you use your Strength, but if you throw a dagger, you can use either your Strength or your Dexterity, since the dagger has the finesse property."
"Iron Pot","PHB'24","228","none","Adventuring Gear","","","","","10 lb.","2 GP","An Iron Pot holds up to 1 gallon."
"Iron Spike","PHB'24","228","none","Adventuring Gear","","","","","½ lb.","1 SP","Iron Spikes come in bundles of ten. As a Utilize action, you can use a blunt object, such as a Light Hammer, to hammer a spike into wood, earth, or a similar material. You can do so to jam a door shut or to then tie a Rope or Chain to the Spike."
"Iron Spikes","PHB'24","228","none","Adventuring Gear","","","","","5 lb.","1 GP","Iron Spikes come in bundles of ten. As a Utilize action, you can use a blunt object, such as a Light Hammer, to hammer a spike into wood, earth, or a similar material. You can do so to jam a door shut or to then tie a Rope or Chain to the Spike."
"Ivana's Whisper","VRGR","83","unknown","Adventuring Gear, Poison (Inhaled)","","","","","","","This poison bears a distinct scent and chemical message from Ivana Boritsi. A creature subjected to this poison must succeed on a DC 18 Constitution saving throw or experience the effects of a dream spell created by Ivana the next time they sleep. This poison is nonmagical, and Ivana doesn't directly communicate with those affected during the dream. Rather, she creates the illusion of speaking with her intended target by alchemically crafting her message, predicting her target's reactions, and chemically encoding in her responses. She wears this poison as a perfume or hides it within gift bouquets, allowing it to convey her message later."
"Jacinth","DMG'24","214","none","Treasure (Gemstone)","","","","","","5.000 GP","A fiery orange gemstone.Gemstones are small, lightweight, and easily secured compared to their same value in coins."
"Jade","DMG'24","214","none","Treasure (Gemstone)","","","","","","100 GP","A light green, deep green, or white gemstone.Gemstones are small, lightweight, and easily secured compared to their same value in coins."
"Jade game board with gold playing pieces","DMG'24","215","none","Treasure (Art Object)","","","","","","7.500 GP","Idols cast of solid gold, necklaces studded with precious stones, paintings of ancient kings, bejeweled dishes—art objects include all these and more."
"Jasper","DMG'24","214","none","Treasure (Gemstone)","","","","","","50 GP","A blue, black, or brown gemstone.Gemstones are small, lightweight, and easily secured compared to their same value in coins."
"Javelin","PHB'24","215","none","Weapon, Simple Weapon, Melee Weapon","","1d6 Piercing","Thrown (30/120 ft.)","Mastery: Slow","2 lb.","5 SP","Thrown. If a weapon has the Thrown property, you can throw the weapon to make a ranged attack, and you can draw that weapon as part of the attack. If the weapon is a Melee weapon, use the same ability modifier for the attack and damage rolls that you use for a melee attack with that weapon. Mastery: Slow. If you hit a creature with this weapon and deal damage to it, you can reduce its Speed by 10 feet until the start of your next turn. If the creature is hit more than once by weapons that have this property, the Speed reduction doesn't exceed 10 feet."
"Jet","DMG'24","214","none","Treasure (Gemstone)","","","","","","100 GP","A deep black gemstone.Gemstones are small, lightweight, and easily secured compared to their same value in coins."
"Jeweled anklet","DMG'24","215","none","Treasure (Art Object)","","","","","","2.500 GP","Idols cast of solid gold, necklaces studded with precious stones, paintings of ancient kings, bejeweled dishes—art objects include all these and more."
"Jeweled gold crown","DMG'24","215","none","Treasure (Art Object)","","","","","","7.500 GP","Idols cast of solid gold, necklaces studded with precious stones, paintings of ancient kings, bejeweled dishes—art objects include all these and more."
"Jeweled platinum ring","DMG'24","215","none","Treasure (Art Object)","","","","","","7.500 GP","Idols cast of solid gold, necklaces studded with precious stones, paintings of ancient kings, bejeweled dishes—art objects include all these and more."
"Jeweler's Tools","PHB'24","220","none","Artisan's Tools","","","","","2 lb.","25 GP","Ability: IntelligenceUtilize: Discern a gem's value (DC 15)Craft: Arcane Focus, Holy SymbolArtisan's Tools are each focused on crafting items and pursuing a trade. Each type of Artisan's Tools tools requires a separate proficiency.If you have proficiency with a tool, add your Proficiency Bonus to any ability check you make that uses the tool. If you have proficiency in a skill that's used with that check, you have Advantage on the check too."
"Jug","PHB'24","226","none","Adventuring Gear","","","","","4 lb.","2 CP","A Jug holds up to 1 gallon."
"Keelboat","PHB'24","230","none","Vehicle (Water)","","Speed: 1 mphCarrying Capacity: 1/2 ton cargo, 6 passengersCrew 1, AC 15, HP 100, Damage Threshold 10","","","","3.000 GP","Speed. A ship sailing against a strong wind moves at half speed. In a dead calm (no wind), waterborne ships can't move under sail and must be rowed. Keelboats and Rowboats are used on lakes and rivers. If going downstream, add the speed of the current (typically 3 miles per hour) to the speed of the vehicle. These vehicles can't be rowed against any significant current, but they can be pulled upstream by draft animals on the shores. A Rowboat can be carried and weighs 100 pounds. Crew. A ship larger than a Keelboat or Rowboat needs a crew of skilled hirelings (see ""Services"") to function. The minimum number of skilled hirelings needed to crew a ship depends on the type of ship. Passengers. The number of Small and Medium passengers the ship can accommodate using hammocks. A ship outfitted with private accommodations can carry one-fifth as many passengers. A passenger usually pays 5 SP per day for a hammock, but prices can vary from ship to ship. A small private cabin usually costs 2 GP per day. Damage Threshold. See the rules glossary. Ship Repair. Repairs to a damaged ship can be made while the vessel is berthed. Repairing 1 Hit Point of damage requires 1 day and costs 20 GP for materials and labor. If the repairs are made in a location where supplies and skilled labor are abundant, such as a city shipyard, the repair time and cost are halved."
"Khyber Trinket","ERLW","135","none","Adventuring Gear","","","","","","","Trinkets from Khyberd10Trinket1A pressed flower with vivid green petals; when you smell it, you hear eerie music2A tiny ball of putty; if you set it down, it begins to slowly crawl around3A perpetually warm disk of dark iron4A small journal with leathery pages; any words you write in it slowly disappear5A four-sided die carved with strange markings6A cameo with the silhouette of an unknown species7A preserved finger with purple flesh and four joints8A perfectly preserved eye; if you set it down, it rotates to follow your movement9A small box; when opened, you alone hear screaming10A preserved insect; you've never seen another like it"
"Ladder","PHB'24","226","none","Adventuring Gear","","","","","25 lb.","1 SP","A Ladder is 10 feet tall. You must climb to move up or down it."
"Lamp","PHB'24","226","none","Adventuring Gear","","","","","1 lb.","5 SP","A Lamp burns Oil as fuel to cast Bright Light in a 15-foot radius and Dim Light for an additional 30 feet."
"Lance","PHB'24","215","none","Weapon, Martial Weapon, Melee Weapon","","1d10 Piercing","Heavy, Reach, Two‑Handed (unless mounted)","Mastery: Topple","6 lb.","10 GP","A Lance requires two hands to wield when you aren't mounted. Heavy. You have Disadvantage on attack rolls with a Heavy weapon if it's a Melee weapon and your Strength score isn't at least 13 or if it's a Ranged weapon and your Dexterity score isn't at least 13. Reach. A Reach weapon adds 5 feet to your reach when you attack with it, as well as when determining your reach for Opportunity Attacks with it. Two-Handed. A Two-Handed weapon requires two hands when you attack with it. Mastery: Topple. If you hit a creature with this weapon, you can force the creature to make a Constitution saving throw (DC 8 plus the ability modifier used to make the attack roll and your Proficiency Bonus). On a failed save, the creature has the Prone condition."
"Lapis Lazuli","DMG'24","214","none","Treasure (Gemstone)","","","","","","10 GP","A light and dark blue with yellow flecks gemstone.Gemstones are small, lightweight, and easily secured compared to their same value in coins."
"Laser Pistol","DMG'24","73","none","Weapon, Futuristic, Martial Weapon, Ranged Weapon, Firearm","","3d6 Radiant","Ammunition (40/120 ft.; Energy Cell), Reload (50 shots)","Mastery: Vex","2 lb.","","Range. A Range weapon has a range in parentheses after the Ammunition or Thrown property. The range lists two numbers. The first is the weapon's normal range in feet, and the second is the weapon's long range. When attacking a target beyond normal range, you have Disadvantage on the attack roll. You can't attack a target beyond the long range. Ammunition. Firearm Bullets are destroyed upon use in a modern firearm. Futuristic firearms use Energy Cells that become depleted but could possibly be recharged with the proper equipment, at the GM's discretion. Reload. You can make a limited number of shots with a Reload weapon. You must then reload the weapon as an action or a Bonus Action. Mastery: Vex. If you hit a creature with this weapon and deal damage to the creature, you have Advantage on your next attack roll against that creature before the end of your next turn."
"Laser Rifle","DMG'24","73","none","Weapon, Futuristic, Martial Weapon, Ranged Weapon, Firearm","","3d8 Radiant","Ammunition (100/300 ft.; Energy Cell), Reload (30 shots), Two‑Handed","Mastery: Slow","7 lb.","","Range. A Range weapon has a range in parentheses after the Ammunition or Thrown property. The range lists two numbers. The first is the weapon's normal range in feet, and the second is the weapon's long range. When attacking a target beyond normal range, you have Disadvantage on the attack roll. You can't attack a target beyond the long range. Ammunition. Firearm Bullets are destroyed upon use in a modern firearm. Futuristic firearms use Energy Cells that become depleted but could possibly be recharged with the proper equipment, at the GM's discretion. Reload. You can make a limited number of shots with a Reload weapon. You must then reload the weapon as an action or a Bonus Action. Two-Handed. A Two-Handed weapon requires two hands when you attack with it. Mastery: Slow. If you hit a creature with this weapon and deal damage to it, you can reduce its Speed by 10 feet until the start of your next turn. If the creature is hit more than once by weapons that have this property, the Speed reduction doesn't exceed 10 feet."
"Leather Armor","PHB'24","219","none","Light Armor","","AC 11 + Dex","","","10 lb.","10 GP",""
"Leatherworker's Tools","PHB'24","221","none","Artisan's Tools","","","","","5 lb.","5 GP","Ability: DexterityUtilize: Add a design to a leather item (DC 10)Craft: Sling, Whip, Hide Armor, Leather Armor, Studded Leather Armor, Backpack, Crossbow Bolt Case, Map or Scroll Case, Parchment, Pouch, Quiver, WaterskinArtisan's Tools are each focused on crafting items and pursuing a trade. Each type of Artisan's Tools tools requires a separate proficiency.If you have proficiency with a tool, add your Proficiency Bonus to any ability check you make that uses the tool. If you have proficiency in a skill that's used with that check, you have Advantage on the check too."
"Light Crossbow","PHB'24","215","none","Weapon, Simple Weapon, Ranged Weapon","","1d8 Piercing","Ammunition (Range 80/320 ft.; Bolt), Loading, Two‑Handed","Mastery: Slow","5 lb.","25 GP","Range. A Range weapon has a range in parentheses after the Ammunition or Thrown property. The range lists two numbers. The first is the weapon's normal range in feet, and the second is the weapon's long range. When attacking a target beyond normal range, you have Disadvantage on the attack roll. You can't attack a target beyond the long range. Ammunition. You can use a weapon that has the Ammunition property to make a ranged attack only if you have ammunition to fire from it. The type of ammunition required is specified with the weapon's range. Each attack expends one piece of ammunition. Drawing the ammunition is part of the attack (you need a free hand to load a one-handed weapon). After a fight, you can spend 1 minute to recover half the ammunition (round down) you used in the fight; the rest is lost. Loading. You can fire only one piece of ammunition from a Loading weapon when you use an action, a Bonus Action, or a Reaction to fire it, regardless of the number of attacks you can normally make. Two-Handed. A Two-Handed weapon requires two hands when you attack with it. Mastery: Slow. If you hit a creature with this weapon and deal damage to it, you can reduce its Speed by 10 feet until the start of your next turn. If the creature is hit more than once by weapons that have this property, the Speed reduction doesn't exceed 10 feet."
"Light Hammer","PHB'24","215","none","Weapon, Simple Weapon, Melee Weapon","","1d4 Bludgeoning","Light, Thrown (20/60 ft.)","Mastery: Nick","2 lb.","2 GP","Light. When you take the Attack action on your turn and attack with a Light weapon, you can make one extra attack as a Bonus Action later on the same turn. That extra attack must be made with a different Light weapon, and you don't add your ability modifier to the extra attack's damage unless that modifier is negative. For example, you can attack with a Shortsword in one hand and a Dagger in the other using the Attack action and a Bonus Action, but you don't add your Strength or Dexterity modifier to the damage roll of the Bonus Action unless that modifier is negative. Thrown. If a weapon has the Thrown property, you can throw the weapon to make a ranged attack, and you can draw that weapon as part of the attack. If the weapon is a Melee weapon, use the same ability modifier for the attack and damage rolls that you use for a melee attack with that weapon. Mastery: Nick. When you make the extra attack of the Light property, you can make it as part of the Attack action instead of as a Bonus Action. You can make this extra attack only once per turn."
"Linen (1 sq. yd.)","DMG'24","213","none","Trade Good","","","","","","5 GP","Merchants commonly exchange trade goods without using currency."
"Lock","PHB'24","226","none","Adventuring Gear","","","","","1 lb.","10 GP","A Lock comes with a key. Without the key, a creature can use Thieves' Tools to pick this Lock with a successful DC 15 Dexterity (Sleight of Hand) check."
"Lolth's Sting","DMG'24","91","none","Adventuring Gear, Poison (Injury)","","","","","","200 GP","A creature subjected to Lolth's Sting must succeed on a DC 13 Constitution saving throw or have the Poisoned condition for 1 hour. If the creature fails the save by 5 or more, the creature also has the Unconscious condition while Poisoned in this way. The creature wakes up if it takes damage or if another creature takes an action to shake it awake."
"Longbow","PHB'24","215","none","Weapon, Martial Weapon, Ranged Weapon","","1d8 Piercing","Ammunition (Range 150/600 ft.; Arrow), Heavy, Two‑Handed","Mastery: Slow","2 lb.","50 GP","Range. A Range weapon has a range in parentheses after the Ammunition or Thrown property. The range lists two numbers. The first is the weapon's normal range in feet, and the second is the weapon's long range. When attacking a target beyond normal range, you have Disadvantage on the attack roll. You can't attack a target beyond the long range. Ammunition. You can use a weapon that has the Ammunition property to make a ranged attack only if you have ammunition to fire from it. The type of ammunition required is specified with the weapon's range. Each attack expends one piece of ammunition. Drawing the ammunition is part of the attack (you need a free hand to load a one-handed weapon). After a fight, you can spend 1 minute to recover half the ammunition (round down) you used in the fight; the rest is lost. Heavy. You have Disadvantage on attack rolls with a Heavy weapon if it's a Melee weapon and your Strength score isn't at least 13 or if it's a Ranged weapon and your Dexterity score isn't at least 13. Two-Handed. A Two-Handed weapon requires two hands when you attack with it. Mastery: Slow. If you hit a creature with this weapon and deal damage to it, you can reduce its Speed by 10 feet until the start of your next turn. If the creature is hit more than once by weapons that have this property, the Speed reduction doesn't exceed 10 feet."
"Longhorn","SCAG","124","none","Instrument","","","","","","","A Faerûnian flute of sophisticated make, found only in areas with skilled artisans, as in great cities or elven enclaves.If you have proficiency with a given musical instrument, you can add your proficiency bonus to any ability checks you make to play music with the instrument. A bard can use a musical instrument as a spellcasting focus. Each type of musical instrument requires a separate proficiency.See the Tool Proficiencies entry for more information.Proficiency with a musical instrument indicates you are familiar with the techniques used to play it. You also have knowledge of some songs commonly performed with that instrument. History. Your expertise aids you in recalling lore related to your instrument. Performance. Your ability to put on a good show is improved when you incorporate an instrument into your act. Compose a Tune. As part of a long rest, you can compose a new tune and lyrics for your instrument. You might use this ability to impress a noble or spread scandalous rumors with a catchy tune.Musical InstrumentActivityDCIdentify a tune10Improvise a tune20"
"Longship","PHB'24","230","none","Vehicle (Water)","","Speed: 3 mphCarrying Capacity: 10 tons cargo, 150 passengersCrew 40, AC 15, HP 300, Damage Threshold 15","","","","10.000 GP","Speed. A ship sailing against a strong wind moves at half speed. In a dead calm (no wind), waterborne ships can't move under sail and must be rowed. Keelboats and Rowboats are used on lakes and rivers. If going downstream, add the speed of the current (typically 3 miles per hour) to the speed of the vehicle. These vehicles can't be rowed against any significant current, but they can be pulled upstream by draft animals on the shores. A Rowboat can be carried and weighs 100 pounds. Crew. A ship larger than a Keelboat or Rowboat needs a crew of skilled hirelings (see ""Services"") to function. The minimum number of skilled hirelings needed to crew a ship depends on the type of ship. Passengers. The number of Small and Medium passengers the ship can accommodate using hammocks. A ship outfitted with private accommodations can carry one-fifth as many passengers. A passenger usually pays 5 SP per day for a hammock, but prices can vary from ship to ship. A small private cabin usually costs 2 GP per day. Damage Threshold. See the rules glossary. Ship Repair. Repairs to a damaged ship can be made while the vessel is berthed. Repairing 1 Hit Point of damage requires 1 day and costs 20 GP for materials and labor. If the repairs are made in a location where supplies and skilled labor are abundant, such as a city shipyard, the repair time and cost are halved."
"Longsword","PHB'24","215","none","Weapon, Martial Weapon, Melee Weapon","","1d8 Slashing","Versatile (1d10)","Mastery: Sap","3 lb.","15 GP","Versatile. A Versatile weapon can be used with one or two hands. A damage value in parentheses appears with the property. The weapon deals that damage when used with two hands to make a melee attack. Mastery: Sap. If you hit a creature with this weapon, that creature has Disadvantage on its next attack roll before the start of your next turn."
"Lute","PHB'24","221","none","Instrument","","","","","2 lb.","35 GP","Ability: CharismaUtilize: Play a known tune (DC 10), or improvise a song (DC 15)If you have proficiency with a tool, add your Proficiency Bonus to any ability check you make that uses the tool. If you have proficiency in a skill that's used with that check, you have Advantage on the check too."
"Lyre","PHB'24","221","none","Instrument","","","","","2 lb.","30 GP","Ability: CharismaUtilize: Play a known tune (DC 10), or improvise a song (DC 15)If you have proficiency with a tool, add your Proficiency Bonus to any ability check you make that uses the tool. If you have proficiency in a skill that's used with that check, you have Advantage on the check too."
"Mace","PHB'24","215","none","Weapon, Simple Weapon, Melee Weapon","","1d6 Bludgeoning","","Mastery: Sap","4 lb.","5 GP","Mastery: Sap. If you hit a creature with this weapon, that creature has Disadvantage on its next attack roll before the start of your next turn."
"Magnifying Glass","PHB'24","226","none","Adventuring Gear","","","","","","100 GP","A Magnifying Glass grants Advantage on any ability check made to appraise or inspect a highly detailed item. Lighting a fire with a Magnifying Glass requires light as bright as sunlight to focus, tinder to ignite, and about 5 minutes for the fire to ignite."
"Malachite","DMG'24","214","none","Treasure (Gemstone)","","","","","","10 GP","A striated light and dark green gemstone.Gemstones are small, lightweight, and easily secured compared to their same value in coins."
"Malice","DMG'24","91","none","Adventuring Gear, Poison (Inhaled)","","","","","","250 GP","A creature subjected to Malice must succeed on a DC 15 Constitution saving throw or have the Poisoned condition for 1 hour. The creature also has the Blinded condition while Poisoned in this way."
"Manacles","PHB'24","226","none","Adventuring Gear","","","","","6 lb.","2 GP","As a Utilize action, you can use Manacles to bind an unwilling Small or Medium creature within 5 feet of yourself that has the Grappled, Incapacitated, or Restrained condition if you succeed on a DC 13 Dexterity (Sleight of Hand) check. While bound, a creature has Disadvantage on attack rolls, and the creature is Restrained if the Manacles are attached to a chain or hook that is fixed in place. Escaping the Manacles requires a successful DC 20 Dexterity (Sleight of Hand) check as an action. Bursting them requires a successful DC 25 Strength (Athletics) check as an action.Each set of Manacles comes with a key. Without the key, a creature can use Thieves' Tools to pick the Manacles' lock with a successful DC 15 Dexterity (Sleight of Hand) check."
"Map","PHB'24","227","none","Adventuring Gear","","","","","","1 GP","If you consult an accurate Map, you gain a +5 bonus to Wisdom (Survival) checks you make to find your way in the place represented on it."
"Map or Scroll Case","PHB'24","224","none","Adventuring Gear","","","","","1 lb.","1 GP","A Map or Scroll Case holds up to 10 sheets of paper or 5 sheets of parchment."
"Mason's Tools","PHB'24","221","none","Artisan's Tools","","","","","8 lb.","10 GP","Ability: StrengthUtilize: Chisel a symbol or hole in stone (DC 10)Craft: Block and TackleArtisan's Tools are each focused on crafting items and pursuing a trade. Each type of Artisan's Tools tools requires a separate proficiency.If you have proficiency with a tool, add your Proficiency Bonus to any ability check you make that uses the tool. If you have proficiency in a skill that's used with that check, you have Advantage on the check too."
"Mastiff","PHB'24","229","none","Mount","","Speed: 40, Carrying Capacity: 195 lb.","","","","25 GP",""
"Maul","PHB'24","215","none","Weapon, Martial Weapon, Melee Weapon","","2d6 Bludgeoning","Heavy, Two‑Handed","Mastery: Topple","10 lb.","10 GP","Heavy. You have Disadvantage on attack rolls with a Heavy weapon if it's a Melee weapon and your Strength score isn't at least 13 or if it's a Ranged weapon and your Dexterity score isn't at least 13. Two-Handed. A Two-Handed weapon requires two hands when you attack with it. Mastery: Topple. If you hit a creature with this weapon, you can force the creature to make a Constitution saving throw (DC 8 plus the ability modifier used to make the attack roll and your Proficiency Bonus). On a failed save, the creature has the Prone condition."
"Menga leaves (1 ounce)","ToA","205","unknown","Adventuring Gear","","","","","1 oz.","2 GP","The dried leaves of a menga bush can be ground, dissolved in a liquid, heated, and ingested. A creature that ingests 1 ounce of menga leaves in this fashion regains 1 hit point. A creature that ingests more than 5 ounces of menga leaves in a 24-hour period gains no additional benefit and must succeed on a DC 11 Constitution saving throw or fall unconscious for 1 hour. The unconscious creature awakens if it takes at least 5 damage on one turn.A healthy menga bush usually has 2d6 ounces of leaves. Once picked, the leaves require 1 day to dry out before they can confer any benefit."
"Midnight Tears","DMG'24","91","none","Adventuring Gear, Poison (Ingested)","","","","","","1.500 GP","A creature that ingests Midnight Tears suffers no effect until the stroke of midnight. Any effect that ends the Poisoned condition neutralizes this poison. If the poison hasn't been neutralized before midnight, the creature makes a DC 17 Constitution saving throw, taking 31 (9d6) Poison damage on a failed save or half as much damage on a successful one."
"Military Saddle","PHB'24","230","none","Tack and Harness","","","","","30 lb.","20 GP","A saddle comes with a bit, a bridle, reins, and any other equipment needed to use the saddle. A Military Saddle gives Advantage on any ability check you make to remain mounted."
"Mirror","PHB'24","227","none","Adventuring Gear","","","","","½ lb.","5 GP","A handheld steel Mirror is useful for personal cosmetics but also for peeking around corners and reflecting light as a signal."
"Monster Hunter's Pack","VRGR","34","none","Adventuring Gear","","","","","48½ lb.","33 GP","Includes:a chesta crowbara hammerthree wooden stakesa holy symbola flask of holy watera set of manaclesa steel mirrora flask of oila tinderbox3 torches"
"Moonstone","DMG'24","214","none","Treasure (Gemstone)","","","","","","50 GP","A white with pale-blue glow gemstone.Gemstones are small, lightweight, and easily secured compared to their same value in coins."
"Moorbounder","EGW","132","none","Mount","","","","","","400 GP","Beasts of burden are common throughout Xhorhas, and often horses and other riding animals are the best or only option. For those who require speed and have a little more coin to spend, the best option is often a moorbounder. However, moorbounders that haven't undergone proper training or established bonds of trust with their masters tend to attack and even eat their riders.Moorbounders can cost anywhere from 300 to 500 gp each. They're often cheaper and more abundant in towns on the wastes than in cities like Rosohna."
"Morningstar","PHB'24","215","none","Weapon, Martial Weapon, Melee Weapon","","1d8 Piercing","","Mastery: Sap","4 lb.","15 GP","Mastery: Sap. If you hit a creature with this weapon, that creature has Disadvantage on its next attack roll before the start of your next turn."
"Moss Agate","DMG'24","214","none","Treasure (Gemstone)","","","","","","10 GP","A pink or yellow white with mossy gray or green markings gemstone.Gemstones are small, lightweight, and easily secured compared to their same value in coins."
"Mournland Trinket","ERLW","222","none","Adventuring Gear","","","","","","","Mournland Trinketsd10Trinket1The favorite childhood toy of one of the adventurers, floating in midair2A tin whistle that makes beautiful colors and patterns magically appear when it's played3A toy lightning rail car4A glass eye5A silver lapel pin of a finely detailed gorgon's head with ruby eyes6A monocle that can be used as a telescope7A six-inch-tall mechanical marmoset in need of minor repairs8A small medallion made of silver, depicting a tower with an eye at the top of it and other smaller eyes embedded in the sides9A cloak pin made of iron in the shape of two hammers joined by a semicircular haft10A wooden dinosaur toy that has movable legs"
"Mule","PHB'24","229","none","Mount","","Speed: 40, Carrying Capacity: 420 lb.","","","","8 GP",""
"Muroosa Balm","EGW","70","none","Adventuring Gear","","","","","","100 GP","This paste made from the muroosa bush is known to help prevent sunburn, but it is also a fire retardant. After spending 1 minute applying a quarter pint of muroosa balm to your skin, you gain resistance against fire damage for 1 hour.A dose of muroosa balm sufficient for treating sunburn costs 1 gp."
"Musical Instrument","SCAG","124","none","Instrument","","","","","","","If you have proficiency with a given musical instrument, you can add your proficiency bonus to any ability checks you make to play music with the instrument. A bard can use a musical instrument as a spellcasting focus. Each type of musical instrument requires a separate proficiency.Multiple variations of this item exist, as listed below:BirdpipesGlaurHand DrumLonghornShawmSonghornTantanThelarrTockenWargongYartingZulkoonSee the Tool Proficiencies entry for more information.Proficiency with a musical instrument indicates you are familiar with the techniques used to play it. You also have knowledge of some songs commonly performed with that instrument. History. Your expertise aids you in recalling lore related to your instrument. Performance. Your ability to put on a good show is improved when you incorporate an instrument into your act. Compose a Tune. As part of a long rest, you can compose a new tune and lyrics for your instrument. You might use this ability to impress a noble or spread scandalous rumors with a catchy tune.Musical InstrumentActivityDCIdentify a tune10Improvise a tune20"
"Musical Instrument","PHB'24","221","none","Instrument","","","","","","","If you have proficiency with a tool, add your Proficiency Bonus to any ability check you make that uses the tool. If you have proficiency in a skill that's used with that check, you have Advantage on the check too.Multiple variations of this item exist, as listed below:BagpipesDrumDulcimerFluteHornLuteLyrePan FluteShawmViol"
"Musket","PHB'24","215","none","Weapon, Martial Weapon, Ranged Weapon, Firearm","","1d12 Piercing","Ammunition (Range 40/120 ft.; Firearm Bullet), Loading, Two‑Handed","Mastery: Slow","10 lb.","500 GP","Range. A Range weapon has a range in parentheses after the Ammunition or Thrown property. The range lists two numbers. The first is the weapon's normal range in feet, and the second is the weapon's long range. When attacking a target beyond normal range, you have Disadvantage on the attack roll. You can't attack a target beyond the long range. Ammunition. You can use a weapon that has the Ammunition property to make a ranged attack only if you have ammunition to fire from it. The type of ammunition required is specified with the weapon's range. Each attack expends one piece of ammunition. Drawing the ammunition is part of the attack (you need a free hand to load a one-handed weapon). After a fight, you can spend 1 minute to recover half the ammunition (round down) you used in the fight; the rest is lost. Loading. You can fire only one piece of ammunition from a Loading weapon when you use an action, a Bonus Action, or a Reaction to fire it, regardless of the number of attacks you can normally make. Two-Handed. A Two-Handed weapon requires two hands when you attack with it. Mastery: Slow. If you hit a creature with this weapon and deal damage to it, you can reduce its Speed by 10 feet until the start of your next turn. If the creature is hit more than once by weapons that have this property, the Speed reduction doesn't exceed 10 feet."
"Narycrash","DSotDQ","188","none","Adventuring Gear","","","","","","","This backpack-sized device holds a balloon-based parachute. If you fall while wearing this device, you can use your reaction to deploy the parachute. Once deployed, the parachute rapidly inflates, and you descend 60 feet per round and take no damage from falling. When you are 10 feet away from the ground, roll a d20. If you roll a 5 or less, the parachute gives out, and you begin to fall normally."
"Navigator's Tools","PHB'24","221","none","Tool","","","","","2 lb.","25 GP","Ability: WisdomUtilize: Plot a course (DC 10), or determine position by stargazing (DC 15)If you have proficiency with a tool, add your Proficiency Bonus to any ability check you make that uses the tool. If you have proficiency in a skill that's used with that check, you have Advantage on the check too."
"Necklace string of small pink pearls","DMG'24","215","none","Treasure (Art Object)","","","","","","2.500 GP","Idols cast of solid gold, necklaces studded with precious stones, paintings of ancient kings, bejeweled dishes—art objects include all these and more."
"Needle","PHB'24","222","none","Ammunition","","","","","0,32 oz.","2 CP","Blowgun needles are used with a weapon that has the ammunition property to make a ranged attack. Each time you attack with the weapon, you expend one piece of ammunition. Drawing the ammunition from a quiver, case, or other container is part of the attack (you need a free hand to load a one-handed weapon). At the end of the battle, you can recover half your expended ammunition by taking a minute to search the battlefield.Needles are typically stored in a Pouch (bought separately)."
"Needles (50)","PHB'24","222","none","Ammunition","","","","","1 lb.","1 GP","Blowgun needles are used with a weapon that has the ammunition property to make a ranged attack. Each time you attack with the weapon, you expend one piece of ammunition. Drawing the ammunition from a quiver, case, or other container is part of the attack (you need a free hand to load a one-handed weapon). At the end of the battle, you can recover half your expended ammunition by taking a minute to search the battlefield.Needles are typically stored in a Pouch (bought separately)."
"Net","PHB'24","227","none","Adventuring Gear","","","","","3 lb.","1 GP","When you take the Attack action, you can replace one of your attacks with throwing a Net. Target a creature you can see within 15 feet of yourself. The target must succeed on a Dexterity saving throw (DC 8 plus your Dexterity modifier and Proficiency Bonus) or have the Restrained condition until it escapes. The target succeeds automatically if it is Huge or larger.To escape, the target or a creature within 5 feet of it must take an action to make a DC 10 Strength (Athletics) check, freeing the Restrained creature on a success. Destroying the Net (AC 10; 5 HP; Immunity to Bludgeoning, Poison, and Psychic damage) also frees the target, ending the effect."
"Obsidian","DMG'24","214","none","Treasure (Gemstone)","","","","","","10 GP","A black gemstone.Gemstones are small, lightweight, and easily secured compared to their same value in coins."
"Obsidian statuette with gold fittings and inlay","DMG'24","215","none","Treasure (Art Object)","","","","","","750 GP","Idols cast of solid gold, necklaces studded with precious stones, paintings of ancient kings, bejeweled dishes—art objects include all these and more."
"Oil","PHB'24","227","none","Adventuring Gear","","","","","1 lb.","1 SP","You can douse a creature, object, or space with Oil or use it as fuel, as detailed below. Dousing a Creature or an Object. When you take the Attack action, you can replace one of your attacks with throwing an Oil flask. Target one creature or object within 20 feet of yourself. The target must succeed on a Dexterity saving throw (DC 8 plus your Dexterity modifier and Proficiency Bonus) or be covered in oil. If the target takes Fire damage before the oil dries (after 1 minute), the target takes an extra 5 Fire damage from burning oil. Dousing a Space. You can take the Utilize action to pour an Oil flask on level ground to cover a 5-foot-square area within 5 feet of yourself. If lit, the oil burns until the end of the turn 2 rounds from when the oil was lit (or 12 seconds) and deals 5 Fire damage to any creature that enters the area or ends its turn there. A creature can take this damage only once per turn. Fuel. Oil serves as fuel for Lamps and Lanterns. Once lit, a flask of Oil burns for 6 hours in a Lamp or Lantern. That duration doesn't need to be consecutive; you can extinguish the burning Oil (as a Utilize action) and rekindle it again until it has burned for a total of 6 hours."
"Oil of Taggit","DMG'24","91","none","Adventuring Gear, Poison (Contact)","","","","","","400 GP","A creature subjected to Oil of Taggit must succeed on a DC 13 Constitution saving throw or have the Poisoned condition for 24 hours. The creature also has the Unconscious condition while Poisoned in this way. It wakes up if it takes damage."
"Old masterpiece painting","DMG'24","215","none","Treasure (Art Object)","","","","","","2.500 GP","Idols cast of solid gold, necklaces studded with precious stones, paintings of ancient kings, bejeweled dishes—art objects include all these and more."
"Olisuba Leaf","EGW","70","none","Adventuring Gear","","","","","","50 GP","These dried leaves of the Olisuba tree, when steeped to make a tea, can help a body recover from strenuous activity. If you drink a dose of Olisuba tea during a long rest, your exhaustion level is reduced by 2 instead of 1 at the end of that long rest."
"Onyx","DMG'24","214","none","Treasure (Gemstone)","","","","","","50 GP","A bands of black and white, or pure black or white gemstone.Gemstones are small, lightweight, and easily secured compared to their same value in coins."
"Opal","DMG'24","214","none","Treasure (Gemstone)","","","","","","1.000 GP","A pale blue with green and golden mottling gemstone.Gemstones are small, lightweight, and easily secured compared to their same value in coins."
"Orb","PHB'24","224","none","Spellcasting Focus","","","","","3 lb.","20 GP","An Arcane Focus takes a specific form and is bejeweled or carved to channel arcane magic. A Sorcerer, Warlock, or Wizard can use such an item as a Spellcasting Focus."
"Ox","DMG'24","213","none","Trade Good","","","","","","15 GP","Merchants commonly exchange trade goods without using currency."
"Padded Armor","PHB'24","219","none","Light Armor","","AC 11 + Dex","","","8 lb.","5 GP","The wearer has Disadvantage on Dexterity (Stealth) checks."
"Painted gold war mask","DMG'24","215","none","Treasure (Art Object)","","","","","","750 GP","Idols cast of solid gold, necklaces studded with precious stones, paintings of ancient kings, bejeweled dishes—art objects include all these and more."
"Painter's Supplies","PHB'24","221","none","Artisan's Tools","","","","","5 lb.","10 GP","Ability: WisdomUtilize: Paint a recognizable image of something you've seen (DC 10)Craft: Druidic Focus, Holy SymbolArtisan's Tools are each focused on crafting items and pursuing a trade. Each type of Artisan's Tools tools requires a separate proficiency.If you have proficiency with a tool, add your Proficiency Bonus to any ability check you make that uses the tool. If you have proficiency in a skill that's used with that check, you have Advantage on the check too."
"Pair of engraved bone dice","DMG'24","215","none","Treasure (Art Object)","","","","","","25 GP","Idols cast of solid gold, necklaces studded with precious stones, paintings of ancient kings, bejeweled dishes—art objects include all these and more."
"Pale Tincture","DMG'24","91","none","Adventuring Gear, Poison (Ingested)","","","","","","250 GP","A creature subjected to Pale Tincture must succeed on a DC 16 Constitution saving throw or take 3 (1d6) Poison damage and have the Poisoned condition. The Poisoned creature repeats the save every 24 hours, taking 3 (1d6) Poison damage on a failed save. The damage the poison deals can't be healed by any means while the creature remains Poisoned. After seven successful saves against the poison, the creature is no longer Poisoned."
"Pan Flute","PHB'24","221","none","Instrument","","","","","2 lb.","12 GP","Ability: CharismaUtilize: Play a known tune (DC 10), or improvise a song (DC 15)If you have proficiency with a tool, add your Proficiency Bonus to any ability check you make that uses the tool. If you have proficiency in a skill that's used with that check, you have Advantage on the check too."
"Paper","PHB'24","227","none","Adventuring Gear","","","","","","2 SP","One sheet of Paper can hold about 250 handwritten words."
"Parchment","PHB'24","227","none","Adventuring Gear","","","","","","1 SP","One sheet of Parchment can hold about 250 handwritten words."
"Pearl","DMG'24","214","none","Treasure (Gemstone)","","","","","","100 GP","A lustrous white, yellow, or pink gemstone.Gemstones are small, lightweight, and easily secured compared to their same value in coins."
"Pepper","DMG'24","213","none","Trade Good","","","","","1 lb.","2 GP","Merchants commonly exchange trade goods without using currency."
"Perfume","PHB'24","227","none","Adventuring Gear","","","","","","5 GP","Perfume comes in a 4-ounce vial. For 1 hour after applying Perfume to yourself, you have Advantage on Charisma (Persuasion) checks made to influence an Indifferent Humanoid within 5 feet of yourself."
"Peridot","DMG'24","214","none","Treasure (Gemstone)","","","","","","500 GP","A rich olive green gemstone.Gemstones are small, lightweight, and easily secured compared to their same value in coins."
"Pig","DMG'24","213","none","Trade Good","","","","","","3 GP","Merchants commonly exchange trade goods without using currency."
"Pike","PHB'24","215","none","Weapon, Martial Weapon, Melee Weapon","","1d10 Piercing","Heavy, Reach, Two‑Handed","Mastery: Push","18 lb.","5 GP","Heavy. You have Disadvantage on attack rolls with a Heavy weapon if it's a Melee weapon and your Strength score isn't at least 13 or if it's a Ranged weapon and your Dexterity score isn't at least 13. Reach. A Reach weapon adds 5 feet to your reach when you attack with it, as well as when determining your reach for Opportunity Attacks with it. Two-Handed. A Two-Handed weapon requires two hands when you attack with it. Mastery: Push. If you hit a creature with this weapon, you can push the creature up to 10 feet straight away from yourself if it is Large or smaller."
"Pistol","PHB'24","215","none","Weapon, Martial Weapon, Ranged Weapon, Firearm","","1d10 Piercing","Ammunition (Range 30/90 ft.; Firearm Bullet), Loading","Mastery: Vex","3 lb.","250 GP","Range. A Range weapon has a range in parentheses after the Ammunition or Thrown property. The range lists two numbers. The first is the weapon's normal range in feet, and the second is the weapon's long range. When attacking a target beyond normal range, you have Disadvantage on the attack roll. You can't attack a target beyond the long range. Ammunition. You can use a weapon that has the Ammunition property to make a ranged attack only if you have ammunition to fire from it. The type of ammunition required is specified with the weapon's range. Each attack expends one piece of ammunition. Drawing the ammunition is part of the attack (you need a free hand to load a one-handed weapon). After a fight, you can spend 1 minute to recover half the ammunition (round down) you used in the fight; the rest is lost. Loading. You can fire only one piece of ammunition from a Loading weapon when you use an action, a Bonus Action, or a Reaction to fire it, regardless of the number of attacks you can normally make. Mastery: Vex. If you hit a creature with this weapon and deal damage to the creature, you have Advantage on your next attack roll against that creature before the end of your next turn."
"Plate Armor","PHB'24","219","none","Heavy Armor","","AC 18","","","65 lb.","1.500 GP","The wearer has Disadvantage on Dexterity (Stealth) checks.If the wearer has a Strength score lower than 15, their speed is reduced by 10 feet."
"Platinum","DMG'24","213","none","Trade Good","","","","","1 lb.","500 GP","Merchants commonly exchange trade goods without using currency."
"Platinum bracelet set with an emerald","DMG'24","215","none","Treasure (Art Object)","","","","","","2.500 GP","Idols cast of solid gold, necklaces studded with precious stones, paintings of ancient kings, bejeweled dishes—art objects include all these and more."
"Playing Cards","PHB'24","221","none","Gaming Set","","","","","","5 SP","Ability: WisdomUtilize: Discern whether someone is cheating (DC 10), or win the game (DC 20)If you have proficiency with a tool, add your Proficiency Bonus to any ability check you make that uses the tool. If you have proficiency in a skill that's used with that check, you have Advantage on the check too."
"Poisoner's Kit","PHB'24","221","none","Tool","","","","","2 lb.","50 GP","Ability: IntelligenceUtilize: Detect a poisoned object (DC 10)Craft: Basic PoisonIf you have proficiency with a tool, add your Proficiency Bonus to any ability check you make that uses the tool. If you have proficiency in a skill that's used with that check, you have Advantage on the check too."
"Pole","PHB'24","228","none","Adventuring Gear","","","","","7 lb.","5 CP","A Pole is 10 feet long. You can use it to touch something up to 10 feet away. If you must make a Strength (Athletics) check as part of a High or Long Jump, you can use the Pole to vault, giving yourself Advantage on the check."
"Pony","PHB'24","229","none","Mount","","Speed: 40, Carrying Capacity: 225 lb.","","","","30 GP",""
"Portable Ram","PHB'24","228","none","Adventuring Gear","","","","","35 lb.","4 GP","You can use a Portable Ram to break down doors. When doing so, you gain a +4 bonus to the Strength check. One other character can help you use the ram, giving you Advantage on this check."
"Potter's Tools","PHB'24","221","none","Artisan's Tools","","","","","3 lb.","10 GP","Ability: IntelligenceUtilize: Discern what a ceramic object held in the past 24 hours (DC 15)Craft: Jug, LampArtisan's Tools are each focused on crafting items and pursuing a trade. Each type of Artisan's Tools tools requires a separate proficiency.If you have proficiency with a tool, add your Proficiency Bonus to any ability check you make that uses the tool. If you have proficiency in a skill that's used with that check, you have Advantage on the check too."
"Pouch","PHB'24","228","none","Adventuring Gear","","","","","1 lb.","5 SP","A Pouch holds up to 6 pounds within one-fifth of a cubic foot."
"Pride Silk","EGW","103","none","Adventuring Gear","","","","","1 lb.","100 GP","The hearty silk unique to the region has long been a point of pride with the locals. When processed and woven properly, the resulting cloth is pride silk: an extremely flexible material with the durability of tanned leather. Pride silk has become a favorite cloth for use on military ship sails, war banners, and other utilitarian applications, but has also gained popularity in affluent circles. High-end clothing made from pride silk is both fashionable and protective, leading many nobles and wealthy merchants to seek full outfits and formal gowns made with it. The tailors skilled enough to create such outfits are few and far between, so while pride silk might be expensive as a raw material, outfits made of the cloth are prohibitively expensive for most common folk."
"Pride Silk Outfit","EGW","103","none","Adventuring Gear","","","","","4 lb.","500 GP","An outfit made of pride silk weighs 4 pounds and costs 500 gp. If you aren't wearing armor, your base Armor Class is 11 + your Dexterity modifier while wearing it."
"Priest's Pack","PHB'24","228","none","Adventuring Gear","","","","","29 lb.","33 GP","A Priest's Pack contains the following items: Backpack, Blanket, Holy Water, Lamp, 7 days of Rations, Robe, and Tinderbox."
"Psychic Blade","PHB'24","136","none","Weapon, Simple Weapon, Melee Weapon","","1d6 Psychic","Finesse, Thrown (60/120 ft.)","Mastery: Vex (you can use this property, and it doesn't count against the number of properties you can use with Weapon Mastery)","","","Finesse. When making an attack with a Finesse weapon, use your choice of your Strength or Dexterity modifier for the attack and damage rolls. You must use the same modifier for both rolls. Thrown. If a weapon has the Thrown property, you can throw the weapon to make a ranged attack, and you can draw that weapon as part of the attack. If the weapon is a Melee weapon, use the same ability modifier for the attack and damage rolls that you use for a melee attack with that weapon. Mastery: Vex. If you hit a creature with this weapon and deal damage to the creature, you have Advantage on your next attack roll against that creature before the end of your next turn."
"Purple Worm Poison","DMG'24","91","none","Adventuring Gear, Poison (Injury)","","","","","","2.000 GP","A creature subjected to Purple Worm Poison makes a DC 21 Constitution saving throw, taking 35 (10d6) Poison damage on a failed save or half as much damage on a successful one."
"Quarterstaff","PHB'24","215","none","Weapon, Simple Weapon, Melee Weapon","","1d6 Bludgeoning","Versatile (1d8)","Mastery: Topple","4 lb.","2 SP","Versatile. A Versatile weapon can be used with one or two hands. A damage value in parentheses appears with the property. The weapon deals that damage when used with two hands to make a melee attack. Mastery: Topple. If you hit a creature with this weapon, you can force the creature to make a Constitution saving throw (DC 8 plus the ability modifier used to make the attack roll and your Proficiency Bonus). On a failed save, the creature has the Prone condition."
"Quartz","DMG'24","214","none","Treasure (Gemstone)","","","","","","50 GP","A white, smoky gray, or yellow gemstone.Gemstones are small, lightweight, and easily secured compared to their same value in coins."
"Quiver","PHB'24","228","none","Adventuring Gear","","","","","1 lb.","1 GP","A Quiver holds up to 20 Arrows."
"Rain Catcher","ToA","32","none","Adventuring Gear","","","","","5 lb.","1 GP","A rain catcher is a simple contraption consisting of a 5-foot-square leather tarp and a wooden frame with legs. When the tarp is stretched across the wooden frame, it forms a basin that can catch 2 gallons of drinking water per inch of rainfall and hold up to 8 gallons. The tarp and wooden frame fold up for easy transport."
"Rapier","PHB'24","215","none","Weapon, Martial Weapon, Melee Weapon","","1d8 Piercing","Finesse","Mastery: Vex","2 lb.","25 GP","Finesse. When making an attack with a Finesse weapon, use your choice of your Strength or Dexterity modifier for the attack and damage rolls. You must use the same modifier for both rolls. Mastery: Vex. If you hit a creature with this weapon and deal damage to the creature, you have Advantage on your next attack roll against that creature before the end of your next turn."
"Rations","PHB'24","228","none","Adventuring Gear","","","","","2 lb.","5 SP","Rations consist of travel-ready food, including jerky, dried fruit, hardtack, and nuts. See ""Malnutrition"" for the risks of not eating."
"Reliquary","PHB'24","226","none","Spellcasting Focus","","","","","2 lb.","5 GP","For a Reliquary to be an effective Holy Symbol, it must be held.A Holy Symbol takes a specific form and is bejeweled or painted to channel divine magic. A Cleric or Paladin can use a Holy Symbol as a Spellcasting Focus."
"Revolver","DMG'24","73","none","Weapon, Modern, Martial Weapon, Ranged Weapon, Firearm","","2d8 Piercing","Ammunition (40/120 ft.; Firearm Bullet), Reload (6 shots)","Mastery: Sap","3 lb.","","Range. A Range weapon has a range in parentheses after the Ammunition or Thrown property. The range lists two numbers. The first is the weapon's normal range in feet, and the second is the weapon's long range. When attacking a target beyond normal range, you have Disadvantage on the attack roll. You can't attack a target beyond the long range. Ammunition. Firearm Bullets are destroyed upon use in a modern firearm. Futuristic firearms use Energy Cells that become depleted but could possibly be recharged with the proper equipment, at the GM's discretion. Reload. You can make a limited number of shots with a Reload weapon. You must then reload the weapon as an action or a Bonus Action. Mastery: Sap. If you hit a creature with this weapon, that creature has Disadvantage on its next attack roll before the start of your next turn."
"Rhodochrosite","DMG'24","214","none","Treasure (Gemstone)","","","","","","10 GP","A light pink gemstone.Gemstones are small, lightweight, and easily secured compared to their same value in coins."
"Riding Horse","PHB'24","229","none","Mount","","Speed: 60, Carrying Capacity: 480 lb.","","","","75 GP",""
"Riding Saddle","PHB'24","230","none","Tack and Harness","","","","","25 lb.","10 GP","A saddle comes with a bit, a bridle, reins, and any other equipment needed to use the saddle."
"Ring Mail","PHB'24","219","none","Heavy Armor","","AC 14","","","40 lb.","30 GP","The wearer has Disadvantage on Dexterity (Stealth) checks."
"Robe","PHB'24","228","none","Adventuring Gear","","","","","4 lb.","1 GP","A Robe has vocational or ceremonial significance. Some events and locations admit only people wearing a Robe bearing certain colors or symbols."
"Rod","PHB'24","224","none","Spellcasting Focus","","","","","2 lb.","10 GP","An Arcane Focus takes a specific form and is bejeweled or carved to channel arcane magic. A Sorcerer, Warlock, or Wizard can use such an item as a Spellcasting Focus."
"Rope","PHB'24","228","none","Adventuring Gear","","","","","5 lb.","1 GP","As a Utilize action, you can tie a knot with Rope if you succeed on a DC 10 Dexterity (Sleight of Hand) check. The Rope can be burst with a successful DC 20 Strength (Athletics) check.You can bind an unwilling creature with the Rope only if the creature has the Grappled, Incapacitated, or Restrained condition. If the creature's legs are bound, the creature has the Restrained condition until it escapes. Escaping the Rope requires the creature to make a successful DC 15 Dexterity (Acrobatics) check as an action."
"Rowboat","PHB'24","230","none","Vehicle (Water)","","Speed: 1½ mphCarrying Capacity: 3 passengersCrew 1, AC 11, HP 50","","","","50 GP","Speed. A ship sailing against a strong wind moves at half speed. In a dead calm (no wind), waterborne ships can't move under sail and must be rowed. Keelboats and Rowboats are used on lakes and rivers. If going downstream, add the speed of the current (typically 3 miles per hour) to the speed of the vehicle. These vehicles can't be rowed against any significant current, but they can be pulled upstream by draft animals on the shores. A Rowboat can be carried and weighs 100 pounds. Crew. A ship larger than a Keelboat or Rowboat needs a crew of skilled hirelings (see ""Services"") to function. The minimum number of skilled hirelings needed to crew a ship depends on the type of ship. Passengers. The number of Small and Medium passengers the ship can accommodate using hammocks. A ship outfitted with private accommodations can carry one-fifth as many passengers. A passenger usually pays 5 SP per day for a hammock, but prices can vary from ship to ship. A small private cabin usually costs 2 GP per day. Damage Threshold. See the rules glossary. Ship Repair. Repairs to a damaged ship can be made while the vessel is berthed. Repairing 1 Hit Point of damage requires 1 day and costs 20 GP for materials and labor. If the repairs are made in a location where supplies and skilled labor are abundant, such as a city shipyard, the repair time and cost are halved."
"Ruby","DMG'24","214","none","Treasure (Gemstone)","","","","","","5.000 GP","A clear red to deep crimson gemstone.Gemstones are small, lightweight, and easily secured compared to their same value in coins."
"Ryath Root","ToA","205","unknown","Adventuring Gear","","","","","","50 GP","Any creature that ingests a ryath root gains 2d4 temporary hit points. A creature that consumes more than one ryath root in a 24-hour period must succeed on a DC 13 Constitution saving throw or suffer the poisoned condition for 1 hour."
"Sack","PHB'24","228","none","Adventuring Gear","","","","","½ lb.","1 CP","A Sack holds up to 30 pounds within 1 cubic foot."
"Saffron","DMG'24","213","none","Trade Good","","","","","1 lb.","15 GP","Merchants commonly exchange trade goods without using currency."
"Sailing Ship","PHB'24","230","none","Vehicle (Water)","","Speed: 2 mphCarrying Capacity: 100 tons cargo, 20 passengersCrew 20, AC 15, HP 300, Damage Threshold 15","","","","10.000 GP","Speed. A ship sailing against a strong wind moves at half speed. In a dead calm (no wind), waterborne ships can't move under sail and must be rowed. Keelboats and Rowboats are used on lakes and rivers. If going downstream, add the speed of the current (typically 3 miles per hour) to the speed of the vehicle. These vehicles can't be rowed against any significant current, but they can be pulled upstream by draft animals on the shores. A Rowboat can be carried and weighs 100 pounds. Crew. A ship larger than a Keelboat or Rowboat needs a crew of skilled hirelings (see ""Services"") to function. The minimum number of skilled hirelings needed to crew a ship depends on the type of ship. Passengers. The number of Small and Medium passengers the ship can accommodate using hammocks. A ship outfitted with private accommodations can carry one-fifth as many passengers. A passenger usually pays 5 SP per day for a hammock, but prices can vary from ship to ship. A small private cabin usually costs 2 GP per day. Damage Threshold. See the rules glossary. Ship Repair. Repairs to a damaged ship can be made while the vessel is berthed. Repairing 1 Hit Point of damage requires 1 day and costs 20 GP for materials and labor. If the repairs are made in a location where supplies and skilled labor are abundant, such as a city shipyard, the repair time and cost are halved."
"Salt","DMG'24","213","none","Trade Good","","","","","1 lb.","5 CP","Merchants commonly exchange trade goods without using currency."
"Sardonyx","DMG'24","214","none","Treasure (Gemstone)","","","","","","50 GP","A bands of red and white gemstone.Gemstones are small, lightweight, and easily secured compared to their same value in coins."
"Sarlona Trinket","ERLW","138","none","Adventuring Gear","","","","","","","Trinkets from Sarlonad8Trinket1A polished crystal sphere; when you clutch it in your fist, a telepathic voice recites a story in your mind2A teardrop pendant made from polished shell; when you hold it, you see the image of a young Riedran man3A six-sided crystal die; when you roll it, you feel a surge of emotion for six seconds4A sealed vial filled with faintly luminescent blue mist5A crystal disk engraved with a labyrinthine pattern6A leather-bound collection of kalashtar poetry called Shards of the Light7A sphere of polished crystal; when you hold it in your palm, you feel that it knows you and understands you8A cup and ball toy; when you successfully catch the ball in the cup, you feel a momentary surge of joy"
"Scale Mail","PHB'24","219","none","Medium Armor","","AC 14 + Dex (max 2)","","","45 lb.","50 GP","The wearer has Disadvantage on Dexterity (Stealth) checks."
"Scholar's Pack","PHB'24","228","none","Adventuring Gear","","","","","22 lb.","40 GP","A Scholar's Pack contains the following items: Backpack, Book, Ink, Ink Pen, Lamp, 10 flasks of Oil, 10 sheets of Parchment, and Tinderbox."
"Scimitar","PHB'24","215","none","Weapon, Martial Weapon, Melee Weapon","","1d6 Slashing","Finesse, Light","Mastery: Nick","3 lb.","25 GP","Finesse. When making an attack with a Finesse weapon, use your choice of your Strength or Dexterity modifier for the attack and damage rolls. You must use the same modifier for both rolls. Light. When you take the Attack action on your turn and attack with a Light weapon, you can make one extra attack as a Bonus Action later on the same turn. That extra attack must be made with a different Light weapon, and you don't add your ability modifier to the extra attack's damage unless that modifier is negative. For example, you can attack with a Shortsword in one hand and a Dagger in the other using the Attack action and a Bonus Action, but you don't add your Strength or Dexterity modifier to the damage roll of the Bonus Action unless that modifier is negative. Mastery: Nick. When you make the extra attack of the Light property, you can make it as part of the Attack action instead of as a Bonus Action. You can make this extra attack only once per turn."
"Semiautomatic Pistol","DMG'24","73","none","Weapon, Modern, Martial Weapon, Ranged Weapon, Firearm","","2d6 Piercing","Ammunition (50/150 ft.; Firearm Bullet), Reload (15 shots)","Mastery: Vex","3 lb.","","Range. A Range weapon has a range in parentheses after the Ammunition or Thrown property. The range lists two numbers. The first is the weapon's normal range in feet, and the second is the weapon's long range. When attacking a target beyond normal range, you have Disadvantage on the attack roll. You can't attack a target beyond the long range. Ammunition. Firearm Bullets are destroyed upon use in a modern firearm. Futuristic firearms use Energy Cells that become depleted but could possibly be recharged with the proper equipment, at the GM's discretion. Reload. You can make a limited number of shots with a Reload weapon. You must then reload the weapon as an action or a Bonus Action. Mastery: Vex. If you hit a creature with this weapon and deal damage to the creature, you have Advantage on your next attack roll against that creature before the end of your next turn."
"Serpent Venom","DMG'24","91","none","Adventuring Gear, Poison (Injury)","","","","","","200 GP","A creature subjected to Serpent Venom must succeed on a DC 11 Constitution saving throw, taking 10 (3d6) Poison damage on a failed save or half as much damage on a successful one."
"Set of gold nesting dolls","DMG'24","215","none","Treasure (Art Object)","","","","","","7.500 GP","Idols cast of solid gold, necklaces studded with precious stones, paintings of ancient kings, bejeweled dishes—art objects include all these and more."
"Shatterstick","BGDIA","99","unknown","Other","","","","","4 lb.","","A shatterstick is a nonmagical, 12-inch-long, 4-pound stake made of blue-tinged infernal iron mined on Cania, the eighth layer of the Nine Hells. When embedded in earth or pounded into solid rock, the stake emits a seismic vibration in a 20-foot radius centered on itself for 1 minute, shaking the ground in that area for the duration. When the effects ends, the shatterstick breaks apart, becoming useless, and all structures within 20 feet of it take 35 (10d6) bludgeoning damage."
"Shawm","SCAG","124","none","Instrument","","","","","","","A double-reed instrument similar to an oboe or a bassoon, popular with gnomes, who have developed some bellows-powered versions.If you have proficiency with a given musical instrument, you can add your proficiency bonus to any ability checks you make to play music with the instrument. A bard can use a musical instrument as a spellcasting focus. Each type of musical instrument requires a separate proficiency.See the Tool Proficiencies entry for more information.Proficiency with a musical instrument indicates you are familiar with the techniques used to play it. You also have knowledge of some songs commonly performed with that instrument. History. Your expertise aids you in recalling lore related to your instrument. Performance. Your ability to put on a good show is improved when you incorporate an instrument into your act. Compose a Tune. As part of a long rest, you can compose a new tune and lyrics for your instrument. You might use this ability to impress a noble or spread scandalous rumors with a catchy tune.Musical InstrumentActivityDCIdentify a tune10Improvise a tune20"
"Shawm","PHB'24","221","none","Instrument","","","","","1 lb.","2 GP","Ability: CharismaUtilize: Play a known tune (DC 10), or improvise a song (DC 15)If you have proficiency with a tool, add your Proficiency Bonus to any ability check you make that uses the tool. If you have proficiency in a skill that's used with that check, you have Advantage on the check too."
"Sheep","DMG'24","213","none","Trade Good","","","","","","2 GP","Merchants commonly exchange trade goods without using currency."
"Shield","PHB'24","219","none","Armor (Shield)","","AC +2","","","6 lb.","10 GP",""
"Shortbow","PHB'24","215","none","Weapon, Simple Weapon, Ranged Weapon","","1d6 Piercing","Ammunition (Range 80/320 ft.; Arrow), Two‑Handed","Mastery: Vex","2 lb.","25 GP","Range. A Range weapon has a range in parentheses after the Ammunition or Thrown property. The range lists two numbers. The first is the weapon's normal range in feet, and the second is the weapon's long range. When attacking a target beyond normal range, you have Disadvantage on the attack roll. You can't attack a target beyond the long range. Ammunition. You can use a weapon that has the Ammunition property to make a ranged attack only if you have ammunition to fire from it. The type of ammunition required is specified with the weapon's range. Each attack expends one piece of ammunition. Drawing the ammunition is part of the attack (you need a free hand to load a one-handed weapon). After a fight, you can spend 1 minute to recover half the ammunition (round down) you used in the fight; the rest is lost. Two-Handed. A Two-Handed weapon requires two hands when you attack with it. Mastery: Vex. If you hit a creature with this weapon and deal damage to the creature, you have Advantage on your next attack roll against that creature before the end of your next turn."
"Shortsword","PHB'24","215","none","Weapon, Martial Weapon, Melee Weapon","","1d6 Piercing","Finesse, Light","Mastery: Vex","2 lb.","10 GP","Finesse. When making an attack with a Finesse weapon, use your choice of your Strength or Dexterity modifier for the attack and damage rolls. You must use the same modifier for both rolls. Light. When you take the Attack action on your turn and attack with a Light weapon, you can make one extra attack as a Bonus Action later on the same turn. That extra attack must be made with a different Light weapon, and you don't add your ability modifier to the extra attack's damage unless that modifier is negative. For example, you can attack with a Shortsword in one hand and a Dagger in the other using the Attack action and a Bonus Action, but you don't add your Strength or Dexterity modifier to the damage roll of the Bonus Action unless that modifier is negative. Mastery: Vex. If you hit a creature with this weapon and deal damage to the creature, you have Advantage on your next attack roll against that creature before the end of your next turn."
"Shotgun","DMG'24","73","none","Weapon, Modern, Martial Weapon, Ranged Weapon, Firearm","","2d8 Piercing","Ammunition (30/90 ft.; Firearm Bullet), Reload (2 shots), Two‑Handed","Mastery: Push","7 lb.","","Range. A Range weapon has a range in parentheses after the Ammunition or Thrown property. The range lists two numbers. The first is the weapon's normal range in feet, and the second is the weapon's long range. When attacking a target beyond normal range, you have Disadvantage on the attack roll. You can't attack a target beyond the long range. Ammunition. Firearm Bullets are destroyed upon use in a modern firearm. Futuristic firearms use Energy Cells that become depleted but could possibly be recharged with the proper equipment, at the GM's discretion. Reload. You can make a limited number of shots with a Reload weapon. You must then reload the weapon as an action or a Bonus Action. Two-Handed. A Two-Handed weapon requires two hands when you attack with it. Mastery: Push. If you hit a creature with this weapon, you can push the creature up to 10 feet straight away from yourself if it is Large or smaller."
"Shovel","PHB'24","228","none","Adventuring Gear","","","","","5 lb.","2 GP","Working for 1 hour, you can use a Shovel to dig a hole that is 5 feet on each side in soil or similar material."
"Sickle","PHB'24","215","none","Weapon, Simple Weapon, Melee Weapon","","1d4 Slashing","Light","Mastery: Nick","2 lb.","1 GP","Light. When you take the Attack action on your turn and attack with a Light weapon, you can make one extra attack as a Bonus Action later on the same turn. That extra attack must be made with a different Light weapon, and you don't add your ability modifier to the extra attack's damage unless that modifier is negative. For example, you can attack with a Shortsword in one hand and a Dagger in the other using the Attack action and a Bonus Action, but you don't add your Strength or Dexterity modifier to the damage roll of the Bonus Action unless that modifier is negative. Mastery: Nick. When you make the extra attack of the Light property, you can make it as part of the Attack action instead of as a Bonus Action. You can make this extra attack only once per turn."
"Signal Whistle","PHB'24","228","none","Adventuring Gear","","","","","","5 CP","When blown as a Utilize action, a Signal Whistle produces a sound that can be heard up to 600 feet away."
"Silk","DMG'24","213","none","Trade Good","","","","","1 lb.","10 GP","Merchants commonly exchange trade goods without using currency."
"Silk vestments with gold embroidery","DMG'24","215","none","Treasure (Art Object)","","","","","","250 GP","Idols cast of solid gold, necklaces studded with precious stones, paintings of ancient kings, bejeweled dishes—art objects include all these and more."
"Silver","DMG'24","213","none","Trade Good","","","","","1 lb.","5 GP","Merchants commonly exchange trade goods without using currency."
"Silver Bar (2-pound)","DMG'24","213","none","Trade Bar","","5 in. long × 2 in. wide × ½ in. thick","","","2 lb.","10 GP","Because large numbers of coins can be difficult to transport and account for, many merchants prefer to use trade bars—ingots of precious metals and alloys (usually silver). These bars are valued by weight."
"Silver Bar (5-pound)","DMG'24","213","none","Trade Bar","","6 in. long × 2 in. wide × 1 in. thick","","","5 lb.","25 GP","Because large numbers of coins can be difficult to transport and account for, many merchants prefer to use trade bars—ingots of precious metals and alloys (usually silver). These bars are valued by weight."
"Silver and gold brooch","DMG'24","215","none","Treasure (Art Object)","","","","","","750 GP","Idols cast of solid gold, necklaces studded with precious stones, paintings of ancient kings, bejeweled dishes—art objects include all these and more."
"Silver chalice set with moonstones","DMG'24","215","none","Treasure (Art Object)","","","","","","750 GP","Idols cast of solid gold, necklaces studded with precious stones, paintings of ancient kings, bejeweled dishes—art objects include all these and more."
"Silver ewer","DMG'24","215","none","Treasure (Art Object)","","","","","","25 GP","Idols cast of solid gold, necklaces studded with precious stones, paintings of ancient kings, bejeweled dishes—art objects include all these and more."
"Silver necklace with a gemstone pendant","DMG'24","215","none","Treasure (Art Object)","","","","","","250 GP","Idols cast of solid gold, necklaces studded with precious stones, paintings of ancient kings, bejeweled dishes—art objects include all these and more."
"Sinda berries (10)","ToA","205","unknown","Adventuring Gear","","","","","","5 GP","These berries are dark brown and bitter. A full-grown sinda berry bush has 4d6 berries growing on it. A bush plucked of all its berries grows new berries in 1d4 months. Picked berries lose their freshness and efficacy after 24 hours.Fresh sinda berries can be eaten raw or crushed and added to a drink to dull the bitterness. A creature that consumes at least ten fresh sinda berries gains advantage on saving throws against disease and poison for the next 24 hours."
"Skyship","EGW","72","none","Vehicle (Air)","","Speed: 10 mphCarrying Capacity: 10 tons cargo, 30 passengersPersonal Travel Cost: 2 gp per mile per passengerShipping Cost: 1 gp per 100 pounds per mileCrew 6-10","","","","100.000 GP","Crew. A ship needs a crew of skilled hirelings to function. As per the Player's Handbook, one skilled hireling costs at least 2 gp per day. The minimum number of skilled hirelings needed to crew a ship depends on the type of vessel.You can track the loyalty of individual crew members or the crew as a whole using the optional loyalty rules in chapter 4 of the Dungeon Master's Guide. If at least half the crew becomes disloyal during a voyage, the crew turns hostile and stages a mutiny. If the ship is berthed, disloyal crew members leave the ship and never return. Passengers. This indicates the number of Small and Medium passengers the ship can accommodate.Accommodations consist of shared hammocks in tight quarters. A ship outfitted with private accommodations can carry one-fifth as many passengers.A passenger is usually expected to pay 5 sp per day for a hammock, but prices can vary from ship to ship. A small private cabin usually costs 2 gp per day. Cargo. The maximum tonnage the ship can carry. Damage Threshold. If a ship has a Damage Threshold, it has immunity to all damage unless it takes an amount of damage equal to or greater than its damage threshold, in which case it takes damage as normal. Any damage that fails to meet or exceed the damage threshold is considered superficial and doesn't reduce the ship's hit points. Ship Repair. Repairs to a damaged ship can be made while the vessel is berthed. Repairing 1 hit point of damage requires 1 day and costs 20 gp for materials and labor."
"Sled","PHB'24","230","none","Vehicle (Land)","","","","","300 lb.","20 GP",""
"Sled Dog","IDRotF","20","none","Mount","","","","","","50 GP","A sled dog (use the wolf stat block in appendix A of the Monster Manual) costs 50 gp and can pull 360 pounds.Sled dogs must take a short rest after pulling a sled for 1 hour; otherwise, they gain one level of exhaustion."
"Sling","PHB'24","215","none","Weapon, Simple Weapon, Ranged Weapon","","1d4 Bludgeoning","Ammunition (Range 30/120 ft.; Sling Bullet)","Mastery: Slow","","1 SP","Range. A Range weapon has a range in parentheses after the Ammunition or Thrown property. The range lists two numbers. The first is the weapon's normal range in feet, and the second is the weapon's long range. When attacking a target beyond normal range, you have Disadvantage on the attack roll. You can't attack a target beyond the long range. Ammunition. You can use a weapon that has the Ammunition property to make a ranged attack only if you have ammunition to fire from it. The type of ammunition required is specified with the weapon's range. Each attack expends one piece of ammunition. Drawing the ammunition is part of the attack (you need a free hand to load a one-handed weapon). After a fight, you can spend 1 minute to recover half the ammunition (round down) you used in the fight; the rest is lost. Mastery: Slow. If you hit a creature with this weapon and deal damage to it, you can reduce its Speed by 10 feet until the start of your next turn. If the creature is hit more than once by weapons that have this property, the Speed reduction doesn't exceed 10 feet."
"Sling Bullet","PHB'24","222","none","Ammunition","","","","","1,2 oz.","0,2 CP","Sling bullets are used with a weapon that has the ammunition property to make a ranged attack. Each time you attack with the weapon, you expend one piece of ammunition. Drawing the ammunition from a quiver, case, or other container is part of the attack (you need a free hand to load a one-handed weapon). At the end of the battle, you can recover half your expended ammunition by taking a minute to search the battlefield.Sling Bullets are typically stored in a Pouch (bought separately)."
"Sling Bullets (20)","PHB'24","222","none","Ammunition","","","","","1½ lb.","4 CP","Sling bullets are used with a weapon that has the ammunition property to make a ranged attack. Each time you attack with the weapon, you expend one piece of ammunition. Drawing the ammunition from a quiver, case, or other container is part of the attack (you need a free hand to load a one-handed weapon). At the end of the battle, you can recover half your expended ammunition by taking a minute to search the battlefield.Sling Bullets are typically stored in a Pouch (bought separately)."
"Smith's Tools","PHB'24","221","none","Artisan's Tools","","","","","8 lb.","20 GP","Ability: StrengthUtilize: Pry open a door or container (DC 20)Craft: Any Melee weapon (except Club, Greatclub, Quarterstaff, and Whip), Medium armor (except Hide), Heavy armor, Ball Bearings, Bucket, Caltrops, Chain, Crowbar, Firearm Bullets, Grappling Hook, Iron Pot, Iron Spikes, Sling BulletsArtisan's Tools are each focused on crafting items and pursuing a trade. Each type of Artisan's Tools tools requires a separate proficiency.If you have proficiency with a tool, add your Proficiency Bonus to any ability check you make that uses the tool. If you have proficiency in a skill that's used with that check, you have Advantage on the check too."
"Smoke Grenade","DMG'24","73","none","Explosive","","","","","2 lb.","50 GP","As an action, you can either throw a grenade at a point up to 60 feet away or use a Grenade Launcher to propel the grenade to a point up to 1,000 feet away. The grenade explodes at that point, creating a particular effect in a 20-foot-radius Sphere.The area of the Sphere is Heavily Obscured by smoke for 1 minute. A strong wind (such as the Gust of Wind spell) disperses the smoke."
"Snowshoes","IDRotF","20","none","Adventuring Gear","","","","","4 lb.","2 GP","Snowshoes reduce the likelihood of their wearer getting stuck in the deep snow."
"Songhorn","SCAG","124","none","Instrument","","","","","","","A recorder, a simple type of flute, usually carved from wood.If you have proficiency with a given musical instrument, you can add your proficiency bonus to any ability checks you make to play music with the instrument. A bard can use a musical instrument as a spellcasting focus. Each type of musical instrument requires a separate proficiency.See the Tool Proficiencies entry for more information.Proficiency with a musical instrument indicates you are familiar with the techniques used to play it. You also have knowledge of some songs commonly performed with that instrument. History. Your expertise aids you in recalling lore related to your instrument. Performance. Your ability to put on a good show is improved when you incorporate an instrument into your act. Compose a Tune. As part of a long rest, you can compose a new tune and lyrics for your instrument. You might use this ability to impress a noble or spread scandalous rumors with a catchy tune.Musical InstrumentActivityDCIdentify a tune10Improvise a tune20"
"Soothsalts","EGW","152","none","Adventuring Gear","","","","","","150 GP","Soothsalts are derived from a naturally occurring crystalline substance discovered throughout the wilds of the Miskath Strand. The crimson crystals have been mined from cavernous veins like those in the mouth of the Miskath Pit and found within smaller geode formations near sites ravaged by the Calamity. Soothsalts are consumed orally in lozenge-sized doses, and frequent users can be identified by the telltale crimson stain around their mouths. A creature subjected to a dose of soothsalts gains advantage on all Intelligence checks for 1d4 hours.For each dose of soothsalts consumed, the creature must succeed on a DC 15 Constitution saving throw or gain one level of exhaustion—an effect which is cumulative with multiple doses."
"Spear","PHB'24","215","none","Weapon, Simple Weapon, Melee Weapon","","1d6 Piercing","Thrown (20/60 ft.), Versatile (1d8)","Mastery: Sap","3 lb.","1 GP","Thrown. If a weapon has the Thrown property, you can throw the weapon to make a ranged attack, and you can draw that weapon as part of the attack. If the weapon is a Melee weapon, use the same ability modifier for the attack and damage rolls that you use for a melee attack with that weapon. Versatile. A Versatile weapon can be used with one or two hands. A damage value in parentheses appears with the property. The weapon deals that damage when used with two hands to make a melee attack. Mastery: Sap. If you hit a creature with this weapon, that creature has Disadvantage on its next attack roll before the start of your next turn."
"Spiked Armor","SCAG","121","unknown","Medium Armor","","AC 14 + Dex (max 2)","","","45 lb.","75 GP","Spiked armor is a rare type of medium armor made by dwarves. It consists of a leather coat and leggings covered with spikes that are usually made of metal.The wearer has Disadvantage on Dexterity (Stealth) checks."
"Spinel","DMG'24","214","none","Treasure (Gemstone)","","","","","","100 GP","A red, red brown, or deep green gemstone.Gemstones are small, lightweight, and easily secured compared to their same value in coins."
"Splint Armor","PHB'24","219","none","Heavy Armor","","AC 17","","","60 lb.","200 GP","The wearer has Disadvantage on Dexterity (Stealth) checks.If the wearer has a Strength score lower than 15, their speed is reduced by 10 feet."
"Sprig of Mistletoe","PHB'24","225","none","Spellcasting Focus","","","","","","1 GP","A Druidic Focus takes a specific form and is carved, tied with ribbon, or painted to channel primal magic. A Druid or Ranger can use such an object as a Spellcasting Focus."
"Spyglass","PHB'24","229","none","Adventuring Gear","","","","","1 lb.","1.000 GP","Objects viewed through a Spyglass are magnified to twice their size."
"Stabling (per day)","PHB'24","230","none","Tack and Harness","","","","","","5 CP",""
"Staff","PHB'24","224","none","Staff, Weapon, Spellcasting Focus, Simple Weapon, Melee Weapon","","1d6 Bludgeoning","versatile (1d8)","Mastery: Topple","4 lb.","5 GP","Versatile. This weapon can be used with one or two hands. A damage value in parentheses appears with the property—the damage when the weapon is used with two hands to make a melee attack.An Arcane Focus takes a specific form and is bejeweled or carved to channel arcane magic. A Sorcerer, Warlock, or Wizard can use such an item as a Spellcasting Focus. Mastery: Topple. If you hit a creature with this weapon, you can force the creature to make a Constitution saving throw (DC 8 plus the ability modifier used to make the attack roll and your Proficiency Bonus). On a failed save, the creature has the Prone condition."
"Star Ruby","DMG'24","214","none","Treasure (Gemstone)","","","","","","1.000 GP","A ruby with white star-shaped center gemstone.Gemstones are small, lightweight, and easily secured compared to their same value in coins."
"Star Sapphire","DMG'24","214","none","Treasure (Gemstone)","","","","","","1.000 GP","A blue sapphire with white star-shaped center gemstone.Gemstones are small, lightweight, and easily secured compared to their same value in coins."
"Star rose quartz","DMG'24","214","none","Treasure (Gemstone)","","","","","","50 GP","A rosy stone with white star-shaped center gemstone.Gemstones are small, lightweight, and easily secured compared to their same value in coins."
"String","PHB'24","229","none","Adventuring Gear","","","","","","1 SP","String is 10 feet long. You can tie a knot in it as a Utilize action."
"Studded Leather Armor","PHB'24","219","none","Light Armor","","AC 12 + Dex","","","13 lb.","45 GP",""
"Survival Mantle","VGM","81","unknown","Medium Armor","","AC 15 + Dex (max 2)","","","40 lb.","","This carapace-like augmentation encases portions of the wearer's shoulders, neck, and chest. A survival mantle is equivalent to a suit of nonmagical half plate armor and takes just as long to don or doff. It can't be worn with other kinds of armor.A creature wearing a survival mantle can breathe normally in any environment (including a vacuum) and has advantage on saving throws against harmful gases (such as those created by a cloudkill spell, a stinking cloud spell, inhaled poisons, and the breath weapons of some dragons).The wearer has Disadvantage on Dexterity (Stealth) checks."
"Tantan","SCAG","124","none","Instrument","","","","","","","A tambourine, a popular instrument with halflings and humans south of the Dalelands.If you have proficiency with a given musical instrument, you can add your proficiency bonus to any ability checks you make to play music with the instrument. A bard can use a musical instrument as a spellcasting focus. Each type of musical instrument requires a separate proficiency.See the Tool Proficiencies entry for more information.Proficiency with a musical instrument indicates you are familiar with the techniques used to play it. You also have knowledge of some songs commonly performed with that instrument. History. Your expertise aids you in recalling lore related to your instrument. Performance. Your ability to put on a good show is improved when you incorporate an instrument into your act. Compose a Tune. As part of a long rest, you can compose a new tune and lyrics for your instrument. You might use this ability to impress a noble or spread scandalous rumors with a catchy tune.Musical InstrumentActivityDCIdentify a tune10Improvise a tune20"
"Tej","ToA","32","none","Food and Drink","","","","","5 lb.","","Tej is an amber-colored, fermented drink made from honey. It's more common and popular in Chult than beer or ale. A mug of tej costs 4 cp in Port Nyanzaru or 6 cp in Fort Beluarian. A 1-gallon cask costs 2 sp in the city or 3 sp at the fort."
"Tent","PHB'24","229","none","Adventuring Gear","","","","","20 lb.","2 GP","A Tent sleeps up to two Small or Medium creatures."
"The Incantations of Iriolarthas","IDRotF","317","unknown","Adventuring Gear","","","","","3 lb.","","The Incantations of Iriolarthas is a weighty spellbook. Its black leather covers have dead, toothy worms glued to them, sheathed in glossy varnish. Set into this morbid display on the front cover is a gold rune that resembles a stylized eye with a pupil shaped like a candle flame—the sigil of Iriolarthas, a Netherese lich.The book contains sixty pages of brittle yellow vellum. Written on these pages are the following wizard spells:1st level: alarm, detect magic, identify, magic missile, shield, Tasha's hideous laughter, thunderwave2nd level: arcane lock, continual flame, invisibility, knock, levitate, Melf's acid arrow, mirror image3rd level: animate dead, bestow curse, clairvoyance, counterspell, dispel magic, fireball, glyph of warding4th level: arcane eye, banishment, blight, dimension door, Evard's black tentacles, phantasmal killer5th level: Bigby's hand, cloudkill, dominate person, planar binding, scrying, telekinesis6th level: create undead, disintegrate, globe of invulnerability, move earth, Otto's irresistible dance7th level: create magen, finger of death, prismatic spray, teleport8th level: demiplane, dominate monster, mind blank, power word stun9th level: blade of disaster, power word kill"
"Theki Root","EGW","70","none","Adventuring Gear","","","","","","3 GP","This thick marsh root tastes bitter but is thought to aid digestive health. When you use an action to consume a dose, you gain advantage on saving throws against the effects of poisonous or toxic substances for 8 hours."
"Thelarr","SCAG","124","none","Instrument","","","","","","","Also known as a whistlecane, a simple and easy-to-make wind instrument cut from a reed. They are so simple, in fact, that skilled bards frequently make and give them away to children—to the parents' delight or regret.If you have proficiency with a given musical instrument, you can add your proficiency bonus to any ability checks you make to play music with the instrument. A bard can use a musical instrument as a spellcasting focus. Each type of musical instrument requires a separate proficiency.See the Tool Proficiencies entry for more information.Proficiency with a musical instrument indicates you are familiar with the techniques used to play it. You also have knowledge of some songs commonly performed with that instrument. History. Your expertise aids you in recalling lore related to your instrument. Performance. Your ability to put on a good show is improved when you incorporate an instrument into your act. Compose a Tune. As part of a long rest, you can compose a new tune and lyrics for your instrument. You might use this ability to impress a noble or spread scandalous rumors with a catchy tune.Musical InstrumentActivityDCIdentify a tune10Improvise a tune20"
"Thieves' Tools","PHB'24","221","none","Tool","","","","","1 lb.","25 GP","Ability: DexterityUtilize: Pick a lock (DC 15), or disarm a trap (DC 15)If you have proficiency with a tool, add your Proficiency Bonus to any ability check you make that uses the tool. If you have proficiency in a skill that's used with that check, you have Advantage on the check too."
"Three-Dragon Ante Set","PHB'24","221","none","Gaming Set","","","","","","1 GP","Ability: WisdomUtilize: Discern whether someone is cheating (DC 10), or win the game (DC 20)If you have proficiency with a tool, add your Proficiency Bonus to any ability check you make that uses the tool. If you have proficiency in a skill that's used with that check, you have Advantage on the check too."
"Tiger Eye","DMG'24","214","none","Treasure (Gemstone)","","","","","","10 GP","A brown with golden center gemstone.Gemstones are small, lightweight, and easily secured compared to their same value in coins."
"Tinderbox","PHB'24","229","none","Adventuring Gear","","","","","1 lb.","5 SP","A Tinderbox is a small container holding flint, fire steel, and tinder (usually dry cloth soaked in light oil) used to kindle a fire. Using it to light a Candle, Lamp, Lantern, or Torch—or anything else with exposed fuel—takes a Bonus Action. Lighting any other fire takes 1 minute."
"Tinker's Tools","PHB'24","221","none","Artisan's Tools","","","","","10 lb.","50 GP","Ability: DexterityUtilize: Assemble a Tiny item composed of scrap, which falls apart in 1 minute (DC 20)Craft: Musket, Pistol, Bell, Bullseye Lantern, Flask, Hooded Lantern, Hunting Trap, Lock, Manacles, Mirror, Shovel, Signal Whistle, TinderboxArtisan's Tools are each focused on crafting items and pursuing a trade. Each type of Artisan's Tools tools requires a separate proficiency.If you have proficiency with a tool, add your Proficiency Bonus to any ability check you make that uses the tool. If you have proficiency in a skill that's used with that check, you have Advantage on the check too."
"Tocken","SCAG","124","none","Instrument","","","","","","","A hanging set of carved oval bells, usually played with a pair of light wooden hammers (or open handed). They are most common in underground cultures, where the resonant tones can carry.If you have proficiency with a given musical instrument, you can add your proficiency bonus to any ability checks you make to play music with the instrument. A bard can use a musical instrument as a spellcasting focus. Each type of musical instrument requires a separate proficiency.See the Tool Proficiencies entry for more information.Proficiency with a musical instrument indicates you are familiar with the techniques used to play it. You also have knowledge of some songs commonly performed with that instrument. History. Your expertise aids you in recalling lore related to your instrument. Performance. Your ability to put on a good show is improved when you incorporate an instrument into your act. Compose a Tune. As part of a long rest, you can compose a new tune and lyrics for your instrument. You might use this ability to impress a noble or spread scandalous rumors with a catchy tune.Musical InstrumentActivityDCIdentify a tune10Improvise a tune20"
"Topaz","DMG'24","214","none","Treasure (Gemstone)","","","","","","500 GP","A golden yellow gemstone.Gemstones are small, lightweight, and easily secured compared to their same value in coins."
"Torch","PHB'24","229","none","Adventuring Gear","","","","","1 lb.","1 CP","A Torch burns for 1 hour, casting Bright Light in a 20-foot radius and Dim Light for an additional 20 feet. When you take the Attack action, you can attack with the Torch, using it as a Simple Melee weapon. On a hit, the target takes 1 Fire damage."
"Torpor","DMG'24","91","none","Adventuring Gear, Poison (Ingested)","","","","","","600 GP","A creature subjected to Torpor poison must succeed on a DC 15 Constitution saving throw or have the Poisoned condition for 4d6 hours. The creature's Speed is halved while the creature is Poisoned in this way."
"Tourmaline","DMG'24","214","none","Treasure (Gemstone)","","","","","","100 GP","A pale green, blue, brown, or red gemstone.Gemstones are small, lightweight, and easily secured compared to their same value in coins."
"Traveler's Clothes","PHB'24","225","none","Adventuring Gear","","","","","4 lb.","2 GP","Traveler's Clothes are resilient garments designed for travel in various environments."
"Trident","PHB'24","215","none","Weapon, Martial Weapon, Melee Weapon","","1d8 Piercing","Thrown (20/60 ft.), Versatile (1d10)","Mastery: Topple","4 lb.","5 GP","Thrown. If a weapon has the Thrown property, you can throw the weapon to make a ranged attack, and you can draw that weapon as part of the attack. If the weapon is a Melee weapon, use the same ability modifier for the attack and damage rolls that you use for a melee attack with that weapon. Versatile. A Versatile weapon can be used with one or two hands. A damage value in parentheses appears with the property. The weapon deals that damage when used with two hands to make a melee attack. Mastery: Topple. If you hit a creature with this weapon, you can force the creature to make a Constitution saving throw (DC 8 plus the ability modifier used to make the attack roll and your Proficiency Bonus). On a failed save, the creature has the Prone condition."
"Trinket","AI","222","none","Adventuring Gear","","","","","","","Worried that you're going to pull out your dead sprite inside a clear glass bottle at a company function only to discover that three other people in the franchise have one as well? Then consider rolling on the Acquisitions Incorporated Trinkets table instead of the table in chapter 5 of the Player's Handbook, to gain a unique trinket at character creation with a bit of Acq Inc flair.Acquisitions Incorporated Trinketsd100Trinket1A perfect skipping stone2Three weighted dice that always roll low3A locket with a picture of Jim Darkmagic4A tiny anvil and smith's hammer5A nonfunctional immovable rod6A DIY acupuncture kit7A stuffed owlbear toy8A diagram for a new war lute9A declaration of war against a nation no one has ever heard of10A pipe that emits green smoke11A glass eye12The centerpiece of a priceless chandelier13A fine cane with a secret compartment14A letter written by Rosie Beestinger15A coin that always lands on its edge16The deed and title to an abandoned windmill and three acres of tillable land that you've never been able to find17A menu from Big Daddy Donaar's Yum Yum Hut18A small purse that screams loudly when opened19A deep-crow-feather quill20A pair of breeches that always smells faintly of honey21A one-armed Viari doll (Apocalypse Dagger accessory missing)22A leather pouch filled with various finger bones of unknown provenance23The collar of your childhood pet, Nutmeg24A seashell that, when pressed to the ear, speaks in flowing rhymes25A recipe book for cooking with mushrooms26One expired coupon for ""A Free Cornerstone""27A portable beehive28Goggles that literally tint everything rose colored29A wand of wonder that allows you to cast only mending30A bracelet woven from mistletoe31A curved claw from an unknown beast that small children are always frightened of32A longsword that can be folded down in 1 minute and hidden in your pocket33A living graft of what you believe to be the World Tree34A tattered scarf with the Acquisitions Incorporated logo35A box containing a torn-up letter36An old contract marked ""Void""37A small pigeon in a cage38An Acquisitions Incorporated ""Green Flame"" foam finger39A ""C"" Team lunchbox40A potted plant that grows different fruit on every branch41A book of adventures for children42An Omin action figure with detachable maul and holy symbol43A pint glass engraved with a picture of a keg robot44A giant hockey puck45A miniature cannon that actually fires46A very fancy red scarf and matching handkerchief47An arrow once shot by Môrgæn48A purple worm toy49A burned doll whose eyes follow you around the room50An infinite inkwell51A band embroidered with the symbol of the Six52A squishy cactus53A velvet blindfold54A dirty figurine of a triceratops that can't be cleaned55A used (and thus nonmagical) noble knife from the Noble Knife56A quill that rotates through all the colors of the rainbow57A twenty-sided die that only rolls the number 458A pointed hat that glows in the dark59A cup that hums when filled with water60A mug fashioned from the skull of someone else's enemy61A small glass jar containing an immortal firefly62A fake mustache made from gnome facial hair63A petrified troll finger64Half of a map65The other half of a map66An unreasonable amount of pocket lint67A dozen flyers for a local gnome food place68Omin Dran's business card69A lock of hair from a changeling70A marble that rolls uphill71A piece of parchment listing a command word for a powerful magic item72A book titled Conversational Giant73A user's manual for an apparatus of Kwalish74A signed head shot of famous bard Spice Caraway75The eye of a basilisk in a crystal box76A postcard from Ravnica77A stamp collection78A small piece of solidified smoke79A six-sided die that sometimes rolls a seven80A left-hand gauntlet81A music box that plays nursery rhymes82A locket that's bigger on the outside than the inside83A potted plant that grows hair instead of leaves84A collection of teeth85A coin whose minting date always shows three years in the future86A green drinking horn taken from a very large bull87A small book containing pressed and dried botanical samples88A hatched chimera egg89A slightly used red bandit mask90A tiny stirge encased in amber91A large bottle of Red Larch Ale that can't be opened92A cane topped with a stylized golden bulldog93A note in your own hand that you don't remember writing94A sprig of herbs from your family's garden95A tankard stolen from the Dran & Courtier96A small, severed tentacle preserved in alcohol97A walnut with a face drawn on it98A small flask of liquid from the Lake of Radiant Mists99An ice cube that never melts00An expertly carved sword hilt with the blade snapped cleanly off"
"Trinket","PHB'24","47","none","Adventuring Gear","","","","","","","When you make your character, you can roll once on the Trinkets table to gain a Tiny trinket, a simple item lightly touched by mystery. The DM might also use this table. It can help stock a room in a dungeon or fill a creature's pockets.Trinkets1d100Trinket01A mummified goblin hand02A crystal that faintly glows in moonlight03A gold coin minted in an unknown land04A diary written in a language you don't know05A brass ring that never tarnishes06An old chess piece made from glass07A pair of knucklebone dice, each with a skull symbol on the side that would normally show six pips08A small idol depicting a nightmarish creature that gives you unsettling dreams when you sleep near it09A lock of someone's hair10The deed for a parcel of land in a realm unknown to you11A 1-ounce block made from an unknown material12A small cloth doll skewered with needles13A tooth from an unknown beast14An enormous scale, perhaps from a dragon15A bright-green feather16An old divination card bearing your likeness17A glass orb filled with moving smoke18A 1-pound egg with a bright-red shell19A pipe that blows bubbles20A glass jar containing a bit of flesh floating in pickling fluid21A gnome-crafted music box that plays a song you dimly remember from your childhood22A wooden statuette of a smug halfling23A brass orb etched with strange runes24A multicolored stone disk25A silver icon of a raven26A bag containing forty-seven teeth, one of which is rotten27A shard of obsidian that always feels warm to the touch28A dragon's talon strung on a leather necklace29A pair of old socks30A blank book whose pages refuse to hold ink, chalk, graphite, or any other marking31A silver badge that is a five-pointed star32A knife that belonged to a relative33A glass vial filled with nail clippings34A rectangular metal device with two tiny metal cups on one end that throws sparks when wet35A white, sequined glove sized for a human36A vest with one hundred tiny pockets37A weightless stone38A sketch of a goblin39An empty glass vial that smells of perfume40A gemstone that looks like a lump of coal when examined by anyone but you41A scrap of cloth from an old banner42A rank insignia from a lost legionnaire43A silver bell without a clapper44A mechanical canary inside a lamp45A miniature chest carved to look like it has numerous feet on the bottom46A dead sprite inside a clear glass bottle47A metal can that has no opening but sounds as if it is filled with liquid, sand, spiders, or broken glass (your choice)48A glass orb filled with water, in which swims a clockwork goldfish49A silver spoon with an M engraved on the handle50A whistle made from gold-colored wood51A dead scarab beetle the size of your hand52Two toy soldiers, one missing a head53A small box filled with different-sized buttons54A candle that can't be lit55A miniature cage with no door56An old key57An indecipherable treasure map58A hilt from a broken sword59A rabbit's foot60A glass eye61A cameo of a hideous person62A silver skull the size of a coin63An alabaster mask64A cone of sticky black incense that stinks65A nightcap that gives you pleasant dreams when you wear it66A single caltrop made from bone67A gold monocle frame without the lens68A 1-inch cube, each side a different color69A crystal doorknob70A packet filled with pink dust71A fragment of a beautiful song, written as musical notes on two pieces of parchment72A silver teardrop earring containing a real teardrop73An eggshell painted with scenes of misery in disturbing detail74A fan that, when unfolded, shows a sleepy cat75A set of bone pipes76A four-leaf clover pressed inside a book discussing manners and etiquette77A sheet of parchment upon which is drawn a mechanical contraption78An ornate scabbard that fits no blade you have found79An invitation to a party where a murder happened80A bronze pentacle with an etching of a rat's head in its center81A purple handkerchief embroidered with the name of an archmage82Half a floor plan for a temple, a castle, or another structure83A bit of folded cloth that, when unfolded, turns into a stylish cap84A receipt of deposit at a bank in a far-off city85A diary with seven missing pages86An empty silver snuffbox bearing the inscription ""dreams"" on its lid87An iron holy symbol devoted to an unknown god88A book about a legendary hero's rise and fall, with the last chapter missing89A vial of dragon blood90An ancient arrow of elven design91A needle that never bends92An ornate brooch of dwarven design93An empty wine bottle bearing a pretty label that says, ""The Wizard of Wines Winery, Red Dragon Crush, 331422-W""94A mosaic tile with a multicolored, glazed surface95A petrified mouse96A black pirate flag adorned with a dragon's skull and crossbones97A tiny mechanical crab or spider that moves about when it's not being observed98A glass jar containing lard with a label that reads, ""Griffon Grease""99A wooden box with a ceramic bottom that holds a living worm with a head on each end of its body00A metal urn containing the ashes of a hero"
"Truth Serum","DMG'24","91","none","Adventuring Gear, Poison (Ingested)","","","","","","150 GP","A creature subjected to Truth Serum must succeed on a DC 11 Constitution saving throw or have the Poisoned condition for 1 hour. The Poisoned creature can't knowingly communicate a lie."
"Turquoise","DMG'24","214","none","Treasure (Gemstone)","","","","","","10 GP","A light blue green gemstone.Gemstones are small, lightweight, and easily secured compared to their same value in coins."
"Vial","PHB'24","229","none","Adventuring Gear","","","","","","1 GP","A Vial holds up to 4 ounces."
"Viol","PHB'24","221","none","Instrument","","","","","1 lb.","30 GP","Ability: CharismaUtilize: Play a known tune (DC 10), or improvise a song (DC 15)If you have proficiency with a tool, add your Proficiency Bonus to any ability check you make that uses the tool. If you have proficiency in a skill that's used with that check, you have Advantage on the check too."
"Wagon","PHB'24","230","none","Vehicle (Land)","","","","","400 lb.","35 GP",""
"Wand","PHB'24","224","none","Spellcasting Focus","","","","","1 lb.","10 GP","An Arcane Focus takes a specific form and is bejeweled or carved to channel arcane magic. A Sorcerer, Warlock, or Wizard can use such an item as a Spellcasting Focus."
"War Pick","PHB'24","215","none","Weapon, Martial Weapon, Melee Weapon","","1d8 Piercing","Versatile (1d10)","Mastery: Sap","2 lb.","5 GP","Versatile. A Versatile weapon can be used with one or two hands. A damage value in parentheses appears with the property. The weapon deals that damage when used with two hands to make a melee attack. Mastery: Sap. If you hit a creature with this weapon, that creature has Disadvantage on its next attack roll before the start of your next turn."
"Wargong","SCAG","124","none","Instrument","","","","","","","A metal gong, traditionally made from a shield, particularly the shield of an enemy. Both goblins and dwarves make and play wargongs, their sound echoing through tunnels in the Underdark.If you have proficiency with a given musical instrument, you can add your proficiency bonus to any ability checks you make to play music with the instrument. A bard can use a musical instrument as a spellcasting focus. Each type of musical instrument requires a separate proficiency.See the Tool Proficiencies entry for more information.Proficiency with a musical instrument indicates you are familiar with the techniques used to play it. You also have knowledge of some songs commonly performed with that instrument. History. Your expertise aids you in recalling lore related to your instrument. Performance. Your ability to put on a good show is improved when you incorporate an instrument into your act. Compose a Tune. As part of a long rest, you can compose a new tune and lyrics for your instrument. You might use this ability to impress a noble or spread scandalous rumors with a catchy tune.Musical InstrumentActivityDCIdentify a tune10Improvise a tune20"
"Warhammer","PHB'24","215","none","Weapon, Martial Weapon, Melee Weapon","","1d8 Bludgeoning","Versatile (1d10)","Mastery: Push","5 lb.","15 GP","Versatile. A Versatile weapon can be used with one or two hands. A damage value in parentheses appears with the property. The weapon deals that damage when used with two hands to make a melee attack. Mastery: Push. If you hit a creature with this weapon, you can push the creature up to 10 feet straight away from yourself if it is Large or smaller."
"Warhorse","PHB'24","229","none","Mount","","Speed: 60, Carrying Capacity: 540 lb.","","","","400 GP",""
"Warship","PHB'24","230","none","Vehicle (Water)","","Speed: 2½ mphCarrying Capacity: 200 tons cargo, 60 passengersCrew 60, AC 15, HP 500, Damage Threshold 20","","","","25.000 GP","Speed. A ship sailing against a strong wind moves at half speed. In a dead calm (no wind), waterborne ships can't move under sail and must be rowed. Keelboats and Rowboats are used on lakes and rivers. If going downstream, add the speed of the current (typically 3 miles per hour) to the speed of the vehicle. These vehicles can't be rowed against any significant current, but they can be pulled upstream by draft animals on the shores. A Rowboat can be carried and weighs 100 pounds. Crew. A ship larger than a Keelboat or Rowboat needs a crew of skilled hirelings (see ""Services"") to function. The minimum number of skilled hirelings needed to crew a ship depends on the type of ship. Passengers. The number of Small and Medium passengers the ship can accommodate using hammocks. A ship outfitted with private accommodations can carry one-fifth as many passengers. A passenger usually pays 5 SP per day for a hammock, but prices can vary from ship to ship. A small private cabin usually costs 2 GP per day. Damage Threshold. See the rules glossary. Ship Repair. Repairs to a damaged ship can be made while the vessel is berthed. Repairing 1 Hit Point of damage requires 1 day and costs 20 GP for materials and labor. If the repairs are made in a location where supplies and skilled labor are abundant, such as a city shipyard, the repair time and cost are halved."
"Waterskin","PHB'24","229","none","Adventuring Gear","","","","","5 lb. (full)","2 SP","A Waterskin holds up to 4 pints. If you don't drink sufficient water, you risk dehydration."
"Weaver's Tools","PHB'24","221","none","Artisan's Tools","","","","","5 lb.","1 GP","Ability: DexterityUtilize: Mend a tear in clothing (DC 10), or sew a Tiny design (DC 10)Craft: Padded Armor, Basket, Bedroll, Blanket, Fine Clothes, Net, Robe, Rope, Sack, String, Tent, Traveler's ClothesArtisan's Tools are each focused on crafting items and pursuing a trade. Each type of Artisan's Tools tools requires a separate proficiency.If you have proficiency with a tool, add your Proficiency Bonus to any ability check you make that uses the tool. If you have proficiency in a skill that's used with that check, you have Advantage on the check too."
"Well-made tapestry that is 10 feet by 10 feet","DMG'24","215","none","Treasure (Art Object)","","","","","","250 GP","Idols cast of solid gold, necklaces studded with precious stones, paintings of ancient kings, bejeweled dishes—art objects include all these and more."
"Wheat","DMG'24","213","none","Trade Good","","","","","1 lb.","1 CP","Merchants commonly exchange trade goods without using currency."
"Whip","PHB'24","215","none","Weapon, Martial Weapon, Melee Weapon","","1d4 Slashing","Finesse, Reach","Mastery: Slow","3 lb.","2 GP","Finesse. When making an attack with a Finesse weapon, use your choice of your Strength or Dexterity modifier for the attack and damage rolls. You must use the same modifier for both rolls. Reach. A Reach weapon adds 5 feet to your reach when you attack with it, as well as when determining your reach for Opportunity Attacks with it. Mastery: Slow. If you hit a creature with this weapon and deal damage to it, you can reduce its Speed by 10 feet until the start of your next turn. If the creature is hit more than once by weapons that have this property, the Speed reduction doesn't exceed 10 feet."
"Wildroot","ToA","205","unknown","Adventuring Gear","","","","","","25 GP","Introducing the juice of a wildroot into a poisoned creature's bloodstream (for example, by rubbing it on an open wound) rids the creature of the poisoned condition. Once used in this way, a wildroot loses this property."
"Willowshade Oil","EGW","70","none","Adventuring Gear","","","","","","30 GP","A dark blue oil can be extracted from the rare fruit of the willowshade plant. A creature can use its action to apply the oil to another creature that has been petrified for less than 1 minute, causing the petrified condition on that creature to end at the start of what would be that creature's next turn."
"Woodcarver's Tools","PHB'24","221","none","Artisan's Tools","","","","","5 lb.","1 GP","Ability: DexterityUtilize: Carve a pattern in wood (DC 10)Craft: Club, Greatclub, Quarterstaff, Ranged weapons (except Pistol, Musket, and Sling), Arcane Focus, Arrows, Bolts, Druidic Focus, Ink Pen, NeedlesArtisan's Tools are each focused on crafting items and pursuing a trade. Each type of Artisan's Tools tools requires a separate proficiency.If you have proficiency with a tool, add your Proficiency Bonus to any ability check you make that uses the tool. If you have proficiency in a skill that's used with that check, you have Advantage on the check too."
"Wooden Staff","PHB'24","225","none","Weapon, Spellcasting Focus, Simple Weapon","","1d6 Bludgeoning","versatile (1d8)","Mastery: Topple","4 lb.","5 GP","Versatile. This weapon can be used with one or two hands. A damage value in parentheses appears with the property—the damage when the weapon is used with two hands to make a melee attack.A Druidic Focus takes a specific form and is carved, tied with ribbon, or painted to channel primal magic. A Druid or Ranger can use such an object as a Spellcasting Focus. Mastery: Topple. If you hit a creature with this weapon, you can force the creature to make a Constitution saving throw (DC 8 plus the ability modifier used to make the attack roll and your Proficiency Bonus). On a failed save, the creature has the Prone condition."
"Wukka Nut","ToA","205","unknown","Adventuring Gear","","","","","","1 GP","These fist-sized nuts grow on wukka trees, which are popular haunts for jaculi, su-monsters, and zorbos. A wukka nut rattles when shaken, causing its shell to shed bright light in a 10-foot radius and dim light for an additional 10 feet. This magical light fades after 1 minute, but shaking the nut again causes the light to reappear. If the shell of the nut is cracked open, it loses its magic."
"Wyvern Poison","DMG'24","91","none","Adventuring Gear, Poison (Injury)","","","","","","1.200 GP","A creature subjected to Wyvern Poison makes a DC 14 Constitution saving throw, taking 24 (7d6) Poison damage on a failed save or half as much damage on a successful one."
"Xen'drik Trinket","ERLW","140","none","Adventuring Gear","","","","","","","Trinkets from Xen'drikd8Trinket1A punched ticket for a voyage from Sharn to Stormreach2A scorpion's barb engraved with a single Elvish letter3A copper coin so big you could use it as a dinner plate4An image of an elf warrior engraved on a giant's tooth5A single page from a giant wizard's spellbook, bearing an incomplete spell6A scrap of parchment, part of a map of Stormreach7A small book titled Feersome Beests of Zendrik8A scrimshaw carving of a sahuagin"
"Yahcha","ToA","205","none","Adventuring Gear","","","","","","1 GP","A yahcha (pronounced YAH-chah) is a harmless, meaty beetle about the size of a human hand, which feeds on worms and maggots. It moves slowly (walking speed 10 feet) and is easy to catch. A creature with blue mist fever that eats a raw or cooked yahcha can immediately make a saving throw with advantage against that disease (see ""Diseases,"" page 40),"
"Yarting","SCAG","124","none","Instrument","","","","","","","A southern instrument from Amn and Calimshan that is a Faerûnian analog to the guitar. Numerous variations have spread across the continent.If you have proficiency with a given musical instrument, you can add your proficiency bonus to any ability checks you make to play music with the instrument. A bard can use a musical instrument as a spellcasting focus. Each type of musical instrument requires a separate proficiency.See the Tool Proficiencies entry for more information.Proficiency with a musical instrument indicates you are familiar with the techniques used to play it. You also have knowledge of some songs commonly performed with that instrument. History. Your expertise aids you in recalling lore related to your instrument. Performance. Your ability to put on a good show is improved when you incorporate an instrument into your act. Compose a Tune. As part of a long rest, you can compose a new tune and lyrics for your instrument. You might use this ability to impress a noble or spread scandalous rumors with a catchy tune.Musical InstrumentActivityDCIdentify a tune10Improvise a tune20"
"Yellow Sapphire","DMG'24","214","none","Treasure (Gemstone)","","","","","","1.000 GP","A fiery yellow or yellow green gemstone.Gemstones are small, lightweight, and easily secured compared to their same value in coins."
"Yew Wand","PHB'24","225","none","Spellcasting Focus","","","","","1 lb.","10 GP","A Druidic Focus takes a specific form and is carved, tied with ribbon, or painted to channel primal magic. A Druid or Ranger can use such an object as a Spellcasting Focus."
"Yklwa","ToA","32","none","Weapon, Simple Weapon, Melee Weapon","","1d8 Piercing","thrown (10/30 ft.)","","3 lb.","1 GP","A yklwa (pronounced YICK-ul-wah) is a simple melee weapon that is the traditional weapon of Chultan warriors. A yklwa consists of a 3-foot wooden shaft with a steel or stone blade up to 18 inches long. Although it has the thrown weapon property, the yklwa is not well balanced for throwing. Thrown. If a weapon has the thrown property, you can throw the weapon to make a ranged attack. If the weapon is a melee weapon, you use the same ability modifier for that attack roll and damage roll that you would use for a melee attack with the weapon. For example, if you throw a handaxe, you use your Strength, but if you throw a dagger, you can use either your Strength or your Dexterity, since the dagger has the finesse property."
"Zabou","ToA","205","none","Adventuring Gear","","","","","","10 GP","Zabou mushrooms feed on offal and the rotting wood of dead trees. If handled carefully, a zabou can be picked or uprooted without causing it to release its spores. If crushed or struck, a zabou releases its spores in a 10-foot-radius sphere. A zabou can also be hurled up to 30 feet away or dropped like a grenade, releasing its cloud of spores on impact. Any creature in that area must succeed on a DC 10 Constitution saving throw or be poisoned for 1 minute. The poisoned creature's skin itches for the duration. The creature can repeat the saving throw at the end of each of its turns, ending the effect on itself on a success."
"Zircon","DMG'24","214","none","Treasure (Gemstone)","","","","","","50 GP","A pale blue green gemstone.Gemstones are small, lightweight, and easily secured compared to their same value in coins."
"Zulkoon","SCAG","124","none","Instrument","","","","","","","A complex pump organ that originated with the zulkirs of Thay, who use it in the casting of their spells. It is considered to have a dramatic, but sinister, sound.If you have proficiency with a given musical instrument, you can add your proficiency bonus to any ability checks you make to play music with the instrument. A bard can use a musical instrument as a spellcasting focus. Each type of musical instrument requires a separate proficiency.See the Tool Proficiencies entry for more information.Proficiency with a musical instrument indicates you are familiar with the techniques used to play it. You also have knowledge of some songs commonly performed with that instrument. History. Your expertise aids you in recalling lore related to your instrument. Performance. Your ability to put on a good show is improved when you incorporate an instrument into your act. Compose a Tune. As part of a long rest, you can compose a new tune and lyrics for your instrument. You might use this ability to impress a noble or spread scandalous rumors with a catchy tune.Musical InstrumentActivityDCIdentify a tune10Improvise a tune20"